,Year,Period,State,Commodity,Data Item,Value
0,2017,JUL,ILLINOIS,CORN,"CORN, GRAIN - PRICE RECEIVED, MEASURED IN $ / BU",3.57
1,2017,JUN,ILLINOIS,CORN,"CORN, GRAIN - PRICE RECEIVED, MEASURED IN $ / BU",3.5
2,2017,MAY,ILLINOIS,CORN,"CORN, GRAIN - PRICE RECEIVED, MEASURED IN $ / BU",3.55
3,2017,APR,ILLINOIS,CORN,"CORN, GRAIN - PRICE RECEIVED, MEASURED IN $ / BU",3.53
4,2017,MAR,ILLINOIS,CORN,"CORN, GRAIN - PRICE RECEIVED, MEASURED IN $ / BU",3.62
5,2017,FEB,ILLINOIS,CORN,"CORN, GRAIN - PRICE RECEIVED, MEASURED IN $ / BU",3.48
6,2017,JAN,ILLINOIS,CORN,"CORN, GRAIN - PRICE RECEIVED, MEASURED IN $ / BU",3.47
7,2016,DEC,ILLINOIS,CORN,"CORN, GRAIN - PRICE RECEIVED, MEASURED IN $ / BU",3.47
8,2016,NOV,ILLINOIS,CORN,"CORN, GRAIN - PRICE RECEIVED, MEASURED IN $ / BU",3.32
9,2016,OCT,ILLINOIS,CORN,"CORN, GRAIN - PRICE RECEIVED, MEASURED IN $ / BU",3.3
10,2016,SEP,ILLINOIS,CORN,"CORN, GRAIN - PRICE RECEIVED, MEASURED IN $ / BU",3.27
11,2016,AUG,ILLINOIS,CORN,"CORN, GRAIN - PRICE RECEIVED, MEASURED IN $ / BU",3.17
12,2016,JUL,ILLINOIS,CORN,"CORN, GRAIN - PRICE RECEIVED, MEASURED IN $ / BU",3.63
13,2016,JUN,ILLINOIS,CORN,"CORN, GRAIN - PRICE RECEIVED, MEASURED IN $ / BU",3.92
14,2016,MAY,ILLINOIS,CORN,"CORN, GRAIN - PRICE RECEIVED, MEASURED IN $ / BU",3.82
15,2016,APR,ILLINOIS,CORN,"CORN, GRAIN - PRICE RECEIVED, MEASURED IN $ / BU",3.67
16,2016,MAR,ILLINOIS,CORN,"CORN, GRAIN - PRICE RECEIVED, MEASURED IN $ / BU",3.67
17,2016,FEB,ILLINOIS,CORN,"CORN, GRAIN - PRICE RECEIVED, MEASURED IN $ / BU",3.63
18,2016,JAN,ILLINOIS,CORN,"CORN, GRAIN - PRICE RECEIVED, MEASURED IN $ / BU",3.73
19,2015,DEC,ILLINOIS,CORN,"CORN, GRAIN - PRICE RECEIVED, MEASURED IN $ / BU",3.79
20,2015,NOV,ILLINOIS,CORN,"CORN, GRAIN - PRICE RECEIVED, MEASURED IN $ / BU",3.7
21,2015,OCT,ILLINOIS,CORN,"CORN, GRAIN - PRICE RECEIVED, MEASURED IN $ / BU",3.7
22,2015,SEP,ILLINOIS,CORN,"CORN, GRAIN - PRICE RECEIVED, MEASURED IN $ / BU",3.69
23,2015,AUG,ILLINOIS,CORN,"CORN, GRAIN - PRICE RECEIVED, MEASURED IN $ / BU",3.63
24,2015,JUL,ILLINOIS,CORN,"CORN, GRAIN - PRICE RECEIVED, MEASURED IN $ / BU",3.85
25,2015,JUN,ILLINOIS,CORN,"CORN, GRAIN - PRICE RECEIVED, MEASURED IN $ / BU",3.65
26,2015,MAY,ILLINOIS,CORN,"CORN, GRAIN - PRICE RECEIVED, MEASURED IN $ / BU",3.62
27,2015,APR,ILLINOIS,CORN,"CORN, GRAIN - PRICE RECEIVED, MEASURED IN $ / BU",3.71
28,2015,MAR,ILLINOIS,CORN,"CORN, GRAIN - PRICE RECEIVED, MEASURED IN $ / BU",3.79
29,2015,FEB,ILLINOIS,CORN,"CORN, GRAIN - PRICE RECEIVED, MEASURED IN $ / BU",3.78
30,2015,JAN,ILLINOIS,CORN,"CORN, GRAIN - PRICE RECEIVED, MEASURED IN $ / BU",3.82
31,2014,DEC,ILLINOIS,CORN,"CORN, GRAIN - PRICE RECEIVED, MEASURED IN $ / BU",3.81
32,2014,NOV,ILLINOIS,CORN,"CORN, GRAIN - PRICE RECEIVED, MEASURED IN $ / BU",3.63
33,2014,OCT,ILLINOIS,CORN,"CORN, GRAIN - PRICE RECEIVED, MEASURED IN $ / BU",3.58
34,2014,SEP,ILLINOIS,CORN,"CORN, GRAIN - PRICE RECEIVED, MEASURED IN $ / BU",3.51
35,2014,AUG,ILLINOIS,CORN,"CORN, GRAIN - PRICE RECEIVED, MEASURED IN $ / BU",3.74
36,2014,JUL,ILLINOIS,CORN,"CORN, GRAIN - PRICE RECEIVED, MEASURED IN $ / BU",4.12
37,2014,JUN,ILLINOIS,CORN,"CORN, GRAIN - PRICE RECEIVED, MEASURED IN $ / BU",4.68
38,2014,MAY,ILLINOIS,CORN,"CORN, GRAIN - PRICE RECEIVED, MEASURED IN $ / BU",4.77
39,2014,APR,ILLINOIS,CORN,"CORN, GRAIN - PRICE RECEIVED, MEASURED IN $ / BU",4.84
40,2014,MAR,ILLINOIS,CORN,"CORN, GRAIN - PRICE RECEIVED, MEASURED IN $ / BU",4.56
41,2014,FEB,ILLINOIS,CORN,"CORN, GRAIN - PRICE RECEIVED, MEASURED IN $ / BU",4.36
42,2014,JAN,ILLINOIS,CORN,"CORN, GRAIN - PRICE RECEIVED, MEASURED IN $ / BU",4.47
43,2013,DEC,ILLINOIS,CORN,"CORN, GRAIN - PRICE RECEIVED, MEASURED IN $ / BU",4.58
44,2013,NOV,ILLINOIS,CORN,"CORN, GRAIN - PRICE RECEIVED, MEASURED IN $ / BU",4.5
45,2013,OCT,ILLINOIS,CORN,"CORN, GRAIN - PRICE RECEIVED, MEASURED IN $ / BU",4.49
46,2013,SEP,ILLINOIS,CORN,"CORN, GRAIN - PRICE RECEIVED, MEASURED IN $ / BU",5.25
47,2013,AUG,ILLINOIS,CORN,"CORN, GRAIN - PRICE RECEIVED, MEASURED IN $ / BU",6.09
48,2013,JUL,ILLINOIS,CORN,"CORN, GRAIN - PRICE RECEIVED, MEASURED IN $ / BU",6.73
49,2013,JUN,ILLINOIS,CORN,"CORN, GRAIN - PRICE RECEIVED, MEASURED IN $ / BU",6.96
50,2013,MAY,ILLINOIS,CORN,"CORN, GRAIN - PRICE RECEIVED, MEASURED IN $ / BU",6.91
51,2013,APR,ILLINOIS,CORN,"CORN, GRAIN - PRICE RECEIVED, MEASURED IN $ / BU",6.89
52,2013,MAR,ILLINOIS,CORN,"CORN, GRAIN - PRICE RECEIVED, MEASURED IN $ / BU",7.14
53,2013,FEB,ILLINOIS,CORN,"CORN, GRAIN - PRICE RECEIVED, MEASURED IN $ / BU",7.05
54,2013,JAN,ILLINOIS,CORN,"CORN, GRAIN - PRICE RECEIVED, MEASURED IN $ / BU",6.87
55,2012,DEC,ILLINOIS,CORN,"CORN, GRAIN - PRICE RECEIVED, MEASURED IN $ / BU",6.73
56,2012,NOV,ILLINOIS,CORN,"CORN, GRAIN - PRICE RECEIVED, MEASURED IN $ / BU",7.07
57,2012,OCT,ILLINOIS,CORN,"CORN, GRAIN - PRICE RECEIVED, MEASURED IN $ / BU",6.84
58,2012,SEP,ILLINOIS,CORN,"CORN, GRAIN - PRICE RECEIVED, MEASURED IN $ / BU",6.84
59,2012,AUG,ILLINOIS,CORN,"CORN, GRAIN - PRICE RECEIVED, MEASURED IN $ / BU",7.58
60,2012,JUL,ILLINOIS,CORN,"CORN, GRAIN - PRICE RECEIVED, MEASURED IN $ / BU",7.3
61,2012,JUN,ILLINOIS,CORN,"CORN, GRAIN - PRICE RECEIVED, MEASURED IN $ / BU",6.43
62,2012,MAY,ILLINOIS,CORN,"CORN, GRAIN - PRICE RECEIVED, MEASURED IN $ / BU",6.39
63,2012,APR,ILLINOIS,CORN,"CORN, GRAIN - PRICE RECEIVED, MEASURED IN $ / BU",6.44
64,2012,MAR,ILLINOIS,CORN,"CORN, GRAIN - PRICE RECEIVED, MEASURED IN $ / BU",6.48
65,2012,FEB,ILLINOIS,CORN,"CORN, GRAIN - PRICE RECEIVED, MEASURED IN $ / BU",6.37
66,2012,JAN,ILLINOIS,CORN,"CORN, GRAIN - PRICE RECEIVED, MEASURED IN $ / BU",6.12
67,2011,DEC,ILLINOIS,CORN,"CORN, GRAIN - PRICE RECEIVED, MEASURED IN $ / BU",5.92
68,2011,NOV,ILLINOIS,CORN,"CORN, GRAIN - PRICE RECEIVED, MEASURED IN $ / BU",5.9
69,2011,OCT,ILLINOIS,CORN,"CORN, GRAIN - PRICE RECEIVED, MEASURED IN $ / BU",5.84
70,2011,SEP,ILLINOIS,CORN,"CORN, GRAIN - PRICE RECEIVED, MEASURED IN $ / BU",6.1
71,2011,AUG,ILLINOIS,CORN,"CORN, GRAIN - PRICE RECEIVED, MEASURED IN $ / BU",6.96
72,2011,JUL,ILLINOIS,CORN,"CORN, GRAIN - PRICE RECEIVED, MEASURED IN $ / BU",6.56
73,2011,JUN,ILLINOIS,CORN,"CORN, GRAIN - PRICE RECEIVED, MEASURED IN $ / BU",6.56
74,2011,MAY,ILLINOIS,CORN,"CORN, GRAIN - PRICE RECEIVED, MEASURED IN $ / BU",6.65
75,2011,APR,ILLINOIS,CORN,"CORN, GRAIN - PRICE RECEIVED, MEASURED IN $ / BU",6.68
76,2011,MAR,ILLINOIS,CORN,"CORN, GRAIN - PRICE RECEIVED, MEASURED IN $ / BU",5.73
77,2011,FEB,ILLINOIS,CORN,"CORN, GRAIN - PRICE RECEIVED, MEASURED IN $ / BU",5.86
78,2011,JAN,ILLINOIS,CORN,"CORN, GRAIN - PRICE RECEIVED, MEASURED IN $ / BU",4.94
79,2010,DEC,ILLINOIS,CORN,"CORN, GRAIN - PRICE RECEIVED, MEASURED IN $ / BU",4.84
80,2010,NOV,ILLINOIS,CORN,"CORN, GRAIN - PRICE RECEIVED, MEASURED IN $ / BU",4.62
81,2010,OCT,ILLINOIS,CORN,"CORN, GRAIN - PRICE RECEIVED, MEASURED IN $ / BU",4.51
82,2010,SEP,ILLINOIS,CORN,"CORN, GRAIN - PRICE RECEIVED, MEASURED IN $ / BU",4.05
83,2010,AUG,ILLINOIS,CORN,"CORN, GRAIN - PRICE RECEIVED, MEASURED IN $ / BU",3.73
84,2010,JUL,ILLINOIS,CORN,"CORN, GRAIN - PRICE RECEIVED, MEASURED IN $ / BU",3.51
85,2010,JUN,ILLINOIS,CORN,"CORN, GRAIN - PRICE RECEIVED, MEASURED IN $ / BU",3.41
86,2010,MAY,ILLINOIS,CORN,"CORN, GRAIN - PRICE RECEIVED, MEASURED IN $ / BU",3.49
87,2010,APR,ILLINOIS,CORN,"CORN, GRAIN - PRICE RECEIVED, MEASURED IN $ / BU",3.42
88,2010,MAR,ILLINOIS,CORN,"CORN, GRAIN - PRICE RECEIVED, MEASURED IN $ / BU",3.53
89,2010,FEB,ILLINOIS,CORN,"CORN, GRAIN - PRICE RECEIVED, MEASURED IN $ / BU",3.48
90,2010,JAN,ILLINOIS,CORN,"CORN, GRAIN - PRICE RECEIVED, MEASURED IN $ / BU",3.63
91,2009,DEC,ILLINOIS,CORN,"CORN, GRAIN - PRICE RECEIVED, MEASURED IN $ / BU",3.57
92,2009,NOV,ILLINOIS,CORN,"CORN, GRAIN - PRICE RECEIVED, MEASURED IN $ / BU",3.55
93,2009,OCT,ILLINOIS,CORN,"CORN, GRAIN - PRICE RECEIVED, MEASURED IN $ / BU",3.59
94,2009,SEP,ILLINOIS,CORN,"CORN, GRAIN - PRICE RECEIVED, MEASURED IN $ / BU",3.27
95,2009,AUG,ILLINOIS,CORN,"CORN, GRAIN - PRICE RECEIVED, MEASURED IN $ / BU",3.32
96,2009,JUL,ILLINOIS,CORN,"CORN, GRAIN - PRICE RECEIVED, MEASURED IN $ / BU",3.56
97,2009,JUN,ILLINOIS,CORN,"CORN, GRAIN - PRICE RECEIVED, MEASURED IN $ / BU",4.01
98,2009,MAY,ILLINOIS,CORN,"CORN, GRAIN - PRICE RECEIVED, MEASURED IN $ / BU",3.95
99,2009,APR,ILLINOIS,CORN,"CORN, GRAIN - PRICE RECEIVED, MEASURED IN $ / BU",3.81
100,2009,MAR,ILLINOIS,CORN,"CORN, GRAIN - PRICE RECEIVED, MEASURED IN $ / BU",3.74
101,2009,FEB,ILLINOIS,CORN,"CORN, GRAIN - PRICE RECEIVED, MEASURED IN $ / BU",3.75
102,2009,JAN,ILLINOIS,CORN,"CORN, GRAIN - PRICE RECEIVED, MEASURED IN $ / BU",4.34
103,2008,DEC,ILLINOIS,CORN,"CORN, GRAIN - PRICE RECEIVED, MEASURED IN $ / BU",4.09
104,2008,NOV,ILLINOIS,CORN,"CORN, GRAIN - PRICE RECEIVED, MEASURED IN $ / BU",4.11
105,2008,OCT,ILLINOIS,CORN,"CORN, GRAIN - PRICE RECEIVED, MEASURED IN $ / BU",4.29
106,2008,SEP,ILLINOIS,CORN,"CORN, GRAIN - PRICE RECEIVED, MEASURED IN $ / BU",4.99
107,2008,AUG,ILLINOIS,CORN,"CORN, GRAIN - PRICE RECEIVED, MEASURED IN $ / BU",5.17
108,2008,JUL,ILLINOIS,CORN,"CORN, GRAIN - PRICE RECEIVED, MEASURED IN $ / BU",5.43
109,2008,JUN,ILLINOIS,CORN,"CORN, GRAIN - PRICE RECEIVED, MEASURED IN $ / BU",5.71
110,2008,MAY,ILLINOIS,CORN,"CORN, GRAIN - PRICE RECEIVED, MEASURED IN $ / BU",5.25
111,2008,APR,ILLINOIS,CORN,"CORN, GRAIN - PRICE RECEIVED, MEASURED IN $ / BU",5.15
112,2008,MAR,ILLINOIS,CORN,"CORN, GRAIN - PRICE RECEIVED, MEASURED IN $ / BU",4.69
113,2008,FEB,ILLINOIS,CORN,"CORN, GRAIN - PRICE RECEIVED, MEASURED IN $ / BU",4.58
114,2008,JAN,ILLINOIS,CORN,"CORN, GRAIN - PRICE RECEIVED, MEASURED IN $ / BU",3.88
115,2007,DEC,ILLINOIS,CORN,"CORN, GRAIN - PRICE RECEIVED, MEASURED IN $ / BU",3.73
116,2007,NOV,ILLINOIS,CORN,"CORN, GRAIN - PRICE RECEIVED, MEASURED IN $ / BU",3.53
117,2007,OCT,ILLINOIS,CORN,"CORN, GRAIN - PRICE RECEIVED, MEASURED IN $ / BU",3.31
118,2007,SEP,ILLINOIS,CORN,"CORN, GRAIN - PRICE RECEIVED, MEASURED IN $ / BU",3.21
119,2007,AUG,ILLINOIS,CORN,"CORN, GRAIN - PRICE RECEIVED, MEASURED IN $ / BU",3.16
120,2007,JUL,ILLINOIS,CORN,"CORN, GRAIN - PRICE RECEIVED, MEASURED IN $ / BU",3.32
121,2007,JUN,ILLINOIS,CORN,"CORN, GRAIN - PRICE RECEIVED, MEASURED IN $ / BU",3.64
122,2007,MAY,ILLINOIS,CORN,"CORN, GRAIN - PRICE RECEIVED, MEASURED IN $ / BU",3.52
123,2007,APR,ILLINOIS,CORN,"CORN, GRAIN - PRICE RECEIVED, MEASURED IN $ / BU",3.48
124,2007,MAR,ILLINOIS,CORN,"CORN, GRAIN - PRICE RECEIVED, MEASURED IN $ / BU",3.52
125,2007,FEB,ILLINOIS,CORN,"CORN, GRAIN - PRICE RECEIVED, MEASURED IN $ / BU",3.44
126,2007,JAN,ILLINOIS,CORN,"CORN, GRAIN - PRICE RECEIVED, MEASURED IN $ / BU",3.01
127,2006,DEC,ILLINOIS,CORN,"CORN, GRAIN - PRICE RECEIVED, MEASURED IN $ / BU",3.0
128,2006,NOV,ILLINOIS,CORN,"CORN, GRAIN - PRICE RECEIVED, MEASURED IN $ / BU",3.02
129,2006,OCT,ILLINOIS,CORN,"CORN, GRAIN - PRICE RECEIVED, MEASURED IN $ / BU",2.62
130,2006,SEP,ILLINOIS,CORN,"CORN, GRAIN - PRICE RECEIVED, MEASURED IN $ / BU",2.21
131,2006,AUG,ILLINOIS,CORN,"CORN, GRAIN - PRICE RECEIVED, MEASURED IN $ / BU",2.15
132,2006,JUL,ILLINOIS,CORN,"CORN, GRAIN - PRICE RECEIVED, MEASURED IN $ / BU",2.28
133,2006,JUN,ILLINOIS,CORN,"CORN, GRAIN - PRICE RECEIVED, MEASURED IN $ / BU",2.28
134,2006,MAY,ILLINOIS,CORN,"CORN, GRAIN - PRICE RECEIVED, MEASURED IN $ / BU",2.26
135,2006,APR,ILLINOIS,CORN,"CORN, GRAIN - PRICE RECEIVED, MEASURED IN $ / BU",2.2
136,2006,MAR,ILLINOIS,CORN,"CORN, GRAIN - PRICE RECEIVED, MEASURED IN $ / BU",2.12
137,2006,FEB,ILLINOIS,CORN,"CORN, GRAIN - PRICE RECEIVED, MEASURED IN $ / BU",2.08
138,2006,JAN,ILLINOIS,CORN,"CORN, GRAIN - PRICE RECEIVED, MEASURED IN $ / BU",2.06
139,2005,DEC,ILLINOIS,CORN,"CORN, GRAIN - PRICE RECEIVED, MEASURED IN $ / BU",2.01
140,2005,NOV,ILLINOIS,CORN,"CORN, GRAIN - PRICE RECEIVED, MEASURED IN $ / BU",1.87
141,2005,OCT,ILLINOIS,CORN,"CORN, GRAIN - PRICE RECEIVED, MEASURED IN $ / BU",1.83
142,2005,SEP,ILLINOIS,CORN,"CORN, GRAIN - PRICE RECEIVED, MEASURED IN $ / BU",1.92
143,2005,AUG,ILLINOIS,CORN,"CORN, GRAIN - PRICE RECEIVED, MEASURED IN $ / BU",2.03
144,2005,JUL,ILLINOIS,CORN,"CORN, GRAIN - PRICE RECEIVED, MEASURED IN $ / BU",2.23
145,2005,JUN,ILLINOIS,CORN,"CORN, GRAIN - PRICE RECEIVED, MEASURED IN $ / BU",2.12
146,2005,MAY,ILLINOIS,CORN,"CORN, GRAIN - PRICE RECEIVED, MEASURED IN $ / BU",2.05
147,2005,APR,ILLINOIS,CORN,"CORN, GRAIN - PRICE RECEIVED, MEASURED IN $ / BU",2.09
148,2005,MAR,ILLINOIS,CORN,"CORN, GRAIN - PRICE RECEIVED, MEASURED IN $ / BU",2.09
149,2005,FEB,ILLINOIS,CORN,"CORN, GRAIN - PRICE RECEIVED, MEASURED IN $ / BU",2.02
150,2005,JAN,ILLINOIS,CORN,"CORN, GRAIN - PRICE RECEIVED, MEASURED IN $ / BU",2.23
151,2004,DEC,ILLINOIS,CORN,"CORN, GRAIN - PRICE RECEIVED, MEASURED IN $ / BU",2.17
152,2004,NOV,ILLINOIS,CORN,"CORN, GRAIN - PRICE RECEIVED, MEASURED IN $ / BU",2.08
153,2004,OCT,ILLINOIS,CORN,"CORN, GRAIN - PRICE RECEIVED, MEASURED IN $ / BU",2.22
154,2004,SEP,ILLINOIS,CORN,"CORN, GRAIN - PRICE RECEIVED, MEASURED IN $ / BU",2.2
155,2004,AUG,ILLINOIS,CORN,"CORN, GRAIN - PRICE RECEIVED, MEASURED IN $ / BU",2.35
156,2004,JUL,ILLINOIS,CORN,"CORN, GRAIN - PRICE RECEIVED, MEASURED IN $ / BU",2.49
157,2004,JUN,ILLINOIS,CORN,"CORN, GRAIN - PRICE RECEIVED, MEASURED IN $ / BU",2.87
158,2004,MAY,ILLINOIS,CORN,"CORN, GRAIN - PRICE RECEIVED, MEASURED IN $ / BU",2.93
159,2004,APR,ILLINOIS,CORN,"CORN, GRAIN - PRICE RECEIVED, MEASURED IN $ / BU",2.97
160,2004,MAR,ILLINOIS,CORN,"CORN, GRAIN - PRICE RECEIVED, MEASURED IN $ / BU",2.77
161,2004,FEB,ILLINOIS,CORN,"CORN, GRAIN - PRICE RECEIVED, MEASURED IN $ / BU",2.65
162,2004,JAN,ILLINOIS,CORN,"CORN, GRAIN - PRICE RECEIVED, MEASURED IN $ / BU",2.37
163,2003,DEC,ILLINOIS,CORN,"CORN, GRAIN - PRICE RECEIVED, MEASURED IN $ / BU",2.34
164,2003,NOV,ILLINOIS,CORN,"CORN, GRAIN - PRICE RECEIVED, MEASURED IN $ / BU",2.21
165,2003,OCT,ILLINOIS,CORN,"CORN, GRAIN - PRICE RECEIVED, MEASURED IN $ / BU",2.13
166,2003,SEP,ILLINOIS,CORN,"CORN, GRAIN - PRICE RECEIVED, MEASURED IN $ / BU",2.18
167,2003,AUG,ILLINOIS,CORN,"CORN, GRAIN - PRICE RECEIVED, MEASURED IN $ / BU",2.16
168,2003,JUL,ILLINOIS,CORN,"CORN, GRAIN - PRICE RECEIVED, MEASURED IN $ / BU",2.2
169,2003,JUN,ILLINOIS,CORN,"CORN, GRAIN - PRICE RECEIVED, MEASURED IN $ / BU",2.39
170,2003,MAY,ILLINOIS,CORN,"CORN, GRAIN - PRICE RECEIVED, MEASURED IN $ / BU",2.43
171,2003,APR,ILLINOIS,CORN,"CORN, GRAIN - PRICE RECEIVED, MEASURED IN $ / BU",2.4
172,2003,MAR,ILLINOIS,CORN,"CORN, GRAIN - PRICE RECEIVED, MEASURED IN $ / BU",2.36
173,2003,FEB,ILLINOIS,CORN,"CORN, GRAIN - PRICE RECEIVED, MEASURED IN $ / BU",2.35
174,2003,JAN,ILLINOIS,CORN,"CORN, GRAIN - PRICE RECEIVED, MEASURED IN $ / BU",2.37
175,2002,DEC,ILLINOIS,CORN,"CORN, GRAIN - PRICE RECEIVED, MEASURED IN $ / BU",2.37
176,2002,NOV,ILLINOIS,CORN,"CORN, GRAIN - PRICE RECEIVED, MEASURED IN $ / BU",2.33
177,2002,OCT,ILLINOIS,CORN,"CORN, GRAIN - PRICE RECEIVED, MEASURED IN $ / BU",2.36
178,2002,SEP,ILLINOIS,CORN,"CORN, GRAIN - PRICE RECEIVED, MEASURED IN $ / BU",2.5
179,2002,AUG,ILLINOIS,CORN,"CORN, GRAIN - PRICE RECEIVED, MEASURED IN $ / BU",2.47
180,2002,JUL,ILLINOIS,CORN,"CORN, GRAIN - PRICE RECEIVED, MEASURED IN $ / BU",2.24
181,2002,JUN,ILLINOIS,CORN,"CORN, GRAIN - PRICE RECEIVED, MEASURED IN $ / BU",2.05
182,2002,MAY,ILLINOIS,CORN,"CORN, GRAIN - PRICE RECEIVED, MEASURED IN $ / BU",2.0
183,2002,APR,ILLINOIS,CORN,"CORN, GRAIN - PRICE RECEIVED, MEASURED IN $ / BU",1.96
184,2002,MAR,ILLINOIS,CORN,"CORN, GRAIN - PRICE RECEIVED, MEASURED IN $ / BU",1.98
185,2002,FEB,ILLINOIS,CORN,"CORN, GRAIN - PRICE RECEIVED, MEASURED IN $ / BU",1.98
186,2002,JAN,ILLINOIS,CORN,"CORN, GRAIN - PRICE RECEIVED, MEASURED IN $ / BU",2.01
187,2001,DEC,ILLINOIS,CORN,"CORN, GRAIN - PRICE RECEIVED, MEASURED IN $ / BU",2.06
188,2001,NOV,ILLINOIS,CORN,"CORN, GRAIN - PRICE RECEIVED, MEASURED IN $ / BU",1.91
189,2001,OCT,ILLINOIS,CORN,"CORN, GRAIN - PRICE RECEIVED, MEASURED IN $ / BU",1.85
190,2001,SEP,ILLINOIS,CORN,"CORN, GRAIN - PRICE RECEIVED, MEASURED IN $ / BU",1.94
191,2001,AUG,ILLINOIS,CORN,"CORN, GRAIN - PRICE RECEIVED, MEASURED IN $ / BU",1.99
192,2001,JUL,ILLINOIS,CORN,"CORN, GRAIN - PRICE RECEIVED, MEASURED IN $ / BU",1.95
193,2001,JUN,ILLINOIS,CORN,"CORN, GRAIN - PRICE RECEIVED, MEASURED IN $ / BU",1.83
194,2001,MAY,ILLINOIS,CORN,"CORN, GRAIN - PRICE RECEIVED, MEASURED IN $ / BU",1.86
195,2001,APR,ILLINOIS,CORN,"CORN, GRAIN - PRICE RECEIVED, MEASURED IN $ / BU",1.92
196,2001,MAR,ILLINOIS,CORN,"CORN, GRAIN - PRICE RECEIVED, MEASURED IN $ / BU",2.0
197,2001,FEB,ILLINOIS,CORN,"CORN, GRAIN - PRICE RECEIVED, MEASURED IN $ / BU",2.0
198,2001,JAN,ILLINOIS,CORN,"CORN, GRAIN - PRICE RECEIVED, MEASURED IN $ / BU",1.97
199,2000,DEC,ILLINOIS,CORN,"CORN, GRAIN - PRICE RECEIVED, MEASURED IN $ / BU",2.03
200,2000,NOV,ILLINOIS,CORN,"CORN, GRAIN - PRICE RECEIVED, MEASURED IN $ / BU",1.92
201,2000,OCT,ILLINOIS,CORN,"CORN, GRAIN - PRICE RECEIVED, MEASURED IN $ / BU",1.8
202,2000,SEP,ILLINOIS,CORN,"CORN, GRAIN - PRICE RECEIVED, MEASURED IN $ / BU",1.64
203,2000,AUG,ILLINOIS,CORN,"CORN, GRAIN - PRICE RECEIVED, MEASURED IN $ / BU",1.54
204,2000,JUL,ILLINOIS,CORN,"CORN, GRAIN - PRICE RECEIVED, MEASURED IN $ / BU",1.66
205,2000,JUN,ILLINOIS,CORN,"CORN, GRAIN - PRICE RECEIVED, MEASURED IN $ / BU",1.89
206,2000,MAY,ILLINOIS,CORN,"CORN, GRAIN - PRICE RECEIVED, MEASURED IN $ / BU",2.2
207,2000,APR,ILLINOIS,CORN,"CORN, GRAIN - PRICE RECEIVED, MEASURED IN $ / BU",2.02
208,2000,MAR,ILLINOIS,CORN,"CORN, GRAIN - PRICE RECEIVED, MEASURED IN $ / BU",2.11
209,2000,FEB,ILLINOIS,CORN,"CORN, GRAIN - PRICE RECEIVED, MEASURED IN $ / BU",2.03
210,2000,JAN,ILLINOIS,CORN,"CORN, GRAIN - PRICE RECEIVED, MEASURED IN $ / BU",1.97
211,1999,DEC,ILLINOIS,CORN,"CORN, GRAIN - PRICE RECEIVED, MEASURED IN $ / BU",1.95
212,1999,NOV,ILLINOIS,CORN,"CORN, GRAIN - PRICE RECEIVED, MEASURED IN $ / BU",1.81
213,1999,OCT,ILLINOIS,CORN,"CORN, GRAIN - PRICE RECEIVED, MEASURED IN $ / BU",1.77
214,1999,SEP,ILLINOIS,CORN,"CORN, GRAIN - PRICE RECEIVED, MEASURED IN $ / BU",1.85
215,1999,AUG,ILLINOIS,CORN,"CORN, GRAIN - PRICE RECEIVED, MEASURED IN $ / BU",1.84
216,1999,JUL,ILLINOIS,CORN,"CORN, GRAIN - PRICE RECEIVED, MEASURED IN $ / BU",1.79
217,1999,JUN,ILLINOIS,CORN,"CORN, GRAIN - PRICE RECEIVED, MEASURED IN $ / BU",2.08
218,1999,MAY,ILLINOIS,CORN,"CORN, GRAIN - PRICE RECEIVED, MEASURED IN $ / BU",2.08
219,1999,APR,ILLINOIS,CORN,"CORN, GRAIN - PRICE RECEIVED, MEASURED IN $ / BU",2.12
220,1999,MAR,ILLINOIS,CORN,"CORN, GRAIN - PRICE RECEIVED, MEASURED IN $ / BU",2.14
221,1999,FEB,ILLINOIS,CORN,"CORN, GRAIN - PRICE RECEIVED, MEASURED IN $ / BU",2.13
222,1999,JAN,ILLINOIS,CORN,"CORN, GRAIN - PRICE RECEIVED, MEASURED IN $ / BU",2.12
223,1998,DEC,ILLINOIS,CORN,"CORN, GRAIN - PRICE RECEIVED, MEASURED IN $ / BU",2.13
224,1998,NOV,ILLINOIS,CORN,"CORN, GRAIN - PRICE RECEIVED, MEASURED IN $ / BU",2.03
225,1998,OCT,ILLINOIS,CORN,"CORN, GRAIN - PRICE RECEIVED, MEASURED IN $ / BU",1.99
226,1998,SEP,ILLINOIS,CORN,"CORN, GRAIN - PRICE RECEIVED, MEASURED IN $ / BU",1.88
227,1998,AUG,ILLINOIS,CORN,"CORN, GRAIN - PRICE RECEIVED, MEASURED IN $ / BU",2.01
228,1998,JUL,ILLINOIS,CORN,"CORN, GRAIN - PRICE RECEIVED, MEASURED IN $ / BU",2.3
229,1998,JUN,ILLINOIS,CORN,"CORN, GRAIN - PRICE RECEIVED, MEASURED IN $ / BU",2.39
230,1998,MAY,ILLINOIS,CORN,"CORN, GRAIN - PRICE RECEIVED, MEASURED IN $ / BU",2.4
231,1998,APR,ILLINOIS,CORN,"CORN, GRAIN - PRICE RECEIVED, MEASURED IN $ / BU",2.49
232,1998,MAR,ILLINOIS,CORN,"CORN, GRAIN - PRICE RECEIVED, MEASURED IN $ / BU",2.65
233,1998,FEB,ILLINOIS,CORN,"CORN, GRAIN - PRICE RECEIVED, MEASURED IN $ / BU",2.67
234,1998,JAN,ILLINOIS,CORN,"CORN, GRAIN - PRICE RECEIVED, MEASURED IN $ / BU",2.68
235,1997,DEC,ILLINOIS,CORN,"CORN, GRAIN - PRICE RECEIVED, MEASURED IN $ / BU",2.65
236,1997,NOV,ILLINOIS,CORN,"CORN, GRAIN - PRICE RECEIVED, MEASURED IN $ / BU",2.61
237,1997,OCT,ILLINOIS,CORN,"CORN, GRAIN - PRICE RECEIVED, MEASURED IN $ / BU",2.64
238,1997,SEP,ILLINOIS,CORN,"CORN, GRAIN - PRICE RECEIVED, MEASURED IN $ / BU",2.68
239,1997,AUG,ILLINOIS,CORN,"CORN, GRAIN - PRICE RECEIVED, MEASURED IN $ / BU",2.65
240,1997,JUL,ILLINOIS,CORN,"CORN, GRAIN - PRICE RECEIVED, MEASURED IN $ / BU",2.49
241,1997,JUN,ILLINOIS,CORN,"CORN, GRAIN - PRICE RECEIVED, MEASURED IN $ / BU",2.64
242,1997,MAY,ILLINOIS,CORN,"CORN, GRAIN - PRICE RECEIVED, MEASURED IN $ / BU",2.8
243,1997,APR,ILLINOIS,CORN,"CORN, GRAIN - PRICE RECEIVED, MEASURED IN $ / BU",2.9
244,1997,MAR,ILLINOIS,CORN,"CORN, GRAIN - PRICE RECEIVED, MEASURED IN $ / BU",2.87
245,1997,FEB,ILLINOIS,CORN,"CORN, GRAIN - PRICE RECEIVED, MEASURED IN $ / BU",2.72
246,1997,JAN,ILLINOIS,CORN,"CORN, GRAIN - PRICE RECEIVED, MEASURED IN $ / BU",2.77
247,1996,DEC,ILLINOIS,CORN,"CORN, GRAIN - PRICE RECEIVED, MEASURED IN $ / BU",2.78
248,1996,NOV,ILLINOIS,CORN,"CORN, GRAIN - PRICE RECEIVED, MEASURED IN $ / BU",2.73
249,1996,OCT,ILLINOIS,CORN,"CORN, GRAIN - PRICE RECEIVED, MEASURED IN $ / BU",2.94
250,1996,SEP,ILLINOIS,CORN,"CORN, GRAIN - PRICE RECEIVED, MEASURED IN $ / BU",3.5
251,1996,AUG,ILLINOIS,CORN,"CORN, GRAIN - PRICE RECEIVED, MEASURED IN $ / BU",4.51
252,1996,JUL,ILLINOIS,CORN,"CORN, GRAIN - PRICE RECEIVED, MEASURED IN $ / BU",4.7
253,1996,JUN,ILLINOIS,CORN,"CORN, GRAIN - PRICE RECEIVED, MEASURED IN $ / BU",4.42
254,1996,MAY,ILLINOIS,CORN,"CORN, GRAIN - PRICE RECEIVED, MEASURED IN $ / BU",4.45
255,1996,APR,ILLINOIS,CORN,"CORN, GRAIN - PRICE RECEIVED, MEASURED IN $ / BU",4.09
256,1996,MAR,ILLINOIS,CORN,"CORN, GRAIN - PRICE RECEIVED, MEASURED IN $ / BU",3.73
257,1996,FEB,ILLINOIS,CORN,"CORN, GRAIN - PRICE RECEIVED, MEASURED IN $ / BU",3.53
258,1996,JAN,ILLINOIS,CORN,"CORN, GRAIN - PRICE RECEIVED, MEASURED IN $ / BU",3.14
259,1995,DEC,ILLINOIS,CORN,"CORN, GRAIN - PRICE RECEIVED, MEASURED IN $ / BU",3.09
260,1995,NOV,ILLINOIS,CORN,"CORN, GRAIN - PRICE RECEIVED, MEASURED IN $ / BU",3.0
261,1995,OCT,ILLINOIS,CORN,"CORN, GRAIN - PRICE RECEIVED, MEASURED IN $ / BU",2.86
262,1995,SEP,ILLINOIS,CORN,"CORN, GRAIN - PRICE RECEIVED, MEASURED IN $ / BU",2.71
263,1995,AUG,ILLINOIS,CORN,"CORN, GRAIN - PRICE RECEIVED, MEASURED IN $ / BU",2.66
264,1995,JUL,ILLINOIS,CORN,"CORN, GRAIN - PRICE RECEIVED, MEASURED IN $ / BU",2.74
265,1995,JUN,ILLINOIS,CORN,"CORN, GRAIN - PRICE RECEIVED, MEASURED IN $ / BU",2.61
266,1995,MAY,ILLINOIS,CORN,"CORN, GRAIN - PRICE RECEIVED, MEASURED IN $ / BU",2.47
267,1995,APR,ILLINOIS,CORN,"CORN, GRAIN - PRICE RECEIVED, MEASURED IN $ / BU",2.43
268,1995,MAR,ILLINOIS,CORN,"CORN, GRAIN - PRICE RECEIVED, MEASURED IN $ / BU",2.32
269,1995,FEB,ILLINOIS,CORN,"CORN, GRAIN - PRICE RECEIVED, MEASURED IN $ / BU",2.26
270,1995,JAN,ILLINOIS,CORN,"CORN, GRAIN - PRICE RECEIVED, MEASURED IN $ / BU",2.2
271,1994,DEC,ILLINOIS,CORN,"CORN, GRAIN - PRICE RECEIVED, MEASURED IN $ / BU",2.17
272,1994,NOV,ILLINOIS,CORN,"CORN, GRAIN - PRICE RECEIVED, MEASURED IN $ / BU",2.0
273,1994,OCT,ILLINOIS,CORN,"CORN, GRAIN - PRICE RECEIVED, MEASURED IN $ / BU",2.03
274,1994,SEP,ILLINOIS,CORN,"CORN, GRAIN - PRICE RECEIVED, MEASURED IN $ / BU",2.18
275,1994,AUG,ILLINOIS,CORN,"CORN, GRAIN - PRICE RECEIVED, MEASURED IN $ / BU",2.17
276,1994,JUL,ILLINOIS,CORN,"CORN, GRAIN - PRICE RECEIVED, MEASURED IN $ / BU",2.31
277,1994,JUN,ILLINOIS,CORN,"CORN, GRAIN - PRICE RECEIVED, MEASURED IN $ / BU",2.71
278,1994,MAY,ILLINOIS,CORN,"CORN, GRAIN - PRICE RECEIVED, MEASURED IN $ / BU",2.67
279,1994,APR,ILLINOIS,CORN,"CORN, GRAIN - PRICE RECEIVED, MEASURED IN $ / BU",2.75
280,1994,MAR,ILLINOIS,CORN,"CORN, GRAIN - PRICE RECEIVED, MEASURED IN $ / BU",2.82
281,1994,FEB,ILLINOIS,CORN,"CORN, GRAIN - PRICE RECEIVED, MEASURED IN $ / BU",2.86
282,1994,JAN,ILLINOIS,CORN,"CORN, GRAIN - PRICE RECEIVED, MEASURED IN $ / BU",2.71
283,1993,DEC,ILLINOIS,CORN,"CORN, GRAIN - PRICE RECEIVED, MEASURED IN $ / BU",2.69
284,1993,NOV,ILLINOIS,CORN,"CORN, GRAIN - PRICE RECEIVED, MEASURED IN $ / BU",2.44
285,1993,OCT,ILLINOIS,CORN,"CORN, GRAIN - PRICE RECEIVED, MEASURED IN $ / BU",2.31
286,1993,SEP,ILLINOIS,CORN,"CORN, GRAIN - PRICE RECEIVED, MEASURED IN $ / BU",2.23
287,1993,AUG,ILLINOIS,CORN,"CORN, GRAIN - PRICE RECEIVED, MEASURED IN $ / BU",2.26
288,1993,JUL,ILLINOIS,CORN,"CORN, GRAIN - PRICE RECEIVED, MEASURED IN $ / BU",2.23
289,1993,JUN,ILLINOIS,CORN,"CORN, GRAIN - PRICE RECEIVED, MEASURED IN $ / BU",2.11
290,1993,MAY,ILLINOIS,CORN,"CORN, GRAIN - PRICE RECEIVED, MEASURED IN $ / BU",2.21
291,1993,APR,ILLINOIS,CORN,"CORN, GRAIN - PRICE RECEIVED, MEASURED IN $ / BU",2.22
292,1993,MAR,ILLINOIS,CORN,"CORN, GRAIN - PRICE RECEIVED, MEASURED IN $ / BU",2.15
293,1993,FEB,ILLINOIS,CORN,"CORN, GRAIN - PRICE RECEIVED, MEASURED IN $ / BU",2.05
294,1993,JAN,ILLINOIS,CORN,"CORN, GRAIN - PRICE RECEIVED, MEASURED IN $ / BU",2.08
295,1992,DEC,ILLINOIS,CORN,"CORN, GRAIN - PRICE RECEIVED, MEASURED IN $ / BU",2.06
296,1992,NOV,ILLINOIS,CORN,"CORN, GRAIN - PRICE RECEIVED, MEASURED IN $ / BU",2.01
297,1992,OCT,ILLINOIS,CORN,"CORN, GRAIN - PRICE RECEIVED, MEASURED IN $ / BU",2.0
298,1992,SEP,ILLINOIS,CORN,"CORN, GRAIN - PRICE RECEIVED, MEASURED IN $ / BU",2.16
299,1992,AUG,ILLINOIS,CORN,"CORN, GRAIN - PRICE RECEIVED, MEASURED IN $ / BU",2.2
300,1992,JUL,ILLINOIS,CORN,"CORN, GRAIN - PRICE RECEIVED, MEASURED IN $ / BU",2.35
301,1992,JUN,ILLINOIS,CORN,"CORN, GRAIN - PRICE RECEIVED, MEASURED IN $ / BU",2.53
302,1992,MAY,ILLINOIS,CORN,"CORN, GRAIN - PRICE RECEIVED, MEASURED IN $ / BU",2.55
303,1992,APR,ILLINOIS,CORN,"CORN, GRAIN - PRICE RECEIVED, MEASURED IN $ / BU",2.56
304,1992,MAR,ILLINOIS,CORN,"CORN, GRAIN - PRICE RECEIVED, MEASURED IN $ / BU",2.63
305,1992,FEB,ILLINOIS,CORN,"CORN, GRAIN - PRICE RECEIVED, MEASURED IN $ / BU",2.58
306,1992,JAN,ILLINOIS,CORN,"CORN, GRAIN - PRICE RECEIVED, MEASURED IN $ / BU",2.48
307,1991,DEC,ILLINOIS,CORN,"CORN, GRAIN - PRICE RECEIVED, MEASURED IN $ / BU",2.44
308,1991,NOV,ILLINOIS,CORN,"CORN, GRAIN - PRICE RECEIVED, MEASURED IN $ / BU",2.38
309,1991,OCT,ILLINOIS,CORN,"CORN, GRAIN - PRICE RECEIVED, MEASURED IN $ / BU",2.42
310,1991,SEP,ILLINOIS,CORN,"CORN, GRAIN - PRICE RECEIVED, MEASURED IN $ / BU",2.39
311,1991,AUG,ILLINOIS,CORN,"CORN, GRAIN - PRICE RECEIVED, MEASURED IN $ / BU",2.48
312,1991,JUL,ILLINOIS,CORN,"CORN, GRAIN - PRICE RECEIVED, MEASURED IN $ / BU",2.37
313,1991,JUN,ILLINOIS,CORN,"CORN, GRAIN - PRICE RECEIVED, MEASURED IN $ / BU",2.4
314,1991,MAY,ILLINOIS,CORN,"CORN, GRAIN - PRICE RECEIVED, MEASURED IN $ / BU",2.48
315,1991,APR,ILLINOIS,CORN,"CORN, GRAIN - PRICE RECEIVED, MEASURED IN $ / BU",2.52
316,1991,MAR,ILLINOIS,CORN,"CORN, GRAIN - PRICE RECEIVED, MEASURED IN $ / BU",2.47
317,1991,FEB,ILLINOIS,CORN,"CORN, GRAIN - PRICE RECEIVED, MEASURED IN $ / BU",2.39
318,1991,JAN,ILLINOIS,CORN,"CORN, GRAIN - PRICE RECEIVED, MEASURED IN $ / BU",2.33
319,1990,DEC,ILLINOIS,CORN,"CORN, GRAIN - PRICE RECEIVED, MEASURED IN $ / BU",2.29
320,1990,NOV,ILLINOIS,CORN,"CORN, GRAIN - PRICE RECEIVED, MEASURED IN $ / BU",2.22
321,1990,OCT,ILLINOIS,CORN,"CORN, GRAIN - PRICE RECEIVED, MEASURED IN $ / BU",2.26
322,1990,SEP,ILLINOIS,CORN,"CORN, GRAIN - PRICE RECEIVED, MEASURED IN $ / BU",2.37
323,1990,AUG,ILLINOIS,CORN,"CORN, GRAIN - PRICE RECEIVED, MEASURED IN $ / BU",2.55
324,1990,JUL,ILLINOIS,CORN,"CORN, GRAIN - PRICE RECEIVED, MEASURED IN $ / BU",2.71
325,1990,JUN,ILLINOIS,CORN,"CORN, GRAIN - PRICE RECEIVED, MEASURED IN $ / BU",2.74
326,1990,MAY,ILLINOIS,CORN,"CORN, GRAIN - PRICE RECEIVED, MEASURED IN $ / BU",2.71
327,1990,APR,ILLINOIS,CORN,"CORN, GRAIN - PRICE RECEIVED, MEASURED IN $ / BU",2.61
328,1990,MAR,ILLINOIS,CORN,"CORN, GRAIN - PRICE RECEIVED, MEASURED IN $ / BU",2.44
329,1990,FEB,ILLINOIS,CORN,"CORN, GRAIN - PRICE RECEIVED, MEASURED IN $ / BU",2.34
330,1990,JAN,ILLINOIS,CORN,"CORN, GRAIN - PRICE RECEIVED, MEASURED IN $ / BU",2.31
331,1989,DEC,ILLINOIS,CORN,"CORN, GRAIN - PRICE RECEIVED, MEASURED IN $ / BU",2.33
332,1989,NOV,ILLINOIS,CORN,"CORN, GRAIN - PRICE RECEIVED, MEASURED IN $ / BU",2.28
333,1989,OCT,ILLINOIS,CORN,"CORN, GRAIN - PRICE RECEIVED, MEASURED IN $ / BU",2.25
334,1989,SEP,ILLINOIS,CORN,"CORN, GRAIN - PRICE RECEIVED, MEASURED IN $ / BU",2.34
335,1989,AUG,ILLINOIS,CORN,"CORN, GRAIN - PRICE RECEIVED, MEASURED IN $ / BU",2.31
336,1989,JUL,ILLINOIS,CORN,"CORN, GRAIN - PRICE RECEIVED, MEASURED IN $ / BU",2.56
337,1989,JUN,ILLINOIS,CORN,"CORN, GRAIN - PRICE RECEIVED, MEASURED IN $ / BU",2.58
338,1989,MAY,ILLINOIS,CORN,"CORN, GRAIN - PRICE RECEIVED, MEASURED IN $ / BU",2.68
339,1989,APR,ILLINOIS,CORN,"CORN, GRAIN - PRICE RECEIVED, MEASURED IN $ / BU",2.63
340,1989,MAR,ILLINOIS,CORN,"CORN, GRAIN - PRICE RECEIVED, MEASURED IN $ / BU",2.67
341,1989,FEB,ILLINOIS,CORN,"CORN, GRAIN - PRICE RECEIVED, MEASURED IN $ / BU",2.68
342,1989,JAN,ILLINOIS,CORN,"CORN, GRAIN - PRICE RECEIVED, MEASURED IN $ / BU",2.62
343,1988,DEC,ILLINOIS,CORN,"CORN, GRAIN - PRICE RECEIVED, MEASURED IN $ / BU",2.53
344,1988,NOV,ILLINOIS,CORN,"CORN, GRAIN - PRICE RECEIVED, MEASURED IN $ / BU",2.55
345,1988,OCT,ILLINOIS,CORN,"CORN, GRAIN - PRICE RECEIVED, MEASURED IN $ / BU",2.57
346,1988,SEP,ILLINOIS,CORN,"CORN, GRAIN - PRICE RECEIVED, MEASURED IN $ / BU",2.63
347,1988,AUG,ILLINOIS,CORN,"CORN, GRAIN - PRICE RECEIVED, MEASURED IN $ / BU",2.68
348,1988,JUL,ILLINOIS,CORN,"CORN, GRAIN - PRICE RECEIVED, MEASURED IN $ / BU",2.77
349,1988,JUN,ILLINOIS,CORN,"CORN, GRAIN - PRICE RECEIVED, MEASURED IN $ / BU",2.51
350,1988,MAY,ILLINOIS,CORN,"CORN, GRAIN - PRICE RECEIVED, MEASURED IN $ / BU",2.03
351,1988,APR,ILLINOIS,CORN,"CORN, GRAIN - PRICE RECEIVED, MEASURED IN $ / BU",1.94
352,1988,MAR,ILLINOIS,CORN,"CORN, GRAIN - PRICE RECEIVED, MEASURED IN $ / BU",1.91
353,1988,FEB,ILLINOIS,CORN,"CORN, GRAIN - PRICE RECEIVED, MEASURED IN $ / BU",1.9
354,1988,JAN,ILLINOIS,CORN,"CORN, GRAIN - PRICE RECEIVED, MEASURED IN $ / BU",1.81
355,1987,DEC,ILLINOIS,CORN,"CORN, GRAIN - PRICE RECEIVED, MEASURED IN $ / BU",1.8
356,1987,NOV,ILLINOIS,CORN,"CORN, GRAIN - PRICE RECEIVED, MEASURED IN $ / BU",1.68
357,1987,OCT,ILLINOIS,CORN,"CORN, GRAIN - PRICE RECEIVED, MEASURED IN $ / BU",1.6
358,1987,SEP,ILLINOIS,CORN,"CORN, GRAIN - PRICE RECEIVED, MEASURED IN $ / BU",1.53
359,1987,AUG,ILLINOIS,CORN,"CORN, GRAIN - PRICE RECEIVED, MEASURED IN $ / BU",1.53
360,1987,JUL,ILLINOIS,CORN,"CORN, GRAIN - PRICE RECEIVED, MEASURED IN $ / BU",1.66
361,1987,JUN,ILLINOIS,CORN,"CORN, GRAIN - PRICE RECEIVED, MEASURED IN $ / BU",1.75
362,1987,MAY,ILLINOIS,CORN,"CORN, GRAIN - PRICE RECEIVED, MEASURED IN $ / BU",1.72
363,1987,APR,ILLINOIS,CORN,"CORN, GRAIN - PRICE RECEIVED, MEASURED IN $ / BU",1.56
364,1987,MAR,ILLINOIS,CORN,"CORN, GRAIN - PRICE RECEIVED, MEASURED IN $ / BU",1.51
365,1987,FEB,ILLINOIS,CORN,"CORN, GRAIN - PRICE RECEIVED, MEASURED IN $ / BU",1.45
366,1987,JAN,ILLINOIS,CORN,"CORN, GRAIN - PRICE RECEIVED, MEASURED IN $ / BU",1.53
367,1986,DEC,ILLINOIS,CORN,"CORN, GRAIN - PRICE RECEIVED, MEASURED IN $ / BU",1.54
368,1986,NOV,ILLINOIS,CORN,"CORN, GRAIN - PRICE RECEIVED, MEASURED IN $ / BU",1.47
369,1986,OCT,ILLINOIS,CORN,"CORN, GRAIN - PRICE RECEIVED, MEASURED IN $ / BU",1.39
370,1986,SEP,ILLINOIS,CORN,"CORN, GRAIN - PRICE RECEIVED, MEASURED IN $ / BU",1.52
371,1986,AUG,ILLINOIS,CORN,"CORN, GRAIN - PRICE RECEIVED, MEASURED IN $ / BU",1.77
372,1986,JUL,ILLINOIS,CORN,"CORN, GRAIN - PRICE RECEIVED, MEASURED IN $ / BU",2.04
373,1986,JUN,ILLINOIS,CORN,"CORN, GRAIN - PRICE RECEIVED, MEASURED IN $ / BU",2.45
374,1986,MAY,ILLINOIS,CORN,"CORN, GRAIN - PRICE RECEIVED, MEASURED IN $ / BU",2.45
375,1986,APR,ILLINOIS,CORN,"CORN, GRAIN - PRICE RECEIVED, MEASURED IN $ / BU",2.34
376,1986,MAR,ILLINOIS,CORN,"CORN, GRAIN - PRICE RECEIVED, MEASURED IN $ / BU",2.35
377,1986,FEB,ILLINOIS,CORN,"CORN, GRAIN - PRICE RECEIVED, MEASURED IN $ / BU",2.38
378,1986,JAN,ILLINOIS,CORN,"CORN, GRAIN - PRICE RECEIVED, MEASURED IN $ / BU",2.35
379,1985,DEC,ILLINOIS,CORN,"CORN, GRAIN - PRICE RECEIVED, MEASURED IN $ / BU",2.3
380,1985,NOV,ILLINOIS,CORN,"CORN, GRAIN - PRICE RECEIVED, MEASURED IN $ / BU",2.25
381,1985,OCT,ILLINOIS,CORN,"CORN, GRAIN - PRICE RECEIVED, MEASURED IN $ / BU",2.1
382,1985,SEP,ILLINOIS,CORN,"CORN, GRAIN - PRICE RECEIVED, MEASURED IN $ / BU",2.28
383,1985,AUG,ILLINOIS,CORN,"CORN, GRAIN - PRICE RECEIVED, MEASURED IN $ / BU",2.49
384,1985,JUL,ILLINOIS,CORN,"CORN, GRAIN - PRICE RECEIVED, MEASURED IN $ / BU",2.66
385,1985,JUN,ILLINOIS,CORN,"CORN, GRAIN - PRICE RECEIVED, MEASURED IN $ / BU",2.7
386,1985,MAY,ILLINOIS,CORN,"CORN, GRAIN - PRICE RECEIVED, MEASURED IN $ / BU",2.73
387,1985,APR,ILLINOIS,CORN,"CORN, GRAIN - PRICE RECEIVED, MEASURED IN $ / BU",2.76
388,1985,MAR,ILLINOIS,CORN,"CORN, GRAIN - PRICE RECEIVED, MEASURED IN $ / BU",2.74
389,1985,FEB,ILLINOIS,CORN,"CORN, GRAIN - PRICE RECEIVED, MEASURED IN $ / BU",2.68
390,1985,JAN,ILLINOIS,CORN,"CORN, GRAIN - PRICE RECEIVED, MEASURED IN $ / BU",2.68
