"Program","Year","Period","Week Ending","Geo Level","State","State ANSI","Ag District","Ag District Code","County","County ANSI","Zip Code","Region","watershed_code","Watershed","Commodity","Data Item","Domain","Domain Category","Value","CV (%)"
"SURVEY","2016","MARKETING YEAR","","STATE","ILLINOIS","17","","","","","","","00000000","","CORN","CORN, GRAIN - PRICE RECEIVED, MEASURED IN $ / BU","TOTAL","NOT SPECIFIED","3.45",""
"SURVEY","2016","JAN","","STATE","ILLINOIS","17","","","","","","","00000000","","CORN","CORN, GRAIN - PRICE RECEIVED, MEASURED IN $ / BU","TOTAL","NOT SPECIFIED","3.73",""
"SURVEY","2016","FEB","","STATE","ILLINOIS","17","","","","","","","00000000","","CORN","CORN, GRAIN - PRICE RECEIVED, MEASURED IN $ / BU","TOTAL","NOT SPECIFIED","3.63",""
"SURVEY","2016","MAR","","STATE","ILLINOIS","17","","","","","","","00000000","","CORN","CORN, GRAIN - PRICE RECEIVED, MEASURED IN $ / BU","TOTAL","NOT SPECIFIED","3.67",""
"SURVEY","2016","APR","","STATE","ILLINOIS","17","","","","","","","00000000","","CORN","CORN, GRAIN - PRICE RECEIVED, MEASURED IN $ / BU","TOTAL","NOT SPECIFIED","3.67",""
"SURVEY","2016","MAY","","STATE","ILLINOIS","17","","","","","","","00000000","","CORN","CORN, GRAIN - PRICE RECEIVED, MEASURED IN $ / BU","TOTAL","NOT SPECIFIED","3.82",""
"SURVEY","2016","JUN","","STATE","ILLINOIS","17","","","","","","","00000000","","CORN","CORN, GRAIN - PRICE RECEIVED, MEASURED IN $ / BU","TOTAL","NOT SPECIFIED","3.92",""
"SURVEY","2016","JUL","","STATE","ILLINOIS","17","","","","","","","00000000","","CORN","CORN, GRAIN - PRICE RECEIVED, MEASURED IN $ / BU","TOTAL","NOT SPECIFIED","3.63",""
"SURVEY","2016","AUG","","STATE","ILLINOIS","17","","","","","","","00000000","","CORN","CORN, GRAIN - PRICE RECEIVED, MEASURED IN $ / BU","TOTAL","NOT SPECIFIED","3.17",""
"SURVEY","2016","SEP","","STATE","ILLINOIS","17","","","","","","","00000000","","CORN","CORN, GRAIN - PRICE RECEIVED, MEASURED IN $ / BU","TOTAL","NOT SPECIFIED","3.27",""
"SURVEY","2016","OCT","","STATE","ILLINOIS","17","","","","","","","00000000","","CORN","CORN, GRAIN - PRICE RECEIVED, MEASURED IN $ / BU","TOTAL","NOT SPECIFIED","3.3",""
"SURVEY","2016","NOV","","STATE","ILLINOIS","17","","","","","","","00000000","","CORN","CORN, GRAIN - PRICE RECEIVED, MEASURED IN $ / BU","TOTAL","NOT SPECIFIED","3.32",""
"SURVEY","2016","DEC","","STATE","ILLINOIS","17","","","","","","","00000000","","CORN","CORN, GRAIN - PRICE RECEIVED, MEASURED IN $ / BU","TOTAL","NOT SPECIFIED","3.47",""
"SURVEY","2015","MARKETING YEAR","","STATE","ILLINOIS","17","","","","","","","00000000","","CORN","CORN, GRAIN - PRICE RECEIVED, MEASURED IN $ / BU","TOTAL","NOT SPECIFIED","3.69",""
"SURVEY","2015","JAN","","STATE","ILLINOIS","17","","","","","","","00000000","","CORN","CORN, GRAIN - PRICE RECEIVED, MEASURED IN $ / BU","TOTAL","NOT SPECIFIED","3.82",""
"SURVEY","2015","FEB","","STATE","ILLINOIS","17","","","","","","","00000000","","CORN","CORN, GRAIN - PRICE RECEIVED, MEASURED IN $ / BU","TOTAL","NOT SPECIFIED","3.78",""
"SURVEY","2015","MAR","","STATE","ILLINOIS","17","","","","","","","00000000","","CORN","CORN, GRAIN - PRICE RECEIVED, MEASURED IN $ / BU","TOTAL","NOT SPECIFIED","3.79",""
"SURVEY","2015","APR","","STATE","ILLINOIS","17","","","","","","","00000000","","CORN","CORN, GRAIN - PRICE RECEIVED, MEASURED IN $ / BU","TOTAL","NOT SPECIFIED","3.71",""
"SURVEY","2015","MAY","","STATE","ILLINOIS","17","","","","","","","00000000","","CORN","CORN, GRAIN - PRICE RECEIVED, MEASURED IN $ / BU","TOTAL","NOT SPECIFIED","3.62",""
"SURVEY","2015","JUN","","STATE","ILLINOIS","17","","","","","","","00000000","","CORN","CORN, GRAIN - PRICE RECEIVED, MEASURED IN $ / BU","TOTAL","NOT SPECIFIED","3.65",""
"SURVEY","2015","JUL","","STATE","ILLINOIS","17","","","","","","","00000000","","CORN","CORN, GRAIN - PRICE RECEIVED, MEASURED IN $ / BU","TOTAL","NOT SPECIFIED","3.85",""
"SURVEY","2015","AUG","","STATE","ILLINOIS","17","","","","","","","00000000","","CORN","CORN, GRAIN - PRICE RECEIVED, MEASURED IN $ / BU","TOTAL","NOT SPECIFIED","3.63",""
"SURVEY","2015","SEP","","STATE","ILLINOIS","17","","","","","","","00000000","","CORN","CORN, GRAIN - PRICE RECEIVED, MEASURED IN $ / BU","TOTAL","NOT SPECIFIED","3.69",""
"SURVEY","2015","OCT","","STATE","ILLINOIS","17","","","","","","","00000000","","CORN","CORN, GRAIN - PRICE RECEIVED, MEASURED IN $ / BU","TOTAL","NOT SPECIFIED","3.7",""
"SURVEY","2015","NOV","","STATE","ILLINOIS","17","","","","","","","00000000","","CORN","CORN, GRAIN - PRICE RECEIVED, MEASURED IN $ / BU","TOTAL","NOT SPECIFIED","3.7",""
"SURVEY","2015","DEC","","STATE","ILLINOIS","17","","","","","","","00000000","","CORN","CORN, GRAIN - PRICE RECEIVED, MEASURED IN $ / BU","TOTAL","NOT SPECIFIED","3.79",""
"SURVEY","2014","MARKETING YEAR","","STATE","ILLINOIS","17","","","","","","","00000000","","CORN","CORN, GRAIN - PRICE RECEIVED, MEASURED IN $ / BU","TOTAL","NOT SPECIFIED","3.71",""
"SURVEY","2014","JAN","","STATE","ILLINOIS","17","","","","","","","00000000","","CORN","CORN, GRAIN - PRICE RECEIVED, MEASURED IN $ / BU","TOTAL","NOT SPECIFIED","4.47",""
"SURVEY","2014","FEB","","STATE","ILLINOIS","17","","","","","","","00000000","","CORN","CORN, GRAIN - PRICE RECEIVED, MEASURED IN $ / BU","TOTAL","NOT SPECIFIED","4.36",""
"SURVEY","2014","MAR","","STATE","ILLINOIS","17","","","","","","","00000000","","CORN","CORN, GRAIN - PRICE RECEIVED, MEASURED IN $ / BU","TOTAL","NOT SPECIFIED","4.56",""
"SURVEY","2014","APR","","STATE","ILLINOIS","17","","","","","","","00000000","","CORN","CORN, GRAIN - PRICE RECEIVED, MEASURED IN $ / BU","TOTAL","NOT SPECIFIED","4.84",""
"SURVEY","2014","MAY","","STATE","ILLINOIS","17","","","","","","","00000000","","CORN","CORN, GRAIN - PRICE RECEIVED, MEASURED IN $ / BU","TOTAL","NOT SPECIFIED","4.77",""
"SURVEY","2014","JUN","","STATE","ILLINOIS","17","","","","","","","00000000","","CORN","CORN, GRAIN - PRICE RECEIVED, MEASURED IN $ / BU","TOTAL","NOT SPECIFIED","4.68",""
"SURVEY","2014","JUL","","STATE","ILLINOIS","17","","","","","","","00000000","","CORN","CORN, GRAIN - PRICE RECEIVED, MEASURED IN $ / BU","TOTAL","NOT SPECIFIED","4.12",""
"SURVEY","2014","AUG","","STATE","ILLINOIS","17","","","","","","","00000000","","CORN","CORN, GRAIN - PRICE RECEIVED, MEASURED IN $ / BU","TOTAL","NOT SPECIFIED","3.74",""
"SURVEY","2014","SEP","","STATE","ILLINOIS","17","","","","","","","00000000","","CORN","CORN, GRAIN - PRICE RECEIVED, MEASURED IN $ / BU","TOTAL","NOT SPECIFIED","3.51",""
"SURVEY","2014","OCT","","STATE","ILLINOIS","17","","","","","","","00000000","","CORN","CORN, GRAIN - PRICE RECEIVED, MEASURED IN $ / BU","TOTAL","NOT SPECIFIED","3.58",""
"SURVEY","2014","NOV","","STATE","ILLINOIS","17","","","","","","","00000000","","CORN","CORN, GRAIN - PRICE RECEIVED, MEASURED IN $ / BU","TOTAL","NOT SPECIFIED","3.63",""
"SURVEY","2014","DEC","","STATE","ILLINOIS","17","","","","","","","00000000","","CORN","CORN, GRAIN - PRICE RECEIVED, MEASURED IN $ / BU","TOTAL","NOT SPECIFIED","3.81",""
"SURVEY","2013","MARKETING YEAR","","STATE","ILLINOIS","17","","","","","","","00000000","","CORN","CORN, GRAIN - PRICE RECEIVED, MEASURED IN $ / BU","TOTAL","NOT SPECIFIED","4.52",""
"SURVEY","2013","JAN","","STATE","ILLINOIS","17","","","","","","","00000000","","CORN","CORN, GRAIN - PRICE RECEIVED, MEASURED IN $ / BU","TOTAL","NOT SPECIFIED","6.87",""
"SURVEY","2013","FEB","","STATE","ILLINOIS","17","","","","","","","00000000","","CORN","CORN, GRAIN - PRICE RECEIVED, MEASURED IN $ / BU","TOTAL","NOT SPECIFIED","7.05",""
"SURVEY","2013","MAR","","STATE","ILLINOIS","17","","","","","","","00000000","","CORN","CORN, GRAIN - PRICE RECEIVED, MEASURED IN $ / BU","TOTAL","NOT SPECIFIED","7.14",""
"SURVEY","2013","APR","","STATE","ILLINOIS","17","","","","","","","00000000","","CORN","CORN, GRAIN - PRICE RECEIVED, MEASURED IN $ / BU","TOTAL","NOT SPECIFIED","6.89",""
"SURVEY","2013","MAY","","STATE","ILLINOIS","17","","","","","","","00000000","","CORN","CORN, GRAIN - PRICE RECEIVED, MEASURED IN $ / BU","TOTAL","NOT SPECIFIED","6.91",""
"SURVEY","2013","JUN","","STATE","ILLINOIS","17","","","","","","","00000000","","CORN","CORN, GRAIN - PRICE RECEIVED, MEASURED IN $ / BU","TOTAL","NOT SPECIFIED","6.96",""
"SURVEY","2013","JUL","","STATE","ILLINOIS","17","","","","","","","00000000","","CORN","CORN, GRAIN - PRICE RECEIVED, MEASURED IN $ / BU","TOTAL","NOT SPECIFIED","6.73",""
"SURVEY","2013","AUG","","STATE","ILLINOIS","17","","","","","","","00000000","","CORN","CORN, GRAIN - PRICE RECEIVED, MEASURED IN $ / BU","TOTAL","NOT SPECIFIED","6.09",""
"SURVEY","2013","SEP","","STATE","ILLINOIS","17","","","","","","","00000000","","CORN","CORN, GRAIN - PRICE RECEIVED, MEASURED IN $ / BU","TOTAL","NOT SPECIFIED","5.25",""
"SURVEY","2013","OCT","","STATE","ILLINOIS","17","","","","","","","00000000","","CORN","CORN, GRAIN - PRICE RECEIVED, MEASURED IN $ / BU","TOTAL","NOT SPECIFIED","4.49",""
"SURVEY","2013","NOV","","STATE","ILLINOIS","17","","","","","","","00000000","","CORN","CORN, GRAIN - PRICE RECEIVED, MEASURED IN $ / BU","TOTAL","NOT SPECIFIED","4.5",""
"SURVEY","2013","DEC","","STATE","ILLINOIS","17","","","","","","","00000000","","CORN","CORN, GRAIN - PRICE RECEIVED, MEASURED IN $ / BU","TOTAL","NOT SPECIFIED","4.58",""
"SURVEY","2012","MARKETING YEAR","","STATE","ILLINOIS","17","","","","","","","00000000","","CORN","CORN, GRAIN - PRICE RECEIVED, MEASURED IN $ / BU","TOTAL","NOT SPECIFIED","6.87",""
"SURVEY","2012","JAN","","STATE","ILLINOIS","17","","","","","","","00000000","","CORN","CORN, GRAIN - PRICE RECEIVED, MEASURED IN $ / BU","TOTAL","NOT SPECIFIED","6.12",""
"SURVEY","2012","FEB","","STATE","ILLINOIS","17","","","","","","","00000000","","CORN","CORN, GRAIN - PRICE RECEIVED, MEASURED IN $ / BU","TOTAL","NOT SPECIFIED","6.37",""
"SURVEY","2012","MAR","","STATE","ILLINOIS","17","","","","","","","00000000","","CORN","CORN, GRAIN - PRICE RECEIVED, MEASURED IN $ / BU","TOTAL","NOT SPECIFIED","6.48",""
"SURVEY","2012","APR","","STATE","ILLINOIS","17","","","","","","","00000000","","CORN","CORN, GRAIN - PRICE RECEIVED, MEASURED IN $ / BU","TOTAL","NOT SPECIFIED","6.44",""
"SURVEY","2012","MAY","","STATE","ILLINOIS","17","","","","","","","00000000","","CORN","CORN, GRAIN - PRICE RECEIVED, MEASURED IN $ / BU","TOTAL","NOT SPECIFIED","6.39",""
"SURVEY","2012","JUN","","STATE","ILLINOIS","17","","","","","","","00000000","","CORN","CORN, GRAIN - PRICE RECEIVED, MEASURED IN $ / BU","TOTAL","NOT SPECIFIED","6.43",""
"SURVEY","2012","JUL","","STATE","ILLINOIS","17","","","","","","","00000000","","CORN","CORN, GRAIN - PRICE RECEIVED, MEASURED IN $ / BU","TOTAL","NOT SPECIFIED","7.3",""
"SURVEY","2012","AUG","","STATE","ILLINOIS","17","","","","","","","00000000","","CORN","CORN, GRAIN - PRICE RECEIVED, MEASURED IN $ / BU","TOTAL","NOT SPECIFIED","7.58",""
"SURVEY","2012","SEP","","STATE","ILLINOIS","17","","","","","","","00000000","","CORN","CORN, GRAIN - PRICE RECEIVED, MEASURED IN $ / BU","TOTAL","NOT SPECIFIED","6.84",""
"SURVEY","2012","OCT","","STATE","ILLINOIS","17","","","","","","","00000000","","CORN","CORN, GRAIN - PRICE RECEIVED, MEASURED IN $ / BU","TOTAL","NOT SPECIFIED","6.84",""
"SURVEY","2012","NOV","","STATE","ILLINOIS","17","","","","","","","00000000","","CORN","CORN, GRAIN - PRICE RECEIVED, MEASURED IN $ / BU","TOTAL","NOT SPECIFIED","7.07",""
"SURVEY","2012","DEC","","STATE","ILLINOIS","17","","","","","","","00000000","","CORN","CORN, GRAIN - PRICE RECEIVED, MEASURED IN $ / BU","TOTAL","NOT SPECIFIED","6.73",""
"SURVEY","2011","MARKETING YEAR","","STATE","ILLINOIS","17","","","","","","","00000000","","CORN","CORN, GRAIN - PRICE RECEIVED, MEASURED IN $ / BU","TOTAL","NOT SPECIFIED","6.25",""
"SURVEY","2011","JAN","","STATE","ILLINOIS","17","","","","","","","00000000","","CORN","CORN, GRAIN - PRICE RECEIVED, MEASURED IN $ / BU","TOTAL","NOT SPECIFIED","4.94",""
"SURVEY","2011","FEB","","STATE","ILLINOIS","17","","","","","","","00000000","","CORN","CORN, GRAIN - PRICE RECEIVED, MEASURED IN $ / BU","TOTAL","NOT SPECIFIED","5.86",""
"SURVEY","2011","MAR","","STATE","ILLINOIS","17","","","","","","","00000000","","CORN","CORN, GRAIN - PRICE RECEIVED, MEASURED IN $ / BU","TOTAL","NOT SPECIFIED","5.73",""
"SURVEY","2011","APR","","STATE","ILLINOIS","17","","","","","","","00000000","","CORN","CORN, GRAIN - PRICE RECEIVED, MEASURED IN $ / BU","TOTAL","NOT SPECIFIED","6.68",""
"SURVEY","2011","MAY","","STATE","ILLINOIS","17","","","","","","","00000000","","CORN","CORN, GRAIN - PRICE RECEIVED, MEASURED IN $ / BU","TOTAL","NOT SPECIFIED","6.65",""
"SURVEY","2011","JUN","","STATE","ILLINOIS","17","","","","","","","00000000","","CORN","CORN, GRAIN - PRICE RECEIVED, MEASURED IN $ / BU","TOTAL","NOT SPECIFIED","6.56",""
"SURVEY","2011","JUL","","STATE","ILLINOIS","17","","","","","","","00000000","","CORN","CORN, GRAIN - PRICE RECEIVED, MEASURED IN $ / BU","TOTAL","NOT SPECIFIED","6.56",""
"SURVEY","2011","AUG","","STATE","ILLINOIS","17","","","","","","","00000000","","CORN","CORN, GRAIN - PRICE RECEIVED, MEASURED IN $ / BU","TOTAL","NOT SPECIFIED","6.96",""
"SURVEY","2011","SEP","","STATE","ILLINOIS","17","","","","","","","00000000","","CORN","CORN, GRAIN - PRICE RECEIVED, MEASURED IN $ / BU","TOTAL","NOT SPECIFIED","6.1",""
"SURVEY","2011","OCT","","STATE","ILLINOIS","17","","","","","","","00000000","","CORN","CORN, GRAIN - PRICE RECEIVED, MEASURED IN $ / BU","TOTAL","NOT SPECIFIED","5.84",""
"SURVEY","2011","NOV","","STATE","ILLINOIS","17","","","","","","","00000000","","CORN","CORN, GRAIN - PRICE RECEIVED, MEASURED IN $ / BU","TOTAL","NOT SPECIFIED","5.9",""
"SURVEY","2011","DEC","","STATE","ILLINOIS","17","","","","","","","00000000","","CORN","CORN, GRAIN - PRICE RECEIVED, MEASURED IN $ / BU","TOTAL","NOT SPECIFIED","5.92",""
"SURVEY","2010","MARKETING YEAR","","STATE","ILLINOIS","17","","","","","","","00000000","","CORN","CORN, GRAIN - PRICE RECEIVED, MEASURED IN $ / BU","TOTAL","NOT SPECIFIED","5.24",""
"SURVEY","2010","JAN","","STATE","ILLINOIS","17","","","","","","","00000000","","CORN","CORN, GRAIN - PRICE RECEIVED, MEASURED IN $ / BU","TOTAL","NOT SPECIFIED","3.63",""
"SURVEY","2010","FEB","","STATE","ILLINOIS","17","","","","","","","00000000","","CORN","CORN, GRAIN - PRICE RECEIVED, MEASURED IN $ / BU","TOTAL","NOT SPECIFIED","3.48",""
"SURVEY","2010","MAR","","STATE","ILLINOIS","17","","","","","","","00000000","","CORN","CORN, GRAIN - PRICE RECEIVED, MEASURED IN $ / BU","TOTAL","NOT SPECIFIED","3.53",""
"SURVEY","2010","APR","","STATE","ILLINOIS","17","","","","","","","00000000","","CORN","CORN, GRAIN - PRICE RECEIVED, MEASURED IN $ / BU","TOTAL","NOT SPECIFIED","3.42",""
"SURVEY","2010","MAY","","STATE","ILLINOIS","17","","","","","","","00000000","","CORN","CORN, GRAIN - PRICE RECEIVED, MEASURED IN $ / BU","TOTAL","NOT SPECIFIED","3.49",""
"SURVEY","2010","JUN","","STATE","ILLINOIS","17","","","","","","","00000000","","CORN","CORN, GRAIN - PRICE RECEIVED, MEASURED IN $ / BU","TOTAL","NOT SPECIFIED","3.41",""
"SURVEY","2010","JUL","","STATE","ILLINOIS","17","","","","","","","00000000","","CORN","CORN, GRAIN - PRICE RECEIVED, MEASURED IN $ / BU","TOTAL","NOT SPECIFIED","3.51",""
"SURVEY","2010","AUG","","STATE","ILLINOIS","17","","","","","","","00000000","","CORN","CORN, GRAIN - PRICE RECEIVED, MEASURED IN $ / BU","TOTAL","NOT SPECIFIED","3.73",""
"SURVEY","2010","SEP","","STATE","ILLINOIS","17","","","","","","","00000000","","CORN","CORN, GRAIN - PRICE RECEIVED, MEASURED IN $ / BU","TOTAL","NOT SPECIFIED","4.05",""
"SURVEY","2010","OCT","","STATE","ILLINOIS","17","","","","","","","00000000","","CORN","CORN, GRAIN - PRICE RECEIVED, MEASURED IN $ / BU","TOTAL","NOT SPECIFIED","4.51",""
"SURVEY","2010","NOV","","STATE","ILLINOIS","17","","","","","","","00000000","","CORN","CORN, GRAIN - PRICE RECEIVED, MEASURED IN $ / BU","TOTAL","NOT SPECIFIED","4.62",""
"SURVEY","2010","DEC","","STATE","ILLINOIS","17","","","","","","","00000000","","CORN","CORN, GRAIN - PRICE RECEIVED, MEASURED IN $ / BU","TOTAL","NOT SPECIFIED","4.84",""
"SURVEY","2009","MARKETING YEAR","","STATE","ILLINOIS","17","","","","","","","00000000","","CORN","CORN, GRAIN - PRICE RECEIVED, MEASURED IN $ / BU","TOTAL","NOT SPECIFIED","3.53",""
"SURVEY","2009","JAN","","STATE","ILLINOIS","17","","","","","","","00000000","","CORN","CORN, GRAIN - PRICE RECEIVED, MEASURED IN $ / BU","TOTAL","NOT SPECIFIED","4.34",""
"SURVEY","2009","FEB","","STATE","ILLINOIS","17","","","","","","","00000000","","CORN","CORN, GRAIN - PRICE RECEIVED, MEASURED IN $ / BU","TOTAL","NOT SPECIFIED","3.75",""
"SURVEY","2009","MAR","","STATE","ILLINOIS","17","","","","","","","00000000","","CORN","CORN, GRAIN - PRICE RECEIVED, MEASURED IN $ / BU","TOTAL","NOT SPECIFIED","3.74",""
"SURVEY","2009","APR","","STATE","ILLINOIS","17","","","","","","","00000000","","CORN","CORN, GRAIN - PRICE RECEIVED, MEASURED IN $ / BU","TOTAL","NOT SPECIFIED","3.81",""
"SURVEY","2009","MAY","","STATE","ILLINOIS","17","","","","","","","00000000","","CORN","CORN, GRAIN - PRICE RECEIVED, MEASURED IN $ / BU","TOTAL","NOT SPECIFIED","3.95",""
"SURVEY","2009","JUN","","STATE","ILLINOIS","17","","","","","","","00000000","","CORN","CORN, GRAIN - PRICE RECEIVED, MEASURED IN $ / BU","TOTAL","NOT SPECIFIED","4.01",""
"SURVEY","2009","JUL","","STATE","ILLINOIS","17","","","","","","","00000000","","CORN","CORN, GRAIN - PRICE RECEIVED, MEASURED IN $ / BU","TOTAL","NOT SPECIFIED","3.56",""
"SURVEY","2009","AUG","","STATE","ILLINOIS","17","","","","","","","00000000","","CORN","CORN, GRAIN - PRICE RECEIVED, MEASURED IN $ / BU","TOTAL","NOT SPECIFIED","3.32",""
"SURVEY","2009","SEP","","STATE","ILLINOIS","17","","","","","","","00000000","","CORN","CORN, GRAIN - PRICE RECEIVED, MEASURED IN $ / BU","TOTAL","NOT SPECIFIED","3.27",""
"SURVEY","2009","OCT","","STATE","ILLINOIS","17","","","","","","","00000000","","CORN","CORN, GRAIN - PRICE RECEIVED, MEASURED IN $ / BU","TOTAL","NOT SPECIFIED","3.59",""
"SURVEY","2009","NOV","","STATE","ILLINOIS","17","","","","","","","00000000","","CORN","CORN, GRAIN - PRICE RECEIVED, MEASURED IN $ / BU","TOTAL","NOT SPECIFIED","3.55",""
"SURVEY","2009","DEC","","STATE","ILLINOIS","17","","","","","","","00000000","","CORN","CORN, GRAIN - PRICE RECEIVED, MEASURED IN $ / BU","TOTAL","NOT SPECIFIED","3.57",""
"SURVEY","2008","MARKETING YEAR","","STATE","ILLINOIS","17","","","","","","","00000000","","CORN","CORN, GRAIN - PRICE RECEIVED, MEASURED IN $ / BU","TOTAL","NOT SPECIFIED","4.01",""
"SURVEY","2008","JAN","","STATE","ILLINOIS","17","","","","","","","00000000","","CORN","CORN, GRAIN - PRICE RECEIVED, MEASURED IN $ / BU","TOTAL","NOT SPECIFIED","3.88",""
"SURVEY","2008","FEB","","STATE","ILLINOIS","17","","","","","","","00000000","","CORN","CORN, GRAIN - PRICE RECEIVED, MEASURED IN $ / BU","TOTAL","NOT SPECIFIED","4.58",""
"SURVEY","2008","MAR","","STATE","ILLINOIS","17","","","","","","","00000000","","CORN","CORN, GRAIN - PRICE RECEIVED, MEASURED IN $ / BU","TOTAL","NOT SPECIFIED","4.69",""
"SURVEY","2008","APR","","STATE","ILLINOIS","17","","","","","","","00000000","","CORN","CORN, GRAIN - PRICE RECEIVED, MEASURED IN $ / BU","TOTAL","NOT SPECIFIED","5.15",""
"SURVEY","2008","MAY","","STATE","ILLINOIS","17","","","","","","","00000000","","CORN","CORN, GRAIN - PRICE RECEIVED, MEASURED IN $ / BU","TOTAL","NOT SPECIFIED","5.25",""
"SURVEY","2008","JUN","","STATE","ILLINOIS","17","","","","","","","00000000","","CORN","CORN, GRAIN - PRICE RECEIVED, MEASURED IN $ / BU","TOTAL","NOT SPECIFIED","5.71",""
"SURVEY","2008","JUL","","STATE","ILLINOIS","17","","","","","","","00000000","","CORN","CORN, GRAIN - PRICE RECEIVED, MEASURED IN $ / BU","TOTAL","NOT SPECIFIED","5.43",""
"SURVEY","2008","AUG","","STATE","ILLINOIS","17","","","","","","","00000000","","CORN","CORN, GRAIN - PRICE RECEIVED, MEASURED IN $ / BU","TOTAL","NOT SPECIFIED","5.17",""
"SURVEY","2008","SEP","","STATE","ILLINOIS","17","","","","","","","00000000","","CORN","CORN, GRAIN - PRICE RECEIVED, MEASURED IN $ / BU","TOTAL","NOT SPECIFIED","4.99",""
"SURVEY","2008","OCT","","STATE","ILLINOIS","17","","","","","","","00000000","","CORN","CORN, GRAIN - PRICE RECEIVED, MEASURED IN $ / BU","TOTAL","NOT SPECIFIED","4.29",""
"SURVEY","2008","NOV","","STATE","ILLINOIS","17","","","","","","","00000000","","CORN","CORN, GRAIN - PRICE RECEIVED, MEASURED IN $ / BU","TOTAL","NOT SPECIFIED","4.11",""
"SURVEY","2008","DEC","","STATE","ILLINOIS","17","","","","","","","00000000","","CORN","CORN, GRAIN - PRICE RECEIVED, MEASURED IN $ / BU","TOTAL","NOT SPECIFIED","4.09",""
"SURVEY","2007","MARKETING YEAR","","STATE","ILLINOIS","17","","","","","","","00000000","","CORN","CORN, GRAIN - PRICE RECEIVED, MEASURED IN $ / BU","TOTAL","NOT SPECIFIED","4.09",""
"SURVEY","2007","JAN","","STATE","ILLINOIS","17","","","","","","","00000000","","CORN","CORN, GRAIN - PRICE RECEIVED, MEASURED IN $ / BU","TOTAL","NOT SPECIFIED","3.01",""
"SURVEY","2007","FEB","","STATE","ILLINOIS","17","","","","","","","00000000","","CORN","CORN, GRAIN - PRICE RECEIVED, MEASURED IN $ / BU","TOTAL","NOT SPECIFIED","3.44",""
"SURVEY","2007","MAR","","STATE","ILLINOIS","17","","","","","","","00000000","","CORN","CORN, GRAIN - PRICE RECEIVED, MEASURED IN $ / BU","TOTAL","NOT SPECIFIED","3.52",""
"SURVEY","2007","APR","","STATE","ILLINOIS","17","","","","","","","00000000","","CORN","CORN, GRAIN - PRICE RECEIVED, MEASURED IN $ / BU","TOTAL","NOT SPECIFIED","3.48",""
"SURVEY","2007","MAY","","STATE","ILLINOIS","17","","","","","","","00000000","","CORN","CORN, GRAIN - PRICE RECEIVED, MEASURED IN $ / BU","TOTAL","NOT SPECIFIED","3.52",""
"SURVEY","2007","JUN","","STATE","ILLINOIS","17","","","","","","","00000000","","CORN","CORN, GRAIN - PRICE RECEIVED, MEASURED IN $ / BU","TOTAL","NOT SPECIFIED","3.64",""
"SURVEY","2007","JUL","","STATE","ILLINOIS","17","","","","","","","00000000","","CORN","CORN, GRAIN - PRICE RECEIVED, MEASURED IN $ / BU","TOTAL","NOT SPECIFIED","3.32",""
"SURVEY","2007","AUG","","STATE","ILLINOIS","17","","","","","","","00000000","","CORN","CORN, GRAIN - PRICE RECEIVED, MEASURED IN $ / BU","TOTAL","NOT SPECIFIED","3.16",""
"SURVEY","2007","SEP","","STATE","ILLINOIS","17","","","","","","","00000000","","CORN","CORN, GRAIN - PRICE RECEIVED, MEASURED IN $ / BU","TOTAL","NOT SPECIFIED","3.21",""
"SURVEY","2007","OCT","","STATE","ILLINOIS","17","","","","","","","00000000","","CORN","CORN, GRAIN - PRICE RECEIVED, MEASURED IN $ / BU","TOTAL","NOT SPECIFIED","3.31",""
"SURVEY","2007","NOV","","STATE","ILLINOIS","17","","","","","","","00000000","","CORN","CORN, GRAIN - PRICE RECEIVED, MEASURED IN $ / BU","TOTAL","NOT SPECIFIED","3.53",""
"SURVEY","2007","DEC","","STATE","ILLINOIS","17","","","","","","","00000000","","CORN","CORN, GRAIN - PRICE RECEIVED, MEASURED IN $ / BU","TOTAL","NOT SPECIFIED","3.73",""
"SURVEY","2006","MARKETING YEAR","","STATE","ILLINOIS","17","","","","","","","00000000","","CORN","CORN, GRAIN - PRICE RECEIVED, MEASURED IN $ / BU","TOTAL","NOT SPECIFIED","3.07",""
"SURVEY","2006","JAN","","STATE","ILLINOIS","17","","","","","","","00000000","","CORN","CORN, GRAIN - PRICE RECEIVED, MEASURED IN $ / BU","TOTAL","NOT SPECIFIED","2.06",""
"SURVEY","2006","FEB","","STATE","ILLINOIS","17","","","","","","","00000000","","CORN","CORN, GRAIN - PRICE RECEIVED, MEASURED IN $ / BU","TOTAL","NOT SPECIFIED","2.08",""
"SURVEY","2006","MAR","","STATE","ILLINOIS","17","","","","","","","00000000","","CORN","CORN, GRAIN - PRICE RECEIVED, MEASURED IN $ / BU","TOTAL","NOT SPECIFIED","2.12",""
"SURVEY","2006","APR","","STATE","ILLINOIS","17","","","","","","","00000000","","CORN","CORN, GRAIN - PRICE RECEIVED, MEASURED IN $ / BU","TOTAL","NOT SPECIFIED","2.2",""
"SURVEY","2006","MAY","","STATE","ILLINOIS","17","","","","","","","00000000","","CORN","CORN, GRAIN - PRICE RECEIVED, MEASURED IN $ / BU","TOTAL","NOT SPECIFIED","2.26",""
"SURVEY","2006","JUN","","STATE","ILLINOIS","17","","","","","","","00000000","","CORN","CORN, GRAIN - PRICE RECEIVED, MEASURED IN $ / BU","TOTAL","NOT SPECIFIED","2.28",""
"SURVEY","2006","JUL","","STATE","ILLINOIS","17","","","","","","","00000000","","CORN","CORN, GRAIN - PRICE RECEIVED, MEASURED IN $ / BU","TOTAL","NOT SPECIFIED","2.28",""
"SURVEY","2006","AUG","","STATE","ILLINOIS","17","","","","","","","00000000","","CORN","CORN, GRAIN - PRICE RECEIVED, MEASURED IN $ / BU","TOTAL","NOT SPECIFIED","2.15",""
"SURVEY","2006","SEP","","STATE","ILLINOIS","17","","","","","","","00000000","","CORN","CORN, GRAIN - PRICE RECEIVED, MEASURED IN $ / BU","TOTAL","NOT SPECIFIED","2.21",""
"SURVEY","2006","OCT","","STATE","ILLINOIS","17","","","","","","","00000000","","CORN","CORN, GRAIN - PRICE RECEIVED, MEASURED IN $ / BU","TOTAL","NOT SPECIFIED","2.62",""
"SURVEY","2006","NOV","","STATE","ILLINOIS","17","","","","","","","00000000","","CORN","CORN, GRAIN - PRICE RECEIVED, MEASURED IN $ / BU","TOTAL","NOT SPECIFIED","3.02",""
"SURVEY","2006","DEC","","STATE","ILLINOIS","17","","","","","","","00000000","","CORN","CORN, GRAIN - PRICE RECEIVED, MEASURED IN $ / BU","TOTAL","NOT SPECIFIED","3",""
"SURVEY","2005","MARKETING YEAR","","STATE","ILLINOIS","17","","","","","","","00000000","","CORN","CORN, GRAIN - PRICE RECEIVED, MEASURED IN $ / BU","TOTAL","NOT SPECIFIED","2.08",""
"SURVEY","2005","JAN","","STATE","ILLINOIS","17","","","","","","","00000000","","CORN","CORN, GRAIN - PRICE RECEIVED, MEASURED IN $ / BU","TOTAL","NOT SPECIFIED","2.23",""
"SURVEY","2005","FEB","","STATE","ILLINOIS","17","","","","","","","00000000","","CORN","CORN, GRAIN - PRICE RECEIVED, MEASURED IN $ / BU","TOTAL","NOT SPECIFIED","2.02",""
"SURVEY","2005","MAR","","STATE","ILLINOIS","17","","","","","","","00000000","","CORN","CORN, GRAIN - PRICE RECEIVED, MEASURED IN $ / BU","TOTAL","NOT SPECIFIED","2.09",""
"SURVEY","2005","APR","","STATE","ILLINOIS","17","","","","","","","00000000","","CORN","CORN, GRAIN - PRICE RECEIVED, MEASURED IN $ / BU","TOTAL","NOT SPECIFIED","2.09",""
"SURVEY","2005","MAY","","STATE","ILLINOIS","17","","","","","","","00000000","","CORN","CORN, GRAIN - PRICE RECEIVED, MEASURED IN $ / BU","TOTAL","NOT SPECIFIED","2.05",""
"SURVEY","2005","JUN","","STATE","ILLINOIS","17","","","","","","","00000000","","CORN","CORN, GRAIN - PRICE RECEIVED, MEASURED IN $ / BU","TOTAL","NOT SPECIFIED","2.12",""
"SURVEY","2005","JUL","","STATE","ILLINOIS","17","","","","","","","00000000","","CORN","CORN, GRAIN - PRICE RECEIVED, MEASURED IN $ / BU","TOTAL","NOT SPECIFIED","2.23",""
"SURVEY","2005","AUG","","STATE","ILLINOIS","17","","","","","","","00000000","","CORN","CORN, GRAIN - PRICE RECEIVED, MEASURED IN $ / BU","TOTAL","NOT SPECIFIED","2.03",""
"SURVEY","2005","SEP","","STATE","ILLINOIS","17","","","","","","","00000000","","CORN","CORN, GRAIN - PRICE RECEIVED, MEASURED IN $ / BU","TOTAL","NOT SPECIFIED","1.92",""
"SURVEY","2005","OCT","","STATE","ILLINOIS","17","","","","","","","00000000","","CORN","CORN, GRAIN - PRICE RECEIVED, MEASURED IN $ / BU","TOTAL","NOT SPECIFIED","1.83",""
"SURVEY","2005","NOV","","STATE","ILLINOIS","17","","","","","","","00000000","","CORN","CORN, GRAIN - PRICE RECEIVED, MEASURED IN $ / BU","TOTAL","NOT SPECIFIED","1.87",""
"SURVEY","2005","DEC","","STATE","ILLINOIS","17","","","","","","","00000000","","CORN","CORN, GRAIN - PRICE RECEIVED, MEASURED IN $ / BU","TOTAL","NOT SPECIFIED","2.01",""
"SURVEY","2004","MARKETING YEAR","","STATE","ILLINOIS","17","","","","","","","00000000","","CORN","CORN, GRAIN - PRICE RECEIVED, MEASURED IN $ / BU","TOTAL","NOT SPECIFIED","2.14",""
"SURVEY","2004","JAN","","STATE","ILLINOIS","17","","","","","","","00000000","","CORN","CORN, GRAIN - PRICE RECEIVED, MEASURED IN $ / BU","TOTAL","NOT SPECIFIED","2.37",""
"SURVEY","2004","FEB","","STATE","ILLINOIS","17","","","","","","","00000000","","CORN","CORN, GRAIN - PRICE RECEIVED, MEASURED IN $ / BU","TOTAL","NOT SPECIFIED","2.65",""
"SURVEY","2004","MAR","","STATE","ILLINOIS","17","","","","","","","00000000","","CORN","CORN, GRAIN - PRICE RECEIVED, MEASURED IN $ / BU","TOTAL","NOT SPECIFIED","2.77",""
"SURVEY","2004","APR","","STATE","ILLINOIS","17","","","","","","","00000000","","CORN","CORN, GRAIN - PRICE RECEIVED, MEASURED IN $ / BU","TOTAL","NOT SPECIFIED","2.97",""
"SURVEY","2004","MAY","","STATE","ILLINOIS","17","","","","","","","00000000","","CORN","CORN, GRAIN - PRICE RECEIVED, MEASURED IN $ / BU","TOTAL","NOT SPECIFIED","2.93",""
"SURVEY","2004","JUN","","STATE","ILLINOIS","17","","","","","","","00000000","","CORN","CORN, GRAIN - PRICE RECEIVED, MEASURED IN $ / BU","TOTAL","NOT SPECIFIED","2.87",""
"SURVEY","2004","JUL","","STATE","ILLINOIS","17","","","","","","","00000000","","CORN","CORN, GRAIN - PRICE RECEIVED, MEASURED IN $ / BU","TOTAL","NOT SPECIFIED","2.49",""
"SURVEY","2004","AUG","","STATE","ILLINOIS","17","","","","","","","00000000","","CORN","CORN, GRAIN - PRICE RECEIVED, MEASURED IN $ / BU","TOTAL","NOT SPECIFIED","2.35",""
"SURVEY","2004","SEP","","STATE","ILLINOIS","17","","","","","","","00000000","","CORN","CORN, GRAIN - PRICE RECEIVED, MEASURED IN $ / BU","TOTAL","NOT SPECIFIED","2.2",""
"SURVEY","2004","OCT","","STATE","ILLINOIS","17","","","","","","","00000000","","CORN","CORN, GRAIN - PRICE RECEIVED, MEASURED IN $ / BU","TOTAL","NOT SPECIFIED","2.22",""
"SURVEY","2004","NOV","","STATE","ILLINOIS","17","","","","","","","00000000","","CORN","CORN, GRAIN - PRICE RECEIVED, MEASURED IN $ / BU","TOTAL","NOT SPECIFIED","2.08",""
"SURVEY","2004","DEC","","STATE","ILLINOIS","17","","","","","","","00000000","","CORN","CORN, GRAIN - PRICE RECEIVED, MEASURED IN $ / BU","TOTAL","NOT SPECIFIED","2.17",""
"SURVEY","2003","MARKETING YEAR","","STATE","ILLINOIS","17","","","","","","","00000000","","CORN","CORN, GRAIN - PRICE RECEIVED, MEASURED IN $ / BU","TOTAL","NOT SPECIFIED","2.42",""
"SURVEY","2003","JAN","","STATE","ILLINOIS","17","","","","","","","00000000","","CORN","CORN, GRAIN - PRICE RECEIVED, MEASURED IN $ / BU","TOTAL","NOT SPECIFIED","2.37",""
"SURVEY","2003","FEB","","STATE","ILLINOIS","17","","","","","","","00000000","","CORN","CORN, GRAIN - PRICE RECEIVED, MEASURED IN $ / BU","TOTAL","NOT SPECIFIED","2.35",""
"SURVEY","2003","MAR","","STATE","ILLINOIS","17","","","","","","","00000000","","CORN","CORN, GRAIN - PRICE RECEIVED, MEASURED IN $ / BU","TOTAL","NOT SPECIFIED","2.36",""
"SURVEY","2003","APR","","STATE","ILLINOIS","17","","","","","","","00000000","","CORN","CORN, GRAIN - PRICE RECEIVED, MEASURED IN $ / BU","TOTAL","NOT SPECIFIED","2.4",""
"SURVEY","2003","MAY","","STATE","ILLINOIS","17","","","","","","","00000000","","CORN","CORN, GRAIN - PRICE RECEIVED, MEASURED IN $ / BU","TOTAL","NOT SPECIFIED","2.43",""
"SURVEY","2003","JUN","","STATE","ILLINOIS","17","","","","","","","00000000","","CORN","CORN, GRAIN - PRICE RECEIVED, MEASURED IN $ / BU","TOTAL","NOT SPECIFIED","2.39",""
"SURVEY","2003","JUL","","STATE","ILLINOIS","17","","","","","","","00000000","","CORN","CORN, GRAIN - PRICE RECEIVED, MEASURED IN $ / BU","TOTAL","NOT SPECIFIED","2.2",""
"SURVEY","2003","AUG","","STATE","ILLINOIS","17","","","","","","","00000000","","CORN","CORN, GRAIN - PRICE RECEIVED, MEASURED IN $ / BU","TOTAL","NOT SPECIFIED","2.16",""
"SURVEY","2003","SEP","","STATE","ILLINOIS","17","","","","","","","00000000","","CORN","CORN, GRAIN - PRICE RECEIVED, MEASURED IN $ / BU","TOTAL","NOT SPECIFIED","2.18",""
"SURVEY","2003","OCT","","STATE","ILLINOIS","17","","","","","","","00000000","","CORN","CORN, GRAIN - PRICE RECEIVED, MEASURED IN $ / BU","TOTAL","NOT SPECIFIED","2.13",""
"SURVEY","2003","NOV","","STATE","ILLINOIS","17","","","","","","","00000000","","CORN","CORN, GRAIN - PRICE RECEIVED, MEASURED IN $ / BU","TOTAL","NOT SPECIFIED","2.21",""
"SURVEY","2003","DEC","","STATE","ILLINOIS","17","","","","","","","00000000","","CORN","CORN, GRAIN - PRICE RECEIVED, MEASURED IN $ / BU","TOTAL","NOT SPECIFIED","2.34",""
"SURVEY","2002","MARKETING YEAR","","STATE","ILLINOIS","17","","","","","","","00000000","","CORN","CORN, GRAIN - PRICE RECEIVED, MEASURED IN $ / BU","TOTAL","NOT SPECIFIED","2.35",""
"SURVEY","2002","JAN","","STATE","ILLINOIS","17","","","","","","","00000000","","CORN","CORN, GRAIN - PRICE RECEIVED, MEASURED IN $ / BU","TOTAL","NOT SPECIFIED","2.01",""
"SURVEY","2002","FEB","","STATE","ILLINOIS","17","","","","","","","00000000","","CORN","CORN, GRAIN - PRICE RECEIVED, MEASURED IN $ / BU","TOTAL","NOT SPECIFIED","1.98",""
"SURVEY","2002","MAR","","STATE","ILLINOIS","17","","","","","","","00000000","","CORN","CORN, GRAIN - PRICE RECEIVED, MEASURED IN $ / BU","TOTAL","NOT SPECIFIED","1.98",""
"SURVEY","2002","APR","","STATE","ILLINOIS","17","","","","","","","00000000","","CORN","CORN, GRAIN - PRICE RECEIVED, MEASURED IN $ / BU","TOTAL","NOT SPECIFIED","1.96",""
"SURVEY","2002","MAY","","STATE","ILLINOIS","17","","","","","","","00000000","","CORN","CORN, GRAIN - PRICE RECEIVED, MEASURED IN $ / BU","TOTAL","NOT SPECIFIED","2",""
"SURVEY","2002","JUN","","STATE","ILLINOIS","17","","","","","","","00000000","","CORN","CORN, GRAIN - PRICE RECEIVED, MEASURED IN $ / BU","TOTAL","NOT SPECIFIED","2.05",""
"SURVEY","2002","JUL","","STATE","ILLINOIS","17","","","","","","","00000000","","CORN","CORN, GRAIN - PRICE RECEIVED, MEASURED IN $ / BU","TOTAL","NOT SPECIFIED","2.24",""
"SURVEY","2002","AUG","","STATE","ILLINOIS","17","","","","","","","00000000","","CORN","CORN, GRAIN - PRICE RECEIVED, MEASURED IN $ / BU","TOTAL","NOT SPECIFIED","2.47",""
"SURVEY","2002","SEP","","STATE","ILLINOIS","17","","","","","","","00000000","","CORN","CORN, GRAIN - PRICE RECEIVED, MEASURED IN $ / BU","TOTAL","NOT SPECIFIED","2.5",""
"SURVEY","2002","OCT","","STATE","ILLINOIS","17","","","","","","","00000000","","CORN","CORN, GRAIN - PRICE RECEIVED, MEASURED IN $ / BU","TOTAL","NOT SPECIFIED","2.36",""
"SURVEY","2002","NOV","","STATE","ILLINOIS","17","","","","","","","00000000","","CORN","CORN, GRAIN - PRICE RECEIVED, MEASURED IN $ / BU","TOTAL","NOT SPECIFIED","2.33",""
"SURVEY","2002","DEC","","STATE","ILLINOIS","17","","","","","","","00000000","","CORN","CORN, GRAIN - PRICE RECEIVED, MEASURED IN $ / BU","TOTAL","NOT SPECIFIED","2.37",""
"SURVEY","2001","MARKETING YEAR","","STATE","ILLINOIS","17","","","","","","","00000000","","CORN","CORN, GRAIN - PRICE RECEIVED, MEASURED IN $ / BU","TOTAL","NOT SPECIFIED","2.04",""
"SURVEY","2001","JAN","","STATE","ILLINOIS","17","","","","","","","00000000","","CORN","CORN, GRAIN - PRICE RECEIVED, MEASURED IN $ / BU","TOTAL","NOT SPECIFIED","1.97",""
"SURVEY","2001","FEB","","STATE","ILLINOIS","17","","","","","","","00000000","","CORN","CORN, GRAIN - PRICE RECEIVED, MEASURED IN $ / BU","TOTAL","NOT SPECIFIED","2",""
"SURVEY","2001","MAR","","STATE","ILLINOIS","17","","","","","","","00000000","","CORN","CORN, GRAIN - PRICE RECEIVED, MEASURED IN $ / BU","TOTAL","NOT SPECIFIED","2",""
"SURVEY","2001","APR","","STATE","ILLINOIS","17","","","","","","","00000000","","CORN","CORN, GRAIN - PRICE RECEIVED, MEASURED IN $ / BU","TOTAL","NOT SPECIFIED","1.92",""
"SURVEY","2001","MAY","","STATE","ILLINOIS","17","","","","","","","00000000","","CORN","CORN, GRAIN - PRICE RECEIVED, MEASURED IN $ / BU","TOTAL","NOT SPECIFIED","1.86",""
"SURVEY","2001","JUN","","STATE","ILLINOIS","17","","","","","","","00000000","","CORN","CORN, GRAIN - PRICE RECEIVED, MEASURED IN $ / BU","TOTAL","NOT SPECIFIED","1.83",""
"SURVEY","2001","JUL","","STATE","ILLINOIS","17","","","","","","","00000000","","CORN","CORN, GRAIN - PRICE RECEIVED, MEASURED IN $ / BU","TOTAL","NOT SPECIFIED","1.95",""
"SURVEY","2001","AUG","","STATE","ILLINOIS","17","","","","","","","00000000","","CORN","CORN, GRAIN - PRICE RECEIVED, MEASURED IN $ / BU","TOTAL","NOT SPECIFIED","1.99",""
"SURVEY","2001","SEP","","STATE","ILLINOIS","17","","","","","","","00000000","","CORN","CORN, GRAIN - PRICE RECEIVED, MEASURED IN $ / BU","TOTAL","NOT SPECIFIED","1.94",""
"SURVEY","2001","OCT","","STATE","ILLINOIS","17","","","","","","","00000000","","CORN","CORN, GRAIN - PRICE RECEIVED, MEASURED IN $ / BU","TOTAL","NOT SPECIFIED","1.85",""
"SURVEY","2001","NOV","","STATE","ILLINOIS","17","","","","","","","00000000","","CORN","CORN, GRAIN - PRICE RECEIVED, MEASURED IN $ / BU","TOTAL","NOT SPECIFIED","1.91",""
"SURVEY","2001","DEC","","STATE","ILLINOIS","17","","","","","","","00000000","","CORN","CORN, GRAIN - PRICE RECEIVED, MEASURED IN $ / BU","TOTAL","NOT SPECIFIED","2.06",""
"SURVEY","2000","MARKETING YEAR","","STATE","ILLINOIS","17","","","","","","","00000000","","CORN","CORN, GRAIN - PRICE RECEIVED, MEASURED IN $ / BU","TOTAL","NOT SPECIFIED","1.91",""
"SURVEY","2000","JAN","","STATE","ILLINOIS","17","","","","","","","00000000","","CORN","CORN, GRAIN - PRICE RECEIVED, MEASURED IN $ / BU","TOTAL","NOT SPECIFIED","1.97",""
"SURVEY","2000","FEB","","STATE","ILLINOIS","17","","","","","","","00000000","","CORN","CORN, GRAIN - PRICE RECEIVED, MEASURED IN $ / BU","TOTAL","NOT SPECIFIED","2.03",""
"SURVEY","2000","MAR","","STATE","ILLINOIS","17","","","","","","","00000000","","CORN","CORN, GRAIN - PRICE RECEIVED, MEASURED IN $ / BU","TOTAL","NOT SPECIFIED","2.11",""
"SURVEY","2000","APR","","STATE","ILLINOIS","17","","","","","","","00000000","","CORN","CORN, GRAIN - PRICE RECEIVED, MEASURED IN $ / BU","TOTAL","NOT SPECIFIED","2.02",""
"SURVEY","2000","MAY","","STATE","ILLINOIS","17","","","","","","","00000000","","CORN","CORN, GRAIN - PRICE RECEIVED, MEASURED IN $ / BU","TOTAL","NOT SPECIFIED","2.2",""
"SURVEY","2000","JUN","","STATE","ILLINOIS","17","","","","","","","00000000","","CORN","CORN, GRAIN - PRICE RECEIVED, MEASURED IN $ / BU","TOTAL","NOT SPECIFIED","1.89",""
"SURVEY","2000","JUL","","STATE","ILLINOIS","17","","","","","","","00000000","","CORN","CORN, GRAIN - PRICE RECEIVED, MEASURED IN $ / BU","TOTAL","NOT SPECIFIED","1.66",""
"SURVEY","2000","AUG","","STATE","ILLINOIS","17","","","","","","","00000000","","CORN","CORN, GRAIN - PRICE RECEIVED, MEASURED IN $ / BU","TOTAL","NOT SPECIFIED","1.54",""
"SURVEY","2000","SEP","","STATE","ILLINOIS","17","","","","","","","00000000","","CORN","CORN, GRAIN - PRICE RECEIVED, MEASURED IN $ / BU","TOTAL","NOT SPECIFIED","1.64",""
"SURVEY","2000","OCT","","STATE","ILLINOIS","17","","","","","","","00000000","","CORN","CORN, GRAIN - PRICE RECEIVED, MEASURED IN $ / BU","TOTAL","NOT SPECIFIED","1.8",""
"SURVEY","2000","NOV","","STATE","ILLINOIS","17","","","","","","","00000000","","CORN","CORN, GRAIN - PRICE RECEIVED, MEASURED IN $ / BU","TOTAL","NOT SPECIFIED","1.92",""
"SURVEY","2000","DEC","","STATE","ILLINOIS","17","","","","","","","00000000","","CORN","CORN, GRAIN - PRICE RECEIVED, MEASURED IN $ / BU","TOTAL","NOT SPECIFIED","2.03",""
"SURVEY","1999","MARKETING YEAR","","STATE","ILLINOIS","17","","","","","","","00000000","","CORN","CORN, GRAIN - PRICE RECEIVED, MEASURED IN $ / BU","TOTAL","NOT SPECIFIED","1.91",""
"SURVEY","1999","JAN","","STATE","ILLINOIS","17","","","","","","","00000000","","CORN","CORN, GRAIN - PRICE RECEIVED, MEASURED IN $ / BU","TOTAL","NOT SPECIFIED","2.12",""
"SURVEY","1999","FEB","","STATE","ILLINOIS","17","","","","","","","00000000","","CORN","CORN, GRAIN - PRICE RECEIVED, MEASURED IN $ / BU","TOTAL","NOT SPECIFIED","2.13",""
"SURVEY","1999","MAR","","STATE","ILLINOIS","17","","","","","","","00000000","","CORN","CORN, GRAIN - PRICE RECEIVED, MEASURED IN $ / BU","TOTAL","NOT SPECIFIED","2.14",""
"SURVEY","1999","APR","","STATE","ILLINOIS","17","","","","","","","00000000","","CORN","CORN, GRAIN - PRICE RECEIVED, MEASURED IN $ / BU","TOTAL","NOT SPECIFIED","2.12",""
"SURVEY","1999","MAY","","STATE","ILLINOIS","17","","","","","","","00000000","","CORN","CORN, GRAIN - PRICE RECEIVED, MEASURED IN $ / BU","TOTAL","NOT SPECIFIED","2.08",""
"SURVEY","1999","JUN","","STATE","ILLINOIS","17","","","","","","","00000000","","CORN","CORN, GRAIN - PRICE RECEIVED, MEASURED IN $ / BU","TOTAL","NOT SPECIFIED","2.08",""
"SURVEY","1999","JUL","","STATE","ILLINOIS","17","","","","","","","00000000","","CORN","CORN, GRAIN - PRICE RECEIVED, MEASURED IN $ / BU","TOTAL","NOT SPECIFIED","1.79",""
"SURVEY","1999","AUG","","STATE","ILLINOIS","17","","","","","","","00000000","","CORN","CORN, GRAIN - PRICE RECEIVED, MEASURED IN $ / BU","TOTAL","NOT SPECIFIED","1.84",""
"SURVEY","1999","SEP","","STATE","ILLINOIS","17","","","","","","","00000000","","CORN","CORN, GRAIN - PRICE RECEIVED, MEASURED IN $ / BU","TOTAL","NOT SPECIFIED","1.85",""
"SURVEY","1999","OCT","","STATE","ILLINOIS","17","","","","","","","00000000","","CORN","CORN, GRAIN - PRICE RECEIVED, MEASURED IN $ / BU","TOTAL","NOT SPECIFIED","1.77",""
"SURVEY","1999","NOV","","STATE","ILLINOIS","17","","","","","","","00000000","","CORN","CORN, GRAIN - PRICE RECEIVED, MEASURED IN $ / BU","TOTAL","NOT SPECIFIED","1.81",""
"SURVEY","1999","DEC","","STATE","ILLINOIS","17","","","","","","","00000000","","CORN","CORN, GRAIN - PRICE RECEIVED, MEASURED IN $ / BU","TOTAL","NOT SPECIFIED","1.95",""
"SURVEY","1998","MARKETING YEAR","","STATE","ILLINOIS","17","","","","","","","00000000","","CORN","CORN, GRAIN - PRICE RECEIVED, MEASURED IN $ / BU","TOTAL","NOT SPECIFIED","2.04",""
"SURVEY","1998","JAN","","STATE","ILLINOIS","17","","","","","","","00000000","","CORN","CORN, GRAIN - PRICE RECEIVED, MEASURED IN $ / BU","TOTAL","NOT SPECIFIED","2.68",""
"SURVEY","1998","FEB","","STATE","ILLINOIS","17","","","","","","","00000000","","CORN","CORN, GRAIN - PRICE RECEIVED, MEASURED IN $ / BU","TOTAL","NOT SPECIFIED","2.67",""
"SURVEY","1998","MAR","","STATE","ILLINOIS","17","","","","","","","00000000","","CORN","CORN, GRAIN - PRICE RECEIVED, MEASURED IN $ / BU","TOTAL","NOT SPECIFIED","2.65",""
"SURVEY","1998","APR","","STATE","ILLINOIS","17","","","","","","","00000000","","CORN","CORN, GRAIN - PRICE RECEIVED, MEASURED IN $ / BU","TOTAL","NOT SPECIFIED","2.49",""
"SURVEY","1998","MAY","","STATE","ILLINOIS","17","","","","","","","00000000","","CORN","CORN, GRAIN - PRICE RECEIVED, MEASURED IN $ / BU","TOTAL","NOT SPECIFIED","2.4",""
"SURVEY","1998","JUN","","STATE","ILLINOIS","17","","","","","","","00000000","","CORN","CORN, GRAIN - PRICE RECEIVED, MEASURED IN $ / BU","TOTAL","NOT SPECIFIED","2.39",""
"SURVEY","1998","JUL","","STATE","ILLINOIS","17","","","","","","","00000000","","CORN","CORN, GRAIN - PRICE RECEIVED, MEASURED IN $ / BU","TOTAL","NOT SPECIFIED","2.3",""
"SURVEY","1998","AUG","","STATE","ILLINOIS","17","","","","","","","00000000","","CORN","CORN, GRAIN - PRICE RECEIVED, MEASURED IN $ / BU","TOTAL","NOT SPECIFIED","2.01",""
"SURVEY","1998","SEP","","STATE","ILLINOIS","17","","","","","","","00000000","","CORN","CORN, GRAIN - PRICE RECEIVED, MEASURED IN $ / BU","TOTAL","NOT SPECIFIED","1.88",""
"SURVEY","1998","OCT","","STATE","ILLINOIS","17","","","","","","","00000000","","CORN","CORN, GRAIN - PRICE RECEIVED, MEASURED IN $ / BU","TOTAL","NOT SPECIFIED","1.99",""
"SURVEY","1998","NOV","","STATE","ILLINOIS","17","","","","","","","00000000","","CORN","CORN, GRAIN - PRICE RECEIVED, MEASURED IN $ / BU","TOTAL","NOT SPECIFIED","2.03",""
"SURVEY","1998","DEC","","STATE","ILLINOIS","17","","","","","","","00000000","","CORN","CORN, GRAIN - PRICE RECEIVED, MEASURED IN $ / BU","TOTAL","NOT SPECIFIED","2.13",""
"SURVEY","1997","MARKETING YEAR","","STATE","ILLINOIS","17","","","","","","","00000000","","CORN","CORN, GRAIN - PRICE RECEIVED, MEASURED IN $ / BU","TOTAL","NOT SPECIFIED","2.53",""
"SURVEY","1997","JAN","","STATE","ILLINOIS","17","","","","","","","00000000","","CORN","CORN, GRAIN - PRICE RECEIVED, MEASURED IN $ / BU","TOTAL","NOT SPECIFIED","2.77",""
"SURVEY","1997","FEB","","STATE","ILLINOIS","17","","","","","","","00000000","","CORN","CORN, GRAIN - PRICE RECEIVED, MEASURED IN $ / BU","TOTAL","NOT SPECIFIED","2.72",""
"SURVEY","1997","MAR","","STATE","ILLINOIS","17","","","","","","","00000000","","CORN","CORN, GRAIN - PRICE RECEIVED, MEASURED IN $ / BU","TOTAL","NOT SPECIFIED","2.87",""
"SURVEY","1997","APR","","STATE","ILLINOIS","17","","","","","","","00000000","","CORN","CORN, GRAIN - PRICE RECEIVED, MEASURED IN $ / BU","TOTAL","NOT SPECIFIED","2.9",""
"SURVEY","1997","MAY","","STATE","ILLINOIS","17","","","","","","","00000000","","CORN","CORN, GRAIN - PRICE RECEIVED, MEASURED IN $ / BU","TOTAL","NOT SPECIFIED","2.8",""
"SURVEY","1997","JUN","","STATE","ILLINOIS","17","","","","","","","00000000","","CORN","CORN, GRAIN - PRICE RECEIVED, MEASURED IN $ / BU","TOTAL","NOT SPECIFIED","2.64",""
"SURVEY","1997","JUL","","STATE","ILLINOIS","17","","","","","","","00000000","","CORN","CORN, GRAIN - PRICE RECEIVED, MEASURED IN $ / BU","TOTAL","NOT SPECIFIED","2.49",""
"SURVEY","1997","AUG","","STATE","ILLINOIS","17","","","","","","","00000000","","CORN","CORN, GRAIN - PRICE RECEIVED, MEASURED IN $ / BU","TOTAL","NOT SPECIFIED","2.65",""
"SURVEY","1997","SEP","","STATE","ILLINOIS","17","","","","","","","00000000","","CORN","CORN, GRAIN - PRICE RECEIVED, MEASURED IN $ / BU","TOTAL","NOT SPECIFIED","2.68",""
"SURVEY","1997","OCT","","STATE","ILLINOIS","17","","","","","","","00000000","","CORN","CORN, GRAIN - PRICE RECEIVED, MEASURED IN $ / BU","TOTAL","NOT SPECIFIED","2.64",""
"SURVEY","1997","NOV","","STATE","ILLINOIS","17","","","","","","","00000000","","CORN","CORN, GRAIN - PRICE RECEIVED, MEASURED IN $ / BU","TOTAL","NOT SPECIFIED","2.61",""
"SURVEY","1997","DEC","","STATE","ILLINOIS","17","","","","","","","00000000","","CORN","CORN, GRAIN - PRICE RECEIVED, MEASURED IN $ / BU","TOTAL","NOT SPECIFIED","2.65",""
"SURVEY","1996","MARKETING YEAR","","STATE","ILLINOIS","17","","","","","","","00000000","","CORN","CORN, GRAIN - PRICE RECEIVED, MEASURED IN $ / BU","TOTAL","NOT SPECIFIED","2.79",""
"SURVEY","1996","JAN","","STATE","ILLINOIS","17","","","","","","","00000000","","CORN","CORN, GRAIN - PRICE RECEIVED, MEASURED IN $ / BU","TOTAL","NOT SPECIFIED","3.14",""
"SURVEY","1996","FEB","","STATE","ILLINOIS","17","","","","","","","00000000","","CORN","CORN, GRAIN - PRICE RECEIVED, MEASURED IN $ / BU","TOTAL","NOT SPECIFIED","3.53",""
"SURVEY","1996","MAR","","STATE","ILLINOIS","17","","","","","","","00000000","","CORN","CORN, GRAIN - PRICE RECEIVED, MEASURED IN $ / BU","TOTAL","NOT SPECIFIED","3.73",""
"SURVEY","1996","APR","","STATE","ILLINOIS","17","","","","","","","00000000","","CORN","CORN, GRAIN - PRICE RECEIVED, MEASURED IN $ / BU","TOTAL","NOT SPECIFIED","4.09",""
"SURVEY","1996","MAY","","STATE","ILLINOIS","17","","","","","","","00000000","","CORN","CORN, GRAIN - PRICE RECEIVED, MEASURED IN $ / BU","TOTAL","NOT SPECIFIED","4.45",""
"SURVEY","1996","JUN","","STATE","ILLINOIS","17","","","","","","","00000000","","CORN","CORN, GRAIN - PRICE RECEIVED, MEASURED IN $ / BU","TOTAL","NOT SPECIFIED","4.42",""
"SURVEY","1996","JUL","","STATE","ILLINOIS","17","","","","","","","00000000","","CORN","CORN, GRAIN - PRICE RECEIVED, MEASURED IN $ / BU","TOTAL","NOT SPECIFIED","4.7",""
"SURVEY","1996","AUG","","STATE","ILLINOIS","17","","","","","","","00000000","","CORN","CORN, GRAIN - PRICE RECEIVED, MEASURED IN $ / BU","TOTAL","NOT SPECIFIED","4.51",""
"SURVEY","1996","SEP","","STATE","ILLINOIS","17","","","","","","","00000000","","CORN","CORN, GRAIN - PRICE RECEIVED, MEASURED IN $ / BU","TOTAL","NOT SPECIFIED","3.5",""
"SURVEY","1996","OCT","","STATE","ILLINOIS","17","","","","","","","00000000","","CORN","CORN, GRAIN - PRICE RECEIVED, MEASURED IN $ / BU","TOTAL","NOT SPECIFIED","2.94",""
"SURVEY","1996","NOV","","STATE","ILLINOIS","17","","","","","","","00000000","","CORN","CORN, GRAIN - PRICE RECEIVED, MEASURED IN $ / BU","TOTAL","NOT SPECIFIED","2.73",""
"SURVEY","1996","DEC","","STATE","ILLINOIS","17","","","","","","","00000000","","CORN","CORN, GRAIN - PRICE RECEIVED, MEASURED IN $ / BU","TOTAL","NOT SPECIFIED","2.78",""
"SURVEY","1995","MARKETING YEAR","","STATE","ILLINOIS","17","","","","","","","00000000","","CORN","CORN, GRAIN - PRICE RECEIVED, MEASURED IN $ / BU","TOTAL","NOT SPECIFIED","3.3",""
"SURVEY","1995","JAN","","STATE","ILLINOIS","17","","","","","","","00000000","","CORN","CORN, GRAIN - PRICE RECEIVED, MEASURED IN $ / BU","TOTAL","NOT SPECIFIED","2.2",""
"SURVEY","1995","FEB","","STATE","ILLINOIS","17","","","","","","","00000000","","CORN","CORN, GRAIN - PRICE RECEIVED, MEASURED IN $ / BU","TOTAL","NOT SPECIFIED","2.26",""
"SURVEY","1995","MAR","","STATE","ILLINOIS","17","","","","","","","00000000","","CORN","CORN, GRAIN - PRICE RECEIVED, MEASURED IN $ / BU","TOTAL","NOT SPECIFIED","2.32",""
"SURVEY","1995","APR","","STATE","ILLINOIS","17","","","","","","","00000000","","CORN","CORN, GRAIN - PRICE RECEIVED, MEASURED IN $ / BU","TOTAL","NOT SPECIFIED","2.43",""
"SURVEY","1995","MAY","","STATE","ILLINOIS","17","","","","","","","00000000","","CORN","CORN, GRAIN - PRICE RECEIVED, MEASURED IN $ / BU","TOTAL","NOT SPECIFIED","2.47",""
"SURVEY","1995","JUN","","STATE","ILLINOIS","17","","","","","","","00000000","","CORN","CORN, GRAIN - PRICE RECEIVED, MEASURED IN $ / BU","TOTAL","NOT SPECIFIED","2.61",""
"SURVEY","1995","JUL","","STATE","ILLINOIS","17","","","","","","","00000000","","CORN","CORN, GRAIN - PRICE RECEIVED, MEASURED IN $ / BU","TOTAL","NOT SPECIFIED","2.74",""
"SURVEY","1995","AUG","","STATE","ILLINOIS","17","","","","","","","00000000","","CORN","CORN, GRAIN - PRICE RECEIVED, MEASURED IN $ / BU","TOTAL","NOT SPECIFIED","2.66",""
"SURVEY","1995","SEP","","STATE","ILLINOIS","17","","","","","","","00000000","","CORN","CORN, GRAIN - PRICE RECEIVED, MEASURED IN $ / BU","TOTAL","NOT SPECIFIED","2.71",""
"SURVEY","1995","OCT","","STATE","ILLINOIS","17","","","","","","","00000000","","CORN","CORN, GRAIN - PRICE RECEIVED, MEASURED IN $ / BU","TOTAL","NOT SPECIFIED","2.86",""
"SURVEY","1995","NOV","","STATE","ILLINOIS","17","","","","","","","00000000","","CORN","CORN, GRAIN - PRICE RECEIVED, MEASURED IN $ / BU","TOTAL","NOT SPECIFIED","3",""
"SURVEY","1995","DEC","","STATE","ILLINOIS","17","","","","","","","00000000","","CORN","CORN, GRAIN - PRICE RECEIVED, MEASURED IN $ / BU","TOTAL","NOT SPECIFIED","3.09",""
"SURVEY","1994","MARKETING YEAR","","STATE","ILLINOIS","17","","","","","","","00000000","","CORN","CORN, GRAIN - PRICE RECEIVED, MEASURED IN $ / BU","TOTAL","NOT SPECIFIED","2.27",""
"SURVEY","1994","JAN","","STATE","ILLINOIS","17","","","","","","","00000000","","CORN","CORN, GRAIN - PRICE RECEIVED, MEASURED IN $ / BU","TOTAL","NOT SPECIFIED","2.71",""
"SURVEY","1994","FEB","","STATE","ILLINOIS","17","","","","","","","00000000","","CORN","CORN, GRAIN - PRICE RECEIVED, MEASURED IN $ / BU","TOTAL","NOT SPECIFIED","2.86",""
"SURVEY","1994","MAR","","STATE","ILLINOIS","17","","","","","","","00000000","","CORN","CORN, GRAIN - PRICE RECEIVED, MEASURED IN $ / BU","TOTAL","NOT SPECIFIED","2.82",""
"SURVEY","1994","APR","","STATE","ILLINOIS","17","","","","","","","00000000","","CORN","CORN, GRAIN - PRICE RECEIVED, MEASURED IN $ / BU","TOTAL","NOT SPECIFIED","2.75",""
"SURVEY","1994","MAY","","STATE","ILLINOIS","17","","","","","","","00000000","","CORN","CORN, GRAIN - PRICE RECEIVED, MEASURED IN $ / BU","TOTAL","NOT SPECIFIED","2.67",""
"SURVEY","1994","JUN","","STATE","ILLINOIS","17","","","","","","","00000000","","CORN","CORN, GRAIN - PRICE RECEIVED, MEASURED IN $ / BU","TOTAL","NOT SPECIFIED","2.71",""
"SURVEY","1994","JUL","","STATE","ILLINOIS","17","","","","","","","00000000","","CORN","CORN, GRAIN - PRICE RECEIVED, MEASURED IN $ / BU","TOTAL","NOT SPECIFIED","2.31",""
"SURVEY","1994","AUG","","STATE","ILLINOIS","17","","","","","","","00000000","","CORN","CORN, GRAIN - PRICE RECEIVED, MEASURED IN $ / BU","TOTAL","NOT SPECIFIED","2.17",""
"SURVEY","1994","SEP","","STATE","ILLINOIS","17","","","","","","","00000000","","CORN","CORN, GRAIN - PRICE RECEIVED, MEASURED IN $ / BU","TOTAL","NOT SPECIFIED","2.18",""
"SURVEY","1994","OCT","","STATE","ILLINOIS","17","","","","","","","00000000","","CORN","CORN, GRAIN - PRICE RECEIVED, MEASURED IN $ / BU","TOTAL","NOT SPECIFIED","2.03",""
"SURVEY","1994","NOV","","STATE","ILLINOIS","17","","","","","","","00000000","","CORN","CORN, GRAIN - PRICE RECEIVED, MEASURED IN $ / BU","TOTAL","NOT SPECIFIED","2",""
"SURVEY","1994","DEC","","STATE","ILLINOIS","17","","","","","","","00000000","","CORN","CORN, GRAIN - PRICE RECEIVED, MEASURED IN $ / BU","TOTAL","NOT SPECIFIED","2.17",""
"SURVEY","1993","MARKETING YEAR","","STATE","ILLINOIS","17","","","","","","","00000000","","CORN","CORN, GRAIN - PRICE RECEIVED, MEASURED IN $ / BU","TOTAL","NOT SPECIFIED","2.57",""
"SURVEY","1993","JAN","","STATE","ILLINOIS","17","","","","","","","00000000","","CORN","CORN, GRAIN - PRICE RECEIVED, MEASURED IN $ / BU","TOTAL","NOT SPECIFIED","2.08",""
"SURVEY","1993","FEB","","STATE","ILLINOIS","17","","","","","","","00000000","","CORN","CORN, GRAIN - PRICE RECEIVED, MEASURED IN $ / BU","TOTAL","NOT SPECIFIED","2.05",""
"SURVEY","1993","MAR","","STATE","ILLINOIS","17","","","","","","","00000000","","CORN","CORN, GRAIN - PRICE RECEIVED, MEASURED IN $ / BU","TOTAL","NOT SPECIFIED","2.15",""
"SURVEY","1993","APR","","STATE","ILLINOIS","17","","","","","","","00000000","","CORN","CORN, GRAIN - PRICE RECEIVED, MEASURED IN $ / BU","TOTAL","NOT SPECIFIED","2.22",""
"SURVEY","1993","MAY","","STATE","ILLINOIS","17","","","","","","","00000000","","CORN","CORN, GRAIN - PRICE RECEIVED, MEASURED IN $ / BU","TOTAL","NOT SPECIFIED","2.21",""
"SURVEY","1993","JUN","","STATE","ILLINOIS","17","","","","","","","00000000","","CORN","CORN, GRAIN - PRICE RECEIVED, MEASURED IN $ / BU","TOTAL","NOT SPECIFIED","2.11",""
"SURVEY","1993","JUL","","STATE","ILLINOIS","17","","","","","","","00000000","","CORN","CORN, GRAIN - PRICE RECEIVED, MEASURED IN $ / BU","TOTAL","NOT SPECIFIED","2.23",""
"SURVEY","1993","AUG","","STATE","ILLINOIS","17","","","","","","","00000000","","CORN","CORN, GRAIN - PRICE RECEIVED, MEASURED IN $ / BU","TOTAL","NOT SPECIFIED","2.26",""
"SURVEY","1993","SEP","","STATE","ILLINOIS","17","","","","","","","00000000","","CORN","CORN, GRAIN - PRICE RECEIVED, MEASURED IN $ / BU","TOTAL","NOT SPECIFIED","2.23",""
"SURVEY","1993","OCT","","STATE","ILLINOIS","17","","","","","","","00000000","","CORN","CORN, GRAIN - PRICE RECEIVED, MEASURED IN $ / BU","TOTAL","NOT SPECIFIED","2.31",""
"SURVEY","1993","NOV","","STATE","ILLINOIS","17","","","","","","","00000000","","CORN","CORN, GRAIN - PRICE RECEIVED, MEASURED IN $ / BU","TOTAL","NOT SPECIFIED","2.44",""
"SURVEY","1993","DEC","","STATE","ILLINOIS","17","","","","","","","00000000","","CORN","CORN, GRAIN - PRICE RECEIVED, MEASURED IN $ / BU","TOTAL","NOT SPECIFIED","2.69",""
"SURVEY","1992","MARKETING YEAR","","STATE","ILLINOIS","17","","","","","","","00000000","","CORN","CORN, GRAIN - PRICE RECEIVED, MEASURED IN $ / BU","TOTAL","NOT SPECIFIED","2.11",""
"SURVEY","1992","JAN","","STATE","ILLINOIS","17","","","","","","","00000000","","CORN","CORN, GRAIN - PRICE RECEIVED, MEASURED IN $ / BU","TOTAL","NOT SPECIFIED","2.48",""
"SURVEY","1992","FEB","","STATE","ILLINOIS","17","","","","","","","00000000","","CORN","CORN, GRAIN - PRICE RECEIVED, MEASURED IN $ / BU","TOTAL","NOT SPECIFIED","2.58",""
"SURVEY","1992","MAR","","STATE","ILLINOIS","17","","","","","","","00000000","","CORN","CORN, GRAIN - PRICE RECEIVED, MEASURED IN $ / BU","TOTAL","NOT SPECIFIED","2.63",""
"SURVEY","1992","APR","","STATE","ILLINOIS","17","","","","","","","00000000","","CORN","CORN, GRAIN - PRICE RECEIVED, MEASURED IN $ / BU","TOTAL","NOT SPECIFIED","2.56",""
"SURVEY","1992","MAY","","STATE","ILLINOIS","17","","","","","","","00000000","","CORN","CORN, GRAIN - PRICE RECEIVED, MEASURED IN $ / BU","TOTAL","NOT SPECIFIED","2.55",""
"SURVEY","1992","JUN","","STATE","ILLINOIS","17","","","","","","","00000000","","CORN","CORN, GRAIN - PRICE RECEIVED, MEASURED IN $ / BU","TOTAL","NOT SPECIFIED","2.53",""
"SURVEY","1992","JUL","","STATE","ILLINOIS","17","","","","","","","00000000","","CORN","CORN, GRAIN - PRICE RECEIVED, MEASURED IN $ / BU","TOTAL","NOT SPECIFIED","2.35",""
"SURVEY","1992","AUG","","STATE","ILLINOIS","17","","","","","","","00000000","","CORN","CORN, GRAIN - PRICE RECEIVED, MEASURED IN $ / BU","TOTAL","NOT SPECIFIED","2.2",""
"SURVEY","1992","SEP","","STATE","ILLINOIS","17","","","","","","","00000000","","CORN","CORN, GRAIN - PRICE RECEIVED, MEASURED IN $ / BU","TOTAL","NOT SPECIFIED","2.16",""
"SURVEY","1992","OCT","","STATE","ILLINOIS","17","","","","","","","00000000","","CORN","CORN, GRAIN - PRICE RECEIVED, MEASURED IN $ / BU","TOTAL","NOT SPECIFIED","2",""
"SURVEY","1992","NOV","","STATE","ILLINOIS","17","","","","","","","00000000","","CORN","CORN, GRAIN - PRICE RECEIVED, MEASURED IN $ / BU","TOTAL","NOT SPECIFIED","2.01",""
"SURVEY","1992","DEC","","STATE","ILLINOIS","17","","","","","","","00000000","","CORN","CORN, GRAIN - PRICE RECEIVED, MEASURED IN $ / BU","TOTAL","NOT SPECIFIED","2.06",""
"SURVEY","1991","MARKETING YEAR","","STATE","ILLINOIS","17","","","","","","","00000000","","CORN","CORN, GRAIN - PRICE RECEIVED, MEASURED IN $ / BU","TOTAL","NOT SPECIFIED","2.46",""
"SURVEY","1991","JAN","","STATE","ILLINOIS","17","","","","","","","00000000","","CORN","CORN, GRAIN - PRICE RECEIVED, MEASURED IN $ / BU","TOTAL","NOT SPECIFIED","2.33",""
"SURVEY","1991","FEB","","STATE","ILLINOIS","17","","","","","","","00000000","","CORN","CORN, GRAIN - PRICE RECEIVED, MEASURED IN $ / BU","TOTAL","NOT SPECIFIED","2.39",""
"SURVEY","1991","MAR","","STATE","ILLINOIS","17","","","","","","","00000000","","CORN","CORN, GRAIN - PRICE RECEIVED, MEASURED IN $ / BU","TOTAL","NOT SPECIFIED","2.47",""
"SURVEY","1991","APR","","STATE","ILLINOIS","17","","","","","","","00000000","","CORN","CORN, GRAIN - PRICE RECEIVED, MEASURED IN $ / BU","TOTAL","NOT SPECIFIED","2.52",""
"SURVEY","1991","MAY","","STATE","ILLINOIS","17","","","","","","","00000000","","CORN","CORN, GRAIN - PRICE RECEIVED, MEASURED IN $ / BU","TOTAL","NOT SPECIFIED","2.48",""
"SURVEY","1991","JUN","","STATE","ILLINOIS","17","","","","","","","00000000","","CORN","CORN, GRAIN - PRICE RECEIVED, MEASURED IN $ / BU","TOTAL","NOT SPECIFIED","2.4",""
"SURVEY","1991","JUL","","STATE","ILLINOIS","17","","","","","","","00000000","","CORN","CORN, GRAIN - PRICE RECEIVED, MEASURED IN $ / BU","TOTAL","NOT SPECIFIED","2.37",""
"SURVEY","1991","AUG","","STATE","ILLINOIS","17","","","","","","","00000000","","CORN","CORN, GRAIN - PRICE RECEIVED, MEASURED IN $ / BU","TOTAL","NOT SPECIFIED","2.48",""
"SURVEY","1991","SEP","","STATE","ILLINOIS","17","","","","","","","00000000","","CORN","CORN, GRAIN - PRICE RECEIVED, MEASURED IN $ / BU","TOTAL","NOT SPECIFIED","2.39",""
"SURVEY","1991","OCT","","STATE","ILLINOIS","17","","","","","","","00000000","","CORN","CORN, GRAIN - PRICE RECEIVED, MEASURED IN $ / BU","TOTAL","NOT SPECIFIED","2.42",""
"SURVEY","1991","NOV","","STATE","ILLINOIS","17","","","","","","","00000000","","CORN","CORN, GRAIN - PRICE RECEIVED, MEASURED IN $ / BU","TOTAL","NOT SPECIFIED","2.38",""
"SURVEY","1991","DEC","","STATE","ILLINOIS","17","","","","","","","00000000","","CORN","CORN, GRAIN - PRICE RECEIVED, MEASURED IN $ / BU","TOTAL","NOT SPECIFIED","2.44",""
"SURVEY","1990","MARKETING YEAR","","STATE","ILLINOIS","17","","","","","","","00000000","","CORN","CORN, GRAIN - PRICE RECEIVED, MEASURED IN $ / BU","TOTAL","NOT SPECIFIED","2.36",""
"SURVEY","1990","JAN","","STATE","ILLINOIS","17","","","","","","","00000000","","CORN","CORN, GRAIN - PRICE RECEIVED, MEASURED IN $ / BU","TOTAL","NOT SPECIFIED","2.31",""
"SURVEY","1990","FEB","","STATE","ILLINOIS","17","","","","","","","00000000","","CORN","CORN, GRAIN - PRICE RECEIVED, MEASURED IN $ / BU","TOTAL","NOT SPECIFIED","2.34",""
"SURVEY","1990","MAR","","STATE","ILLINOIS","17","","","","","","","00000000","","CORN","CORN, GRAIN - PRICE RECEIVED, MEASURED IN $ / BU","TOTAL","NOT SPECIFIED","2.44",""
"SURVEY","1990","APR","","STATE","ILLINOIS","17","","","","","","","00000000","","CORN","CORN, GRAIN - PRICE RECEIVED, MEASURED IN $ / BU","TOTAL","NOT SPECIFIED","2.61",""
"SURVEY","1990","MAY","","STATE","ILLINOIS","17","","","","","","","00000000","","CORN","CORN, GRAIN - PRICE RECEIVED, MEASURED IN $ / BU","TOTAL","NOT SPECIFIED","2.71",""
"SURVEY","1990","JUN","","STATE","ILLINOIS","17","","","","","","","00000000","","CORN","CORN, GRAIN - PRICE RECEIVED, MEASURED IN $ / BU","TOTAL","NOT SPECIFIED","2.74",""
"SURVEY","1990","JUL","","STATE","ILLINOIS","17","","","","","","","00000000","","CORN","CORN, GRAIN - PRICE RECEIVED, MEASURED IN $ / BU","TOTAL","NOT SPECIFIED","2.71",""
"SURVEY","1990","AUG","","STATE","ILLINOIS","17","","","","","","","00000000","","CORN","CORN, GRAIN - PRICE RECEIVED, MEASURED IN $ / BU","TOTAL","NOT SPECIFIED","2.55",""
"SURVEY","1990","SEP","","STATE","ILLINOIS","17","","","","","","","00000000","","CORN","CORN, GRAIN - PRICE RECEIVED, MEASURED IN $ / BU","TOTAL","NOT SPECIFIED","2.37",""
"SURVEY","1990","OCT","","STATE","ILLINOIS","17","","","","","","","00000000","","CORN","CORN, GRAIN - PRICE RECEIVED, MEASURED IN $ / BU","TOTAL","NOT SPECIFIED","2.26",""
"SURVEY","1990","NOV","","STATE","ILLINOIS","17","","","","","","","00000000","","CORN","CORN, GRAIN - PRICE RECEIVED, MEASURED IN $ / BU","TOTAL","NOT SPECIFIED","2.22",""
"SURVEY","1990","DEC","","STATE","ILLINOIS","17","","","","","","","00000000","","CORN","CORN, GRAIN - PRICE RECEIVED, MEASURED IN $ / BU","TOTAL","NOT SPECIFIED","2.29",""
"SURVEY","1989","MARKETING YEAR","","STATE","ILLINOIS","17","","","","","","","00000000","","CORN","CORN, GRAIN - PRICE RECEIVED, MEASURED IN $ / BU","TOTAL","NOT SPECIFIED","2.4",""
"SURVEY","1989","JAN","","STATE","ILLINOIS","17","","","","","","","00000000","","CORN","CORN, GRAIN - PRICE RECEIVED, MEASURED IN $ / BU","TOTAL","NOT SPECIFIED","2.62",""
"SURVEY","1989","FEB","","STATE","ILLINOIS","17","","","","","","","00000000","","CORN","CORN, GRAIN - PRICE RECEIVED, MEASURED IN $ / BU","TOTAL","NOT SPECIFIED","2.68",""
"SURVEY","1989","MAR","","STATE","ILLINOIS","17","","","","","","","00000000","","CORN","CORN, GRAIN - PRICE RECEIVED, MEASURED IN $ / BU","TOTAL","NOT SPECIFIED","2.67",""
"SURVEY","1989","APR","","STATE","ILLINOIS","17","","","","","","","00000000","","CORN","CORN, GRAIN - PRICE RECEIVED, MEASURED IN $ / BU","TOTAL","NOT SPECIFIED","2.63",""
"SURVEY","1989","MAY","","STATE","ILLINOIS","17","","","","","","","00000000","","CORN","CORN, GRAIN - PRICE RECEIVED, MEASURED IN $ / BU","TOTAL","NOT SPECIFIED","2.68",""
"SURVEY","1989","JUN","","STATE","ILLINOIS","17","","","","","","","00000000","","CORN","CORN, GRAIN - PRICE RECEIVED, MEASURED IN $ / BU","TOTAL","NOT SPECIFIED","2.58",""
"SURVEY","1989","JUL","","STATE","ILLINOIS","17","","","","","","","00000000","","CORN","CORN, GRAIN - PRICE RECEIVED, MEASURED IN $ / BU","TOTAL","NOT SPECIFIED","2.56",""
"SURVEY","1989","AUG","","STATE","ILLINOIS","17","","","","","","","00000000","","CORN","CORN, GRAIN - PRICE RECEIVED, MEASURED IN $ / BU","TOTAL","NOT SPECIFIED","2.31",""
"SURVEY","1989","SEP","","STATE","ILLINOIS","17","","","","","","","00000000","","CORN","CORN, GRAIN - PRICE RECEIVED, MEASURED IN $ / BU","TOTAL","NOT SPECIFIED","2.34",""
"SURVEY","1989","OCT","","STATE","ILLINOIS","17","","","","","","","00000000","","CORN","CORN, GRAIN - PRICE RECEIVED, MEASURED IN $ / BU","TOTAL","NOT SPECIFIED","2.25",""
"SURVEY","1989","NOV","","STATE","ILLINOIS","17","","","","","","","00000000","","CORN","CORN, GRAIN - PRICE RECEIVED, MEASURED IN $ / BU","TOTAL","NOT SPECIFIED","2.28",""
"SURVEY","1989","DEC","","STATE","ILLINOIS","17","","","","","","","00000000","","CORN","CORN, GRAIN - PRICE RECEIVED, MEASURED IN $ / BU","TOTAL","NOT SPECIFIED","2.33",""
"SURVEY","1988","MARKETING YEAR","","STATE","ILLINOIS","17","","","","","","","00000000","","CORN","CORN, GRAIN - PRICE RECEIVED, MEASURED IN $ / BU","TOTAL","NOT SPECIFIED","2.59",""
"SURVEY","1988","JAN","","STATE","ILLINOIS","17","","","","","","","00000000","","CORN","CORN, GRAIN - PRICE RECEIVED, MEASURED IN $ / BU","TOTAL","NOT SPECIFIED","1.81",""
"SURVEY","1988","FEB","","STATE","ILLINOIS","17","","","","","","","00000000","","CORN","CORN, GRAIN - PRICE RECEIVED, MEASURED IN $ / BU","TOTAL","NOT SPECIFIED","1.9",""
"SURVEY","1988","MAR","","STATE","ILLINOIS","17","","","","","","","00000000","","CORN","CORN, GRAIN - PRICE RECEIVED, MEASURED IN $ / BU","TOTAL","NOT SPECIFIED","1.91",""
"SURVEY","1988","APR","","STATE","ILLINOIS","17","","","","","","","00000000","","CORN","CORN, GRAIN - PRICE RECEIVED, MEASURED IN $ / BU","TOTAL","NOT SPECIFIED","1.94",""
"SURVEY","1988","MAY","","STATE","ILLINOIS","17","","","","","","","00000000","","CORN","CORN, GRAIN - PRICE RECEIVED, MEASURED IN $ / BU","TOTAL","NOT SPECIFIED","2.03",""
"SURVEY","1988","JUN","","STATE","ILLINOIS","17","","","","","","","00000000","","CORN","CORN, GRAIN - PRICE RECEIVED, MEASURED IN $ / BU","TOTAL","NOT SPECIFIED","2.51",""
"SURVEY","1988","JUL","","STATE","ILLINOIS","17","","","","","","","00000000","","CORN","CORN, GRAIN - PRICE RECEIVED, MEASURED IN $ / BU","TOTAL","NOT SPECIFIED","2.77",""
"SURVEY","1988","AUG","","STATE","ILLINOIS","17","","","","","","","00000000","","CORN","CORN, GRAIN - PRICE RECEIVED, MEASURED IN $ / BU","TOTAL","NOT SPECIFIED","2.68",""
"SURVEY","1988","SEP","","STATE","ILLINOIS","17","","","","","","","00000000","","CORN","CORN, GRAIN - PRICE RECEIVED, MEASURED IN $ / BU","TOTAL","NOT SPECIFIED","2.63",""
"SURVEY","1988","OCT","","STATE","ILLINOIS","17","","","","","","","00000000","","CORN","CORN, GRAIN - PRICE RECEIVED, MEASURED IN $ / BU","TOTAL","NOT SPECIFIED","2.57",""
"SURVEY","1988","NOV","","STATE","ILLINOIS","17","","","","","","","00000000","","CORN","CORN, GRAIN - PRICE RECEIVED, MEASURED IN $ / BU","TOTAL","NOT SPECIFIED","2.55",""
"SURVEY","1988","DEC","","STATE","ILLINOIS","17","","","","","","","00000000","","CORN","CORN, GRAIN - PRICE RECEIVED, MEASURED IN $ / BU","TOTAL","NOT SPECIFIED","2.53",""
"SURVEY","1987","MARKETING YEAR","","STATE","ILLINOIS","17","","","","","","","00000000","","CORN","CORN, GRAIN - PRICE RECEIVED, MEASURED IN $ / BU","TOTAL","NOT SPECIFIED","1.96",""
"SURVEY","1987","JAN","","STATE","ILLINOIS","17","","","","","","","00000000","","CORN","CORN, GRAIN - PRICE RECEIVED, MEASURED IN $ / BU","TOTAL","NOT SPECIFIED","1.53",""
"SURVEY","1987","FEB","","STATE","ILLINOIS","17","","","","","","","00000000","","CORN","CORN, GRAIN - PRICE RECEIVED, MEASURED IN $ / BU","TOTAL","NOT SPECIFIED","1.45",""
"SURVEY","1987","MAR","","STATE","ILLINOIS","17","","","","","","","00000000","","CORN","CORN, GRAIN - PRICE RECEIVED, MEASURED IN $ / BU","TOTAL","NOT SPECIFIED","1.51",""
"SURVEY","1987","APR","","STATE","ILLINOIS","17","","","","","","","00000000","","CORN","CORN, GRAIN - PRICE RECEIVED, MEASURED IN $ / BU","TOTAL","NOT SPECIFIED","1.56",""
"SURVEY","1987","MAY","","STATE","ILLINOIS","17","","","","","","","00000000","","CORN","CORN, GRAIN - PRICE RECEIVED, MEASURED IN $ / BU","TOTAL","NOT SPECIFIED","1.72",""
"SURVEY","1987","JUN","","STATE","ILLINOIS","17","","","","","","","00000000","","CORN","CORN, GRAIN - PRICE RECEIVED, MEASURED IN $ / BU","TOTAL","NOT SPECIFIED","1.75",""
"SURVEY","1987","JUL","","STATE","ILLINOIS","17","","","","","","","00000000","","CORN","CORN, GRAIN - PRICE RECEIVED, MEASURED IN $ / BU","TOTAL","NOT SPECIFIED","1.66",""
"SURVEY","1987","AUG","","STATE","ILLINOIS","17","","","","","","","00000000","","CORN","CORN, GRAIN - PRICE RECEIVED, MEASURED IN $ / BU","TOTAL","NOT SPECIFIED","1.53",""
"SURVEY","1987","SEP","","STATE","ILLINOIS","17","","","","","","","00000000","","CORN","CORN, GRAIN - PRICE RECEIVED, MEASURED IN $ / BU","TOTAL","NOT SPECIFIED","1.53",""
"SURVEY","1987","OCT","","STATE","ILLINOIS","17","","","","","","","00000000","","CORN","CORN, GRAIN - PRICE RECEIVED, MEASURED IN $ / BU","TOTAL","NOT SPECIFIED","1.6",""
"SURVEY","1987","NOV","","STATE","ILLINOIS","17","","","","","","","00000000","","CORN","CORN, GRAIN - PRICE RECEIVED, MEASURED IN $ / BU","TOTAL","NOT SPECIFIED","1.68",""
"SURVEY","1987","DEC","","STATE","ILLINOIS","17","","","","","","","00000000","","CORN","CORN, GRAIN - PRICE RECEIVED, MEASURED IN $ / BU","TOTAL","NOT SPECIFIED","1.8",""
"SURVEY","1986","MARKETING YEAR","","STATE","ILLINOIS","17","","","","","","","00000000","","CORN","CORN, GRAIN - PRICE RECEIVED, MEASURED IN $ / BU","TOTAL","NOT SPECIFIED","1.54",""
"SURVEY","1986","JAN","","STATE","ILLINOIS","17","","","","","","","00000000","","CORN","CORN, GRAIN - PRICE RECEIVED, MEASURED IN $ / BU","TOTAL","NOT SPECIFIED","2.35",""
"SURVEY","1986","FEB","","STATE","ILLINOIS","17","","","","","","","00000000","","CORN","CORN, GRAIN - PRICE RECEIVED, MEASURED IN $ / BU","TOTAL","NOT SPECIFIED","2.38",""
"SURVEY","1986","MAR","","STATE","ILLINOIS","17","","","","","","","00000000","","CORN","CORN, GRAIN - PRICE RECEIVED, MEASURED IN $ / BU","TOTAL","NOT SPECIFIED","2.35",""
"SURVEY","1986","APR","","STATE","ILLINOIS","17","","","","","","","00000000","","CORN","CORN, GRAIN - PRICE RECEIVED, MEASURED IN $ / BU","TOTAL","NOT SPECIFIED","2.34",""
"SURVEY","1986","MAY","","STATE","ILLINOIS","17","","","","","","","00000000","","CORN","CORN, GRAIN - PRICE RECEIVED, MEASURED IN $ / BU","TOTAL","NOT SPECIFIED","2.45",""
"SURVEY","1986","JUN","","STATE","ILLINOIS","17","","","","","","","00000000","","CORN","CORN, GRAIN - PRICE RECEIVED, MEASURED IN $ / BU","TOTAL","NOT SPECIFIED","2.45",""
"SURVEY","1986","JUL","","STATE","ILLINOIS","17","","","","","","","00000000","","CORN","CORN, GRAIN - PRICE RECEIVED, MEASURED IN $ / BU","TOTAL","NOT SPECIFIED","2.04",""
"SURVEY","1986","AUG","","STATE","ILLINOIS","17","","","","","","","00000000","","CORN","CORN, GRAIN - PRICE RECEIVED, MEASURED IN $ / BU","TOTAL","NOT SPECIFIED","1.77",""
"SURVEY","1986","SEP","","STATE","ILLINOIS","17","","","","","","","00000000","","CORN","CORN, GRAIN - PRICE RECEIVED, MEASURED IN $ / BU","TOTAL","NOT SPECIFIED","1.52",""
"SURVEY","1986","OCT","","STATE","ILLINOIS","17","","","","","","","00000000","","CORN","CORN, GRAIN - PRICE RECEIVED, MEASURED IN $ / BU","TOTAL","NOT SPECIFIED","1.39",""
"SURVEY","1986","NOV","","STATE","ILLINOIS","17","","","","","","","00000000","","CORN","CORN, GRAIN - PRICE RECEIVED, MEASURED IN $ / BU","TOTAL","NOT SPECIFIED","1.47",""
"SURVEY","1986","DEC","","STATE","ILLINOIS","17","","","","","","","00000000","","CORN","CORN, GRAIN - PRICE RECEIVED, MEASURED IN $ / BU","TOTAL","NOT SPECIFIED","1.54",""
