"STATION","DATE","CDSD","CLDD","DP01","DP10","DSND","DSNW","DT00","DT32","DX32","DX70","DX90","EMNT","EMSD","EMSN","EMXP","EMXT","EVAP","HDSD","HN01","HN02","HTDD","HX01","HX02","LN01","LN02","LX01","LX02","MN01","MN02","MN03","MX01","MX02","MX03","PRCP","SNOW","TAVG","TMAX","TMIN","WDMV"
"USC00118740","1990-01","0","0","9","4","0","0","0","27","3","0","0","14","0","0.1","0.33","64",,"3551","43",,"904","47",,"32",,"33",,"36",,,"38",,,"1.01","0.1","35.9","45.1","26.6",
"USC00118740","1990-02","0","0","11","6","0","0","0","20","2","0","0","10","0","0.4","2.30","61",,"4310",,,"759",,,,,,,,,,,,,"6.05","0.5","34.7","43.3","26.0",
"USC00118740","1990-03","11","11","11","5","2","0","0","17","1","4","0","18","1","0.6","1.86","78",,"4929","57","54","619","62","55","34","32","34","32","43","41",,"48","43",,"3.46","1.1","44.6","54.6","34.6",
"USC00118740","1990-04","36","25","10","3","0","0","0","9","0","7","0","21","0","0.0","1.12","86",,"5391","63","63","462","70","64","40","40","46","43","48","48",,"54","50",,"2.14","0.0","50.1","61.4","38.7",
"USC00118740","1990-05","42","6","15","11","0","0","0","0","0","15","0","37","0","0.0","2.80","79",,"5566","63","64","174","72","65","54","55","60","57","48","60","60","71","66","62","8.64","0.0","59.2","69.2","49.2","1836.2"
"USC00118740","1990-06","269","227","14","10","0","0","0","0","0","29","6","43","0","0.0","2.39","94","6.42","5580","77",,"15","85",,"62",,"68",,"60","70",,"83","77",,"8.33","0.0","72.1","82.5","61.7","1511.8"
"USC00118740","1990-07","524","255","9","8","0","0","0","0","0","29","4","55","0","0.0","1.19","96","6.27","4","79",,"4","90",,"69",,"72",,"74",,,"81",,,"3.63","0.0","73.1","83.2","63.0","1299.9"
"USC00118740","1990-08","740","216","6","4","0","0","0","0","0","31","5","51","0","0.0","0.76","97","5.19","6","78","78","2","84","80","69","72","76","73","61","73","74","88","79","76","2.48","0.0","71.9","82.6","61.2","971.8"
"USC00118740","1990-09","894","154","8","6","0","0","0","0","0","25","4","36","0","0.0","0.46","97","4.05","93","79",,"86","84",,"58",,"65",,"57","69",,"82","75",,"1.48","0.0","67.3","78.7","55.8","1017.8"
"USC00118740","1990-10","906","12","10","6","0","0","0","7","0","11","0","28","0","0.0","1.57","85",,"491","64","64","398","69","67","48","49","53","50","56","56",,"60","58",,"6.90","0.0","52.5","65.2","39.9",
"USC00118740","1990-11","906","0","7","4","0","0","0","12","0","6","0","22","0","0.0","1.54","75",,"1039","55",,"547","58",,"44",,"47",,"48",,,"52",,,"3.01","0.0","46.8","57.5","36.0",
"USC00118740","1990-12","906","0","13","11",,"4","3","25","9","0","0","-8",,"4.6","2.41","60",,"2141",,,"1102",,,,,,,,,,,,,"6.18","14.1","29.4","38.3","20.6",
"USC00118740","1991-01","0","0","12","5",,"3","1","29","20","0","0","-8",,"2.2","0.67","40",,"3392","33","32","1252","35","34","32","29","32","30","33","31",,"33","31",,"1.65","5.3","23.3","29.8","16.8",
"USC00118740","1991-02","0","0","6","1","4","0","0","23","5","0","0","4","2","0.6","0.18","60",,"4274","37","35","882","42","37","31","29","32","29","34","32",,"36","33",,"0.33","0.7","33.5","41.4","25.6",
"USC00118740","1991-03","0","0","9","8","0","0","0","17","1","4","0","19","0","0.3","0.97","77",,"4961","51",,"686","59","55","34",,"39","35","40",,,"47","43",,"4.29","0.3","42.9","52.5","33.2",
"USC00118740","1991-04","14","14","10","8","0","0","0","2","0","13","0","32","0","0.0","0.84","80",,"5246","60","57","285","62","58","44","44","50","46","53","51",,"57","53",,"2.63","0.0","56.0","67.2","44.8",
"USC00118740","1991-05","231","217","15","10","0","0","0","0","0","26","4","37","0","0.0","2.05","94",,"5325","75",,"79","79","75","55",,"57","56","60","63",,"84","67","65","9.32","0.0","69.4","79.7","59.2",
"USC00118740","1991-06","553","322","4","2","0","0","0","0","0","30","11","55","0","0.0","0.52","96",,"5325","77","77","0","84","80","69","70","73","71","62","74","74","79","76",,"0.67","0.0","75.8","87.1","64.4",
"USC00118740","1991-07","881","328","6","4","0","0","0","0","0","31","12","55","0","0.0","1.33","97",,"0","82","83","0","91","87","74","77","81","79","64","78","79","90","85","83","2.59","0.0","76.0","87.7","64.3",
"USC00118740","1991-08","1191","309","7","3","0","0","0","0","0","30","11","56","0","0.0","1.72","100",,"0","80","83","0","90","85","72","74","74","76","63","76","77","89","83","80","2.27","0.0","75.0","86.7","63.3","1000.4"
"USC00118740","1991-09","1375","184","9","5","0","0","0","0","0","21","8","35","0","0.0","0.61","96",,"125","77","78","125","83","81","55","58","61","59","53","68","70","76","74",,"2.11","0.0","67.0","80.2","53.8",
"USC00118740","1991-10","1399","24","13","9","0","0","0","4","0","14","0","27","0","0.0","1.14","85",,"402","66","67","277","73","68","47","49","55","52","57","58",,"63","61",,"4.43","0.0","56.4","67.1","45.7",
"USC00118740","1991-11","1399","0","14","9","1","2","0","17","7","1","0","7","3","1.5","0.61","70",,"1223","57",,"820","60",,"35",,"38",,"43",,,"47",,,"2.82","3.8","37.7","45.7","29.6",
"USC00118740","1991-12","1399","0","5","5","0","0","0","24","5","0","0","1","0","0.0","0.59","65",,"2198","44","43","976","50","47","33","31","33","32","37","36",,"39","38",,"1.76","0.0","33.5","40.8","26.2",
"USC00118740","1992-01","0","0","10","4","9","2","4","25","7","0","0","-6","3","1.8","0.30","48",,"3264","40",,"1065","42",,"33",,"33",,"35",,,"37",,,"1.03","4.7","30.6","37.1","24.2",
"USC00118740","1992-02","0","0","8","5","1","1","0","21","3","0","0","13","2","2.1","0.50","63",,"4072","44",,"809","49",,"33",,"33",,"37",,,"41",,,"1.35","2.2","37.1","45.0","29.2",
"USC00118740","1992-03","0","0","16","5","1","0","0","17","2","4","0","16","1","0.6","0.83","77",,"4775","51",,"702","58",,"37",,"41",,"41",,,"48",,,"2.00","1.9","42.3","51.9","32.8",
"USC00118740","1992-04","0","0","18","10","0","0","0","6","0","8","0","26","0","0.2","0.63","78",,"5213","61",,"438","65",,"37",,"44",,"48",,,"56",,,"3.30","0.2","50.4","61.0","39.8",
"USC00118740","1992-05","56","56","10","5","0","0","0","0","0","19","0","34","0","0.0","1.49","86",,"5393","69",,"180","78",,"52",,"59",,"48","60",,"69",,,"3.09","0.0","61.0","73.0","49.0",
"USC00118740","1992-06","200","145","5","4","0","0","0","0","0","28","1","43","0","0.0","1.44","95",,"5420","74",,"27","86",,"61",,"70",,"56","68",,"77",,,"2.47","0.0","68.9","80.5","57.3",
"USC00118740","1992-07","432","231","18","15","0","0","0","0","0","31","1","56","0","0.0","3.15","92",,"0","77",,"0","86",,"68",,"73",,"63","72",,"87","78",,"13.82","0.0","72.5","81.1","63.8",
"USC00118740","1992-08","560","128","8","5","0","0","0","0","0","31","1","50","0","0.0","1.02","91",,"12","74","75","12","81","78","67","69","72","71","58","70","71","85","75","73","2.39","0.0","68.8","79.3","58.2",
"USC00118740","1992-09","649","89","8","6","0","0","0","0","0","25","0","39","0","0.0","0.99","89",,"113","73","73","101","77","74","59","60","64","63","52","67","67","81","72","70","3.14","0.0","64.6","75.9","53.3",
"USC00118740","1992-10","657","8","6","4","0","0","0","3","0","11","0","26","0","0.0","1.38","84",,"454","62","61","342","65","64","50","51","53","53","56","56",,"60","59",,"2.08","0.0","54.2","66.3","42.1",
"USC00118740","1992-11","657","0","18","11","0","0","0","14","1","0","0","22","0","0.2","3.53","64",,"1161",,,"707",,,,,,,,,,,,,"8.03","0.3","40.7","46.4","34.9",
"USC00118740","1992-12","657","0","9","5","2","1","0","26","6","0","0","5","3","3.2","0.66","58",,"2214","40",,"1052","40",,"30",,"32",,"35",,,"37",,,"2.46","5.1","31.0","37.9","24.2",
"USC00118740","1993-01","0","0","11","7","12","2","0","30","14","0","0","8","6","4.5","1.37","56",,"3368",,,"1154","43",,,,"32",,,,,"35",,,"4.39","6.7","27.8","34.6","21.0",
"USC00118740","1993-02","0","0","8","7","13","4","4","28","16","0","0","-9","13","10.2","0.64","63",,"4467","39","35","1099","48","49","32","30","33","31","35","32",,"36","34",,"2.30","17.9","25.8","33.7","17.8",
"USC00118740","1993-03","0","0","12","7","6","1","0","17","3","1","0","10","10","1.6","0.72","74",,"5347","48","47","880","57","50","31","30","32","31","36","34",,"40","36",,"3.04","2.6","36.6","44.1","29.2",
"USC00118740","1993-04","0","0","15","9","0","1","0","6","0","3","0","24","0","1.1","1.19","74",,"5823","56","55","476","59","55","42","39","45","43","49","47",,"53","50",,"5.06","1.1","49.1","58.5","39.8",
"USC00118740","1993-05","49","49","8","5","0","0","0","0","0","23","0","39","0","0.0","0.78","85",,"5938","65","64","114","68","64","56","54","59","56","50","60","59","78","64","61","1.83","0.0","62.9","74.7","51.1",
"USC00118740","1993-06","269","220","15","8","0","0","0","0","0","24","2","41","0","0.0","1.28","94",,"5984","75","75","46","80","76","59","59","61","60","62","67","67","72","70",,"5.47","0.0","70.8","80.9","60.6",
"USC00118740","1993-07","605","336","17","14","0","0","0","0","0","31","4","60","0","0.0","2.04","91",,"0","78","79","0","86","82","72","72","75","74","71","75","75","96","80","78","8.42","0.0","75.8","84.4","67.4",
"USC00118740","1993-08","898","292","15","10","0","0","0","0","0","31","5","52","0","0.0","5.32","91",,"3","80",,"3","87","81","69",,"76","74","75",,,"81","78",,"10.02","0.0","74.3","83.6","65.0",
"USC00118740","1993-09","928","31","12","8","0","0","0","0","0","18","0","33","0","0.0","2.15","82",,"146","74","75","143","79","81","55","57","62","60","65","67",,"70","70",,"7.98","0.0","61.2","70.7","51.8",
"USC00118740","1993-10","930","1","8","6","0","0","0","4","0","7","0","26","0","0.1","2.11","82",,"580","60","59","435","65","62","47","44","50","49","54","54",,"59","57",,"4.10","0.1","51.0","62.6","39.5",
"USC00118740","1993-11","930","0","13","9","3","1","0","18","2","0","0","14","3","3.2","1.26","68",,"1369","50","48","789","53","50","38","29","40","39","43","42",,"47","45",,"4.24","3.7","38.7","47.0","30.4",
"USC00118740","1993-12","930","0","13","5","8","0","1","22","11","0","0","-2","2","0.7","0.48","54",,"2442","42",,"1073","43",,"21",,"32",,"36",,,"38",,,"1.70","2.8","30.4","36.5","24.3",
"USC00118740","1994-01","0","0","10","6","10","4","9","30","20","0","0","-25","4","3.0","0.53","49",,"3877","33","32","1435","33",,"26","25","28",,"31","29",,"31",,,"1.84","7.6","18.7","26.1","11.3",
"USC00118740","1994-02","0","0","9","4","11","2","1","26","15","0","0","-7","3","3.3","0.26","63",,"4978","33","31","1100","36","33","23","12","29","27","30","27",,"31","30",,"0.98","5.9","25.7","34.0","17.4",
"USC00118740","1994-03","0","0","5","3","4","1","0","22","0","2","0","17","5","1.5","0.48","77",,"5767","45","45","789","52","48","32","27","33","31","38","36",,"42","39",,"1.10","1.5","39.5","49.9","29.1",
"USC00118740","1994-04","13","13","15","12","2","1","0","6","0","7","0","16","2","1.7","2.96","83",,"6190","61","59","423","65","61","39","39","43","42","49","48",,"54","51",,"9.27","2.5","51.3","62.4","40.2",
"USC00118740","1994-05","65","52","8","7","0","0","0","0","0","21","0","35","0","0.0","1.54","88",,"6392","69","67","202","76","71","50","51","56","54","59","58",,"66","62",,"4.01","0.0","60.2","72.6","47.7",
"USC00118740","1994-06","356","292",,,"0","0","0","0","0","28","12","51","0","0.0",,"96",,"6404","83","79","12","88","83","63","61","68","65","72","71",,"80","75",,,"0.0","74.3","85.1","63.5",
"USC00118740","1994-07","641","284","8","2","0","0","0","0","0","31","6","54","0","0.0","0.91","94",,"0","81","80","0","98","84","73","73","81","77","77","77",,"86","81",,"1.29","0.0","74.2","85.2","63.1",
"USC00118740","1994-08","814","174","12","9","0","0","0","0","0","31","3","50","0","0.0","0.78","92",,"9","78","80","9","87","83","71","71","72","74","74","75",,"82","79",,"3.65","0.0","70.3","81.2","59.4",
"USC00118740","1994-09","906","92","8","7","0","0","0","0","0","22","1","44","0","0.0","1.33","91",,"89","75","75","80","79","79","63","62","65","64","69","70",,"74","72",,"3.21","0.0","65.4","76.5","54.2",
"USC00118740","1994-10","915","8","6","4","0","0","0","2","0","12","0","29","0","0.0","1.32","87",,"379","66",,"290","69",,"51",,"53",,"60",,,"62",,,"3.11","0.0","55.9","66.7","45.2",
"USC00118740","1994-11","915","0","8","7","0","0","0","8","0","1","0","24","0","0.0","1.43","73",,"946","58","55","567","60","58","42","41","43","43","49","49",,"52","51",,"5.15","0.0","46.1","55.0","37.2",
"USC00118740","1994-12","915","0","7","5","0","0","0","24","4","0","0","13","0","0.6","0.73","61",,"1833","48","47","887","49","48","39","34","39","36","42","39",,"43","40",,"1.90","0.6","36.4","43.6","29.2",
"USC00118740","1995-01","0","0","13","4","12","2","2","24","17","0","0","-4","4","3.2","0.67","59",,"2996","38",,"1162","40","42","26",,"31","31","34",,,"36","35",,"2.13","4.3","26.2","32.8","19.6",
"USC00118740","1995-02","0","0","7","2","7","1","2","26","9","0","0","-2","3","1.6","0.18","61",,"4004","41","36","1008","42","39","32","29","32","30","33","31",,"34","32",,"0.46","2.6","29.0","38.5","19.5",
"USC00118740","1995-03","0","0","10","7","0","0","0","12","3","6","0","14","0","0.4","1.73","76",,"4678","51",,"674","56","53","35",,"35","34","44",,,"47","44",,"2.91","0.4","43.2","53.0","33.5",
"USC00118740","1995-04","0","0","17","11","0","0","0","4","0","6","0","20","0","0.0","0.68","77",,"5131","58",,"452","62",,"45",,"45",,"50",,,"53",,,"3.59","0.0","49.9","60.6","39.3",
"USC00118740","1995-05","13","13","16","11","0","0","0","0","0","18","0","42","0","0.0","2.98","80",,"5301","65",,"171","70","68","51",,"53","52","51","59",,"73","62","61","10.11","0.0","59.9","69.3","50.5",
"USC00118740","1995-06","251","238","10","4","0","0","0","0","0","30","5","51","0","0.0","0.89","98",,"5307","76",,"6","83","79","67",,"70","68","63","72",,"92","77","74","1.93","0.0","72.8","84.0","61.5",
"USC00118740","1995-07","617","366","9","5","0","0","0","0","0","31","12","52","0","0.0","1.14","100",,"1","85","83","1","90","86","72","69","77","75","66","78","77","94","83","81","2.00","0.0","76.8","87.9","65.6",
"USC00118740","1995-08","1049","432","10","9","0","0","0","0","0","31","15","59","0","0.0","1.05","94",,"1","84","83","0","88","85","75","77","80","79","70","80","80","98","84","82","5.35","0.0","78.9","88.3","69.5",
"USC00118740","1995-09","1126","77","4","2","0","0","0","2","0","24","0","30","0","0.0","0.29","89",,"120","77","78","119","82","80","57","59","63","63","54","68","69","80","72","71","0.50","0.0","63.6","76.3","50.9",
"USC00118740","1995-10","1130","4","15","9","0","0","0","4","0","14","0","29","0","0.0","0.74","83",,"453","66","65","333","71","69","51","51","53","53","58","58",,"62","61",,"3.89","0.0","54.4","66.3","42.5",
"USC00118740","1995-11","1130","0","6","5","4","1","0","26","1","0","0","12","2","1.9","0.49","64",,"1354","54","53","900","58","58","42","30","43","40","45","42",,"47","46",,"2.03","1.9","35.0","44.1","25.8",
"USC00118740","1995-12","1130","0","7","3","17","2","1","30","16","0","0","-3","4","3.1","0.86","61",,"2515","41","44","1162","48","47","31","34","32","34","35","37",,"37","38",,"1.62","5.1","27.5","35.3","19.7",
"USC00118740","1996-01","0","0","13","6","17","5","4","29","17","0","0","-9","9","5.7","0.48","59",,"3850","35","37","1335","43","42","29","32","30","33","33","35",,"34","36",,"2.05","16.0","21.9","30.5","13.4",
"USC00118740","1996-02","0","0","8","2","8","1","5","21","10","1","0","-17","1","1.0","0.91","71",,"4882","44","45","1032","54","50","25","29","26","30","32","34",,"35","35",,"1.41","1.9","29.4","38.9","20.0",
"USC00118740","1996-03","0","0","9","5","1","1","0","24","5","1","0","2","2","1.5","1.00","70",,"5843","44","43","961","48","45","31","33","32","33","35","37",,"40","39",,"2.19","1.7","34.0","44.7","23.3",
"USC00118740","1996-04","0","0","10","6","0","0","0","14","0","6","0","24","0","0.0","1.21","77",,"6367","53","55","524","59","57","39","41","44","44","46","48",,"52","51",,"3.58","0.0","47.5","59.4","35.7",
"USC00118740","1996-05","65","65","17","13","0","0","0","0","0","16","0","36","0","0.0","2.04","89",,"6570","66","67","202","70","69","48","51","52","53","52","57","59","76","61","61","8.26","0.0","60.6","70.2","50.9",
"USC00118740","1996-06","280","214","12","10","0","0","0","0","0","27","7","46","0","0.0","2.39","94",,"6594","75","79","24","81","82","59","61","63","63","62","68","71","90","73","74","5.65","0.0","71.3","81.8","60.9",
"USC00118740","1996-07","505","225","9","6","0","0","0","0","0","30","5","52","0","0.0","1.62","95",,"3","76","80","3","84","83","69","70","73","74","61","72","74","92","79","78","3.35","0.0","72.2","83.2","61.2",
"USC00118740","1996-08","774","269","5","4","0","0","0","0","0","31","4","56","0","0.0","0.53","94",,"3","78","79","0","87","83","71","72","76","74","64","74","74","93","81","78","1.43","0.0","73.7","83.8","63.5",
"USC00118740","1996-09","865","91","8","5","0","0","0","0","0","24","0","42","0","0.0","1.73","86",,"107","74","74","104","82","78","55","58","63","62","56","66","67","79","73","71","3.40","0.0","64.6","75.3","53.9",
"USC00118740","1996-10","869","3","6","5","0","0","0","5","0","12","0","27","0","0.0","0.58","81",,"447","61","63","340","71","68","46","50","52","55","43","54","56","67","62","61","1.55","0.0","54.1","66.4","41.9",
"USC00118740","1996-11","869","0","8","7","3","1","0","24","5","0","0","14","2","2.0","1.02","68",,"1350","49","50","904","56","54","33","36","33","36","38","42",,"43","44",,"4.14","2.0","34.9","41.8","27.9",
"USC00118740","1996-12","869","0","8","5","6","3","0","26","8","0","0","4","4","4.6","0.40","58",,"2413","40","40","1062","44","42","29","32","31","33","34","36",,"36","37",,"1.39","7.4","30.7","37.2","24.2",
"USC00118740","1997-01","0","0","11","8","23","5","10","27","21","0","0","-12","12","5.3","0.62","64",,"3793","46","46","1380","54","50","29","33","31","33","33","35",,"35","36",,"2.50","15.6","20.5","28.7","12.2",
"USC00118740","1997-02","0","0","9","4","1","1","0","25","6","0","0","15","2","1.0","1.72","61",,"4677","37","40","883","50","45","31","33","32","33","33","34",,"35","35",,"3.51","1.1","33.5","40.3","26.6",
"USC00118740","1997-03","0","0","12","5","0","0","0","17","1","2","0","15","0","0.0","1.08","78",,"5371",,,"695",,,,,,,,,,,,,"2.93","0.0","41.8","51.9","31.6",
"USC00118740","1997-04","0","0","12","5","0","0","0","11","0","4","0","19","0","0.0","0.21","77",,"5895","54","53","523","66","60","37","41","46","46","45","47",,"57","52",,"1.09","0.0","47.6","59.4","35.8",
"USC00118740","1997-05","9","9","17","10","0","0","0","0","0","11","0","35","0","0.0","1.15","85",,"6147","60","61","253","73","66","47","49","55","54","46","53","55","71","64","60","4.69","0.0","57.1","67.8","46.5",
"USC00118740","1997-06","195","186","12","6","0","0","0","0","0","27","5","51","0","0.0","0.65","93",,"6173","75","73","25","84","75","58","58","60","59","62","65","65","87","74","69","2.37","0.0","70.3","80.0","60.7",
"USC00118740","1997-07","491","295","7","5","0","0","0","0","0","30","6","54","0","0.0","1.00","96",,"4",,,"4",,,,,,,"64",,,"92",,,"2.90","0.0","74.4","84.9","63.9",
"USC00118740","1997-08","664","173","12","9","0","0","0","0","0","30","2","51","0","0.0","2.99","92",,"11","75","75","6","91","81","68","69","73","71","71","72",,"79","76",,"7.02","0.0","70.4","79.7","61.1",
"USC00118740","1997-09","746","82","8","7","0","0","0","0","0","27","0","46","0","0.0","1.43","89",,"68","72","72","57","81","77","61","62","65","64","56","67","68","83","73","71","3.40","0.0","65.8","77.3","54.4",
"USC00118740","1997-10","786","40","4","3","0","0","0","3","0","12","0","28","0","0.0","0.95","86",,"444","66","65","376","71","68","46","48","51","51","56","57",,"61","60",,"1.96","0.0","54.2","65.5","42.8",
"USC00118740","1997-11","786","0","13","10","2","2","0","19","2","0","0","15","2","1.5","0.39","64",,"1261","54","54","817","57","57","38","39","40","40","44","44",,"47","46",,"2.57","3.3","37.7","44.7","30.8",
"USC00118740","1997-12","786","0","11","4","6","0","0","26","6","0","0","9","1","0.9","0.60","56",,"2286","47","47","1024","51","50","35","35","35","36","38","39",,"40","40",,"1.97","3.0","32.0","37.4","26.5",
"USC00118740","1998-01","0","0","11","6","4","1","0","25","10","0","0","6","1","1.4","0.61","58",,"3287","49","48","1002","51","49","33","33","34","34","37","36",,"39","38",,"2.23","1.7","32.7","38.8","26.6",
"USC00118740","1998-02","0","0","11","5","0","0","0","16","0","0","0","22","0","0.0","0.57","64",,"4005","44","44","717","50","48","35","36","37","36","39","39",,"43","41",,"1.81","0.0","39.4","46.4","32.4",
"USC00118740","1998-03","4","4","16","8","8","2","0","18","3","4","0","4","3","4.7","1.19","78",,"4788","58","56","783","63","59","35","35","36","36","42","41",,"46","44",,"6.35","6.6","39.9","47.1","32.7",
"USC00118740","1998-04","4","0","12","10","0","0","0","0","0","4","0","33","0","0.0","0.92","77",,"5157","56","55","370","62","59","46","47","50","50","44","52","52","66","57","55","4.61","0.0","52.7","62.3","43.1",
"USC00118740","1998-05","119","115","13","11","0","0","0","0","0","24","1","49","0","0.0","1.91","92",,"5212",,,"54",,,,,,,,,,,,,"7.81","0.0","66.9","76.8","57.1",
"USC00118740","1998-06","350","231","16","14","0","0","0","0","0","25","6","43","0","0.0","1.57","93","6.54","5263","79","78","51","85","81","60","60","63","63","63","69","68","87","74","71","8.72","0.0","71.0","80.1","61.8","1309.9"
"USC00118740","1998-07","646","296","8","5","0","0","0","0","0","31","2","56","0","0.0","1.44","94",,"0","79","78","0","87","83","71","71","75","75","68","75","75","94","82","79","4.20","0.0","74.6","83.9","65.2",
"USC00118740","1998-08","962","316","9","5","0","0","0","0","0","31","2","59","0","0.0","0.58","93",,"0","78","77","0","85","81","69","71","77","75","66","74","74","93","81","78","1.94","0.0","75.2","84.7","65.7",
"USC00118740","1998-09","1176","214","6","3","0","0","0","0","0","30","7","48","0","0.0","1.33","96",,"11","76","75","11","86","81","66","67","69","68","59","71","72","85","80","77","2.19","0.0","71.8","84.3","59.2",
"USC00118740","1998-10","1187","10","11","6","0","0","0","2","0","11","0","31","0","0.0","1.15","82",,"289","66","67","277","73","71","51","52","57","56","46","58","59","67","63","62","2.94","0.0","56.4","67.3","45.4",
"USC00118740","1998-11","1187","0","8","6","0","0","0","12","0","0","0","21","0","0.0","0.74","68",,"908","60","60","619","62","61","43","44","46","45","48","48",,"51","51",,"2.43","0.0","44.4","53.5","35.2",
"USC00118740","1998-12","1187","0","7","4","1","1","1","22","6","1","0","0","5","4.5","0.30","71",,"1848","56","55","940","59","57","33","34","34","34","42","42",,"44","44",,"0.89","4.6","34.7","43.3","26.1",
"USC00118740","1999-01","0","0","13","9","23","3","6","27","12","0","0","-25","17","10.0","1.18","62",,"3054",,,"1206",,,,,,,,,,,,,"4.88","18.7","24.9","33.0","16.9",
"USC00118740","1999-02","0","0","9","4","1","1","0","21","0","1","0","14","1","1.7","1.46","70",,"3874","43","43","820","52","48","36","36","37","36","38","38",,"41","40",,"2.48","2.7","35.7","43.8","27.7",
"USC00118740","1999-03","0","0","6","4","4","2","0","24","1","2","0","18","5","3.0","0.67","71",,"4714","44","44","840","52","49","35","35","36","36","39","39",,"44","42",,"1.90","5.2","37.9","47.7","28.1",
"USC00118740","1999-04","1","1","14","10","0","0","0","0","0","7","0","34","0","0.0","1.77","78",,"5070","58","56","356","64","60","45","45","50","48","52","51",,"57","54",,"4.78","0.0","53.1","63.3","43.0",
"USC00118740","1999-05","64","63","11","9","0","0","0","0","0","25","0","44","0","0.0","1.15","85",,"5151",,,"81",,,,,,,"53",,,"81",,,"3.52","0.0","64.4","75.6","53.3",
"USC00118740","1999-06","295","231","11","7","0","0","0","0","0","27","6","46","0","0.0","1.93","94",,"5169",,,"18",,,,,,,,,,,,,"6.14","0.0","72.1","81.6","62.6",
"USC00118740","1999-07","700","404","8","7","0","0","0","0","0","31","16","56","0","0.0","1.13","96",,"0",,,"0",,,,,,,,,,,,,"3.82","0.0","78.0","88.1","68.0",
"USC00118740","1999-08","891","191","6","5","0","0","0","0","0","31","0","53","0","0.0","2.96","88",,"0",,,"0",,,,,,,,,,,,,"5.34","0.0","71.1","81.8","60.5",
"USC00118740","1999-09","988","97","3","3","0","0","0","0","0","27","5","38","0","0.0","1.53","94",,"85",,,"85",,,,,,,,,,,,,"1.91","0.0","65.4","80.1","50.8",
"USC00118740","1999-10","992","4","5","3","0","0","0","6","0","13","0","27","0","0.0","0.69","80",,"431",,,"346",,,,,,,,,,,,,"1.92","0.0","54.0","66.4","41.6",
"USC00118740","1999-11","992","0","5","2","0","0","0","12","0","7","0","22","0","0.0","0.49","78",,"964","58","57","533","62","59","43","44","47","46","50","51",,"54","53",,"0.81","0.0","47.2","58.9","35.5",
"USC00118740","1999-12","992","0","15","6","6","2","1","26","7","0","0","-5","3","3.0","0.78","60",,"1992",,,"1028",,,,,,,,,,,,,"2.06","6.0","31.8","40.3","23.4",
"USC00118740","2000-01","0","0","9","4","12","3","3","27","16","0","0","-4","8","4.6","0.63","60",,"3213",,,"1220",,,,,,,,,,,,,"1.55","11.0","25.6","33.9","17.4",
"USC00118740","2000-02","0","0","10","4","10","0","0","21","7","1","0","8","7","0.9","1.39","72",,"4016",,,"804",,,,,,,,,,,,,"2.40","0.9","36.4","45.3","27.6",
"USC00118740","2000-03","0","0","7","4","1","1","0","14","1","5","0","16","2","2.2","1.04","79",,"4636","51","50","619","56","52","42","42","44","44","46","45",,"51","48",,"1.77","2.2","45.0","56.2","33.8",
"USC00118740","2000-04","0","0","12","6","0","0","0","6","0","9","0","21","0","0.0","1.22","76",,"5066","58","56","430","63","59","46","46","51","49","51","50",,"56","53",,"2.79","0.0","50.6","62.7","38.6",
"USC00118740","2000-05","76","76","14","9","0","0","0","0","0","23","0","39","0","0.0","2.85","87",,"5168","68","65","101","74","69","57","56","61","58","64","62",,"69","64",,"6.18","0.0","64.2","74.9","53.5",
"USC00118740","2000-06","255","180","12","8","0","0","0","0","0","29","0","48","0","0.0","1.26","89",,"5191","76","72","23","83","76","65","63","70","67","72","69",,"77","72",,"4.52","0.0","70.2","80.1","60.4",
"USC00118740","2000-07","502","247","10","3","0","0","0","0","0","31","0","53","0","0.0","1.82","88",,"0","80","76","0","85","79","73","70","79","74","77","74",,"82","77",,"2.45","0.0","73.0","82.7","63.3",
"USC00118740","2000-08","783","280","11","7","0","0","0","0","0","31","5","55","0","0.0","1.84","97",,"0","79","76","0","86","80","73","71","77","73","76","74",,"83","77",,"3.59","0.0","74.0","84.9","63.2",
"USC00118740","2000-09","902","119","9","7","0","0","0","0","0","25","4","37","0","0.0","1.02","94",,"98","79","76","98","87","80","59","60","65","63","70","69",,"76","72",,"4.24","0.0","65.7","78.5","52.9",
"USC00118740","2000-10","923","21","8","4","0","0","0","4","0","15","0","29","0","0.0","1.10","84",,"359","66","64","261","71","67","53","53","58","56","60","59",,"64","61",,"2.76","0.0","57.3","68.7","45.8",
"USC00118740","2000-11","925","1","7","5","0","0","0","15","4","1","0","12","0","0.0","1.85","79",,"1176","61","59","817","64","61","36","36","36","37","46","46",,"49","48",,"3.84","0.0","37.8","45.5","30.1",
"USC00118740","2000-12","925","0","15","3",,"6","5","29","21","0","0","-4",,"4.9","0.76","40",,"2571","40","40","1395","41","40","34","34","34","34","35","35",,"36","36",,"1.73","14.7","16.8","24.4","9.2",
"USC00118740","2001-01","0","0","9","4","26","1","1","31","14","0","0","0","9","2.7","0.50","44",,"3798","36","35","1226","36","36","34","33","34","33","35","34",,"35","35",,"1.32","3.7","25.4","32.1","18.8",
"USC00118740","2001-02","0","0","11","6","1","1","1","27","6","0","0","-1","3","2.4","1.85","59",,"4717","39","39","919","46","44","34","33","34","33","36","35",,"38","37",,"3.85","3.0","30.7","39.6","21.9",
"USC00118740","2001-03","0","0","8","2","1","0","0","24","1","0","0","14","1","0.6","0.45","62",,"5584","44","43","866","53","47","36","35","39","37","39","39",,"44","42",,"0.85","1.3","37.0","46.5","27.6",
"USC00118740","2001-04","40","40","9","3","0","0","0","4","0","17","0","28","0","0.0","0.43","88",,"5839","63","59","256","69","62","44","43","50","47","55","53",,"62","56",,"1.09","0.0","57.8","69.9","45.8",
"USC00118740","2001-05","127","87","15","10","0","0","0","0","0","20","2","39","0","0.0","0.56","92",,"5953","74","68","114","81","72","60","57","68","63","67","63",,"74","67",,"3.83","0.0","64.1","75.6","52.7",
"USC00118740","2001-06","317","189","7","5","0","0","0","0","0","25","6","46","0","0.0","0.93","92",,"5994","81","73","40","88","77","63","60","67","62","73","68",,"81","72",,"2.83","0.0","70.0","80.5","59.4",
"USC00118740","2001-07","644","327","8","6","0","0","0","0","0","31","12","48","0","0.0","1.52","96",,"3","83","79","3","92","84","71","70","81","73","76","75",,"85","80",,"3.64","0.0","75.5","86.3","64.6",
"USC00118740","2001-08","947","303","10","6","0","0","0","0","0","31","5","55","0","0.0","1.70","95",,"3","80","81","0","89","85","67","70","75","74","74","76",,"83","80",,"4.80","0.0","74.8","85.5","64.0",
"USC00118740","2001-09","1022","75","6","4","0","0","0","0","0","25","0","38","0","0.0","1.65","89",,"88","74","75","85","81","78","59","62","65","65","67","69",,"73","72",,"3.56","0.0","64.7","76.6","52.7",
"USC00118740","2001-10","1030","8","11","9","0","0","0","3","0","8","0","26","0","0.0","1.65","83",,"469","62","63","381","68","66","44","48","49","51","54","56",,"60","59",,"6.45","0.0","53.0","62.9","43.1",
"USC00118740","2001-11","1030","0","10","4","0","0","0","7","0","6","0","27","0","0.0","0.63","75",,"942","53","54","472","60","58","43","46","45","47","47","50",,"53","53",,"1.91","0.0","49.2","60.6","37.9",
"USC00118740","2001-12","1030","0","10","6","0","1","0","20","7","0","0","5","0","1.0","0.51","66",,"1874","51","51","932","55","54","31","34","32","34","40","42",,"43","44",,"2.22","1.7","34.9","42.3","27.6",
"USC00118740","2002-01","0","0","8","3","0","0","0","25","5","0","0","6","0","0.3","1.14","64",,"2836","41","42","963","45","43","29","32","31","32","33","35",,"36","36",,"2.81","0.8","33.9","43.1","24.8",
"USC00118740","2002-02","0","0","6","5","3","2","0","26","3","0","0","1","3","2.4","2.01","59",,"3727","40","42","891","46","44","33","35","33","35","35","37",,"40","40",,"2.95","3.4","33.2","42.3","24.1",
"USC00118740","2002-03","0","0","12","6","6","1","0","19","5","0","0","1","6","6.1","0.69","69",,"4622","44","45","895","52","49","32","34","32","34","37","39",,"42","42",,"3.10","6.7","36.1","45.8","26.5",
"USC00118740","2002-04","33","33","10","6","0","0","0","6","0","8","0","24","0","0.0","1.66","86",,"5025","64","64","403","73","69","37","40","44","44","49","51",,"58","55",,"4.21","0.0","52.7","63.4","42.0",
"USC00118740","2002-05","76","42","15","14","0","0","0","0","0","15","1","35","0","0.0","1.33","93",,"5264","68","68","239","77","72","51","54","59","58","58","60",,"65","63",,"6.30","0.0","58.7","70.0","47.3",
"USC00118740","2002-06","350","274","10","5","0","0","0","0","0","28","9","53","0","0.0","1.41","93",,"5272","75","76","8","85","80","65","67","70","70","71","71",,"78","75",,"2.78","0.0","73.9","84.6","63.2",
"USC00118740","2002-07","782","432","8","5","0","0","0","0","0","31","19","60","0","0.0","0.88","98",,"0","80","81","0","94","87","73","75","83","80","77","78",,"88","83",,"2.73","0.0","78.9","89.7","68.2",
"USC00118740","2002-08","1091","309","9","7","0","0","0","0","0","31","8","57","0","0.0","3.02","94",,"0","81","82","0","94","88","70","72","76","75","75","77",,"85","82",,"7.28","0.0","75.0","84.6","65.4",
"USC00118740","2002-09","1266","175","7","4","0","0","0","0","0","29","5","44","0","0.0","0.98","92",,"25","76","77","25","84","81","62","65","69","69","69","72",,"78","76",,"1.77","0.0","70.0","81.8","58.2",
"USC00118740","2002-10","1299","33","8","5","0","0","0","2","0","10","0","31","0","0.0","0.95","89",,"447","71","72","422","77","74","49","52","51","53","56","60",,"62","62",,"3.17","0.0","52.4","62.3","42.6",
"USC00118740","2002-11","1299","0","9","3","0","0","0","19","1","0","0","19","0","0.4","0.32","66",,"1214","49","53","767","57","56","35","39","38","40","42","46",,"47","48",,"0.86","0.5","39.5","47.9","30.9",
"USC00118740","2002-12","1299","0","6","4","6","2","0","26","8","0","0","9","8","5.7","0.83","59",,"2241","44","44","1028","47","47","32","35","33","35","35","38",,"37","39",,"1.54","7.5","31.9","39.8","23.8",
"USC00118740","2003-01","0","0","8","5","19","3","7","30","19","0","0","-7","2","2.0","0.24","55",,"3602","37","40","1360","41","42","26","30","28","31","31","34",,"33","35",,"0.79","8.0","21.1","29.3","12.9",
"USC00118740","2003-02","0","0","9","4","15","4","0","28","14","0","0","2","4","5.0","0.61","56",,"4718","32","33","1116","32","33","28","32","31","32","31","33",,"32","33",,"1.60","10.4","25.1","33.0","17.2",
"USC00118740","2003-03","0","0","12","5","0","0","0","17","2","5","0","9","0","0.5","1.11","75",,"5411","51","51","692","58","55","32","33","32","33","40","42",,"47","45",,"2.08","1.2","42.7","54.1","31.2",
"USC00118740","2003-04","11","11","10","7","0","0","0","5","0","14","0","29","0","0.0","0.47","84",,"5752","57","58","341","66","62","41","45","45","48","50","53",,"58","56",,"2.20","0.0","54.0","65.4","42.6",
"USC00118740","2003-05","40","29","13","9","0","0","0","0","0","18","0","37","0","0.0","1.11","87",,"5892","65","67","140","72","70","55","57","57","60","60","63",,"68","66",,"3.59","0.0","61.4","71.4","51.4",
"USC00118740","2003-06","168","128","11","9","0","0","0","0","0","27","2","42","0","0.0","0.96","91",,"5935","73","75","43","84","80","58","60","60","62","66","69",,"75","72",,"3.04","0.0","67.8","78.7","56.9",
"USC00118740","2003-07","463","295","10","7","0","0","0","0","0","31","6","55","0","0.0","3.25","96",,"0","78","79","0","87","83","71","74","78","77","74","76",,"83","80",,"6.98","0.0","74.5","84.9","64.1",
"USC00118740","2003-08","765","303","9","5","0","0","0","0","0","31","6","58","0","0.0","2.75","98",,"0","77","79","0","86","83","72","75","79","78","74","77",,"82","80",,"6.27","0.0","74.8","85.3","64.2",
"USC00118740","2003-09","827","62","9","5","0","0","0","0","0","21","0","36","0","0.0","1.91","85",,"103","72","74","103","77","77","57","61","62","63","66","69",,"72","72",,"4.07","0.0","63.7","75.0","52.4",
"USC00118740","2003-10","833","5","5","3","0","0","0","1","0","14","0","30","0","0.0","0.67","83",,"434","62","64","331","67","66","49","53","51","54","55","58",,"60","61",,"1.31","0.0","54.5","66.1","42.9",
"USC00118740","2003-11","835","2","15","8","0","0","0","12","1","3","0","22","0","0.3","2.45","77",,"1042","58","61","608","63","62","40","44","43","45","48","51",,"52","54",,"4.94","0.3","44.8","53.7","35.9",
"USC00118740","2003-12","835","0","13","8","6","3","0","26","8","0","0","10","3","2.2","0.78","53",,"2031","43",,"990","48",,"34",,"35",,"37",,,"40",,,"3.11","5.6","33.1","39.9","26.3",
"USC00118740","2004-01","0","0","8","4","6","3","3","29","16","0","0","-12","4","2.6","0.82","63",,"3303","43","44","1271","48","48","30","33","31","33","33","36",,"35","37",,"2.18","5.2","24.0","32.0","16.0",
"USC00118740","2004-02","0","0","8","2","15","0","0","26","11","0","0","7","5","0.8","0.17","61",,"4317","36","38","1015","43","42","30","33","31","33","32","34",,"33","35",,"0.56","2.7","30.0","38.5","21.5",
"USC00118740","2004-03","0","0","19","9","2","1","0","15","0","2","0","17","2","1.2","2.92","75",,"4968","53","55","650","61","58","36","40","40","42","42","45",,"48","48",,"7.74","2.4","44.0","53.5","34.6",
"USC00118740","2004-04","15","15","6","4","0","0","0","4","0","11","0","30","0","0.0","0.94","85",,"5319","60","61","351","68","64","45","49","52","52","52","54",,"59","58",,"1.88","0.0","53.8","65.4","42.3",
"USC00118740","2004-05","134","119","15","9","0","0","0","0","0","26","0","38","0","0.0","1.15","87",,"5416","71","71","97","76","74","53","56","57","58","64","65",,"70","68",,"4.39","0.0","65.7","76.0","55.4",
"USC00118740","2004-06","292","157","12","6","0","0","0","0","0","30","2","49","0","0.0","2.21","91",,"5436","76","77","20","82","79","64","68","72","72","70","72",,"77","75",,"3.77","0.0","69.6","79.8","59.3",
"USC00118740","2004-07","528","236","12","8","0","0","0","0","0","31","3","53","0","0.0","1.32","90",,"0","77","79","0","84","81","69","72","76","75","73","75",,"80","78",,"5.72","0.0","72.6","81.9","63.3",
"USC00118740","2004-08","659","131","10","9","0","0","0","0","0","27","0","48","0","0.0","1.07","88",,"31",,,"31",,,,,,,,,,,,,"3.59","0.0","68.3","78.7","57.8",
"USC00118740","2004-09","787","128","2","1","0","0","0","0","0","30","0","43","0","0.0","2.18","88",,"51",,,"20",,,,,,,,,,,,,"2.19","0.0","68.6","81.3","55.9",
"USC00118740","2004-10","794","7","14","10","0","0","0","2","0","10","0","29","0","0.0","0.71","81",,"361",,,"310",,,,,,,,,,,,,"3.71","0.0","54.6","64.8","44.4",
"USC00118740","2004-11","794","0","17","11","1","1","0","9","0","1","0","22","1","1.3","1.26","70",,"954",,,"594",,,,,,,,,,,,,"5.16","1.3","45.2","52.8","37.6",
"USC00118740","2004-12","794","0","6","4","1","0","1","23","9","0","0","0","1","0.4","0.93","64",,"1978",,,"1023",,,,,,,,,,,,,"2.02","0.4","32.0","40.1","23.9",
"USC00118740","2005-01","0","0","17","10","15","4","1","25","14","0","0","-1","3","3.3","1.45","63",,"3131",,,"1153",,,,,,,,,,,,,"6.20","9.4","27.8","34.6","21.0",
"USC00118740","2005-02","0","0","10","4","5","0","0","22","4","0","0","17","2","0.9","0.88","65",,"3979",,,"848",,,,,,,,,,,,,"2.00","2.1","34.7","42.2","27.2",
"USC00118740","2005-03","0","0","7","4","1","0","0","22","1","2","0","15","1","0.1","0.83","75",,"4808",,,"829",,,,,,,,,,,,,"1.73","0.2","38.3","48.3","28.3",
"USC00118740","2005-04","7","7","8","6","0","0","0","0","0","13","0","33","0","0.0","1.98","82",,"5125",,,"317",,,,,,,,,,,,,"3.98","0.0","54.7","67.0","42.3",
"USC00118740","2005-05","40","33","5","2","0","0","0","2","0","24","0","31","0","0.0","0.75","87",,"5280",,,"155",,,,,,,,,,,,,"0.98","0.0","61.0","74.2","47.7",
"USC00118740","2005-06","342","302","6","3","0","0","0","0","0","29","16","54","0","0.0","1.62","95",,"5281",,,"1",,,,,,,,,,,,,"2.42","0.0","75.0","86.3","63.7",
"USC00118740","2005-07","685","343","10","10","0","0","0","0","0","31","8","56","0","0.0","1.07","95",,"0",,,"0",,,,,,,,,,,,,"4.30","0.0","76.1","86.6","65.6",
"USC00118740","2005-08","1020","335","10","3","0","0","0","0","0","31","10","56","0","0.0","1.02","96",,"0",,,"0",,,,,,,,,,,,,"2.26","0.0","75.8","85.9","65.7",
"USC00118740","2005-09","1226","207","7","7","0","0","0","0","0","27","9","39","0","0.0","1.67","96",,"29",,,"29",,,,,,,,,,,,,"5.66","0.0","70.9","83.4","58.4",
"USC00118740","2005-10","1263","36","7","2","0","0","0","2","0","12","0","31","0","0.0","1.05","88",,"349",,,"320",,,,,,,,,,,,,"1.28","0.0","55.8","66.6","45.0",
"USC00118740","2005-11","1263","0","7","6","0","0","0","13","2","2","0","15","0","0.0","1.33","71",,"989",,,"640",,,,,,,,,,,,,"3.72","0.0","43.7","54.0","33.4",
"USC00118740","2005-12","1263","0","12","4","23","4","0","26","17","0","0","1","7","5.6","0.81","52",,"2234",,,"1246",,,,,,,,,,,,,"1.87","11.2","24.8","31.4","18.2",
"USC00118740","2006-01","0","0","9","5","0","0","0","19","2","0","0","20","0","0.2","0.69","61",,"3077",,,"842",,,,,,,,,,,,,"1.78","0.4","37.8","45.4","30.2",
"USC00118740","2006-02","0","0","6","2","0","0","1","27","7","0","0","-1","0","0.1","0.30","60",,"4029",,,"952",,,,,,,,,,,,,"0.52","0.2","31.0","41.7","20.3",
"USC00118740","2006-03","0","0","13","7","0","1","0","19","0","2","0","19","0","1.6","1.05","75",,"4747",,,"718",,,,,,,,,,,,,"3.47","2.2","41.8","51.2","32.5",
"USC00118740","2006-04","16","16","12","8","0","0","0","2","0","16","0","28","0","0.0","1.22","83",,"5009",,,"262",,,,,,,,,,,,,"4.41","0.0","56.5","68.1","44.9",
"USC00118740","2006-05","105","88","15","8","0","0","0","0","0","20","3","42","0","0.0","0.77","92",,"5187",,,"178",,,,,,,,,,,,,"3.06","0.0","62.1","72.4","51.9",
"USC00118740","2006-06","306","201","11","5","0","0","0","0","0","27","4","52","0","0.0","0.44","94",,"5197",,,"10",,,,,,,,,,,,,"1.66","0.0","71.4","82.3","60.4",
"USC00118740","2006-07","670","363","15","9","0","0","0","0","0","31","11","56","0","0.0","1.81","94",,"0",,,"0",,,,,,,,,,,,,"7.86","0.0","76.7","87.2","66.2",
"USC00118740","2006-08","948","278","13","7","0","0","0","0","0","31","2","58","0","0.0","0.77","94",,"0",,,"0",,,,,,,,,,,,,"3.00","0.0","74.0","82.8","65.1",
"USC00118740","2006-09","1007","59","8","4","0","0","0","0","0","24","0","40","0","0.0","0.62","88",,"95",,,"95",,,,,,,,,,,,,"1.34","0.0","63.8","74.7","52.9",
"USC00118740","2006-10","1033","25","10","7","0","0","0","8","0","8","0","27","0","0.0","2.15","89",,"542",,,"447",,,,,,,,,,,,,"3.78","0.0","51.4","62.5","40.3",
"USC00118740","2006-11","1033","0","9","6","0","0","0","15","0","2","0","18","0","0.0","0.54","72",,"1179",,,"637",,,,,,,,,,,,,"2.35","0.0","43.8","53.0","34.5",
"USC00118740","2006-12","1033","0","9","6","1","0","0","19","4","0","0","5","1","0.5","1.26","61",,"2041",,,"862",,,,,,,,,,,,,"4.68","0.5","35.9","44.3","27.6",
"USC00118740","2007-01","0","0","9","5","6","2","0","25","12","0","0","4","2","2.2","1.06","53",,"3135",,,"1094",,,,,,,,,,,,,"3.03","3.7","29.7","36.1","23.3",
"USC00118740","2007-02","0","0","6","5","22","4","7","28","19","0","0","-8","15","6.5","0.74","44",,"4417",,,"1281",,,,,,,,,,,,,"2.07","20.0","19.2","26.7","11.8",
"USC00118740","2007-03","13","13","13","9","1","0","0","12","2","10","0","14","2","0.2","0.48","80",,"4957",,,"541",,,,,,,,,,,,,"2.24","0.2","48.0","58.5","37.5",
"USC00118740","2007-04","22","9","9","7","0","0","0","8","0","12","0","21","0","0.0","0.52","87",,"5409",,,"451",,,,,,,,,,,,,"2.43","0.0","50.3","61.2","39.3",
"USC00118740","2007-05","158","135","8","3","0","0","0","0","0","28","1","38","0","0.0","0.93","90",,"5450",,,"41",,,,,,,,,,,,,"1.63","0.0","68.1","80.7","55.4",
"USC00118740","2007-06","413","255","11","9","0","0","0","0","0","30","7","49","0","0.0","1.34","94",,"5451",,,"1",,,,,,,,,,,,,"5.68","0.0","73.5","84.4","62.5",
"USC00118740","2007-07","657","244","10","4","0","0","0","0","0","31","0","56","0","0.0","1.26","89",,"0",,,"0",,,,,,,,,,,,,"3.44","0.0","72.9","83.1","62.6",
"USC00118740","2007-08","1065","407","8","7","0","0","0","0","0","31","16","58","0","0.0","0.42","97",,"0",,,"0",,,,,,,,,,,,,"1.48","0.0","78.2","88.8","67.4",
"USC00118740","2007-09","1263","198","7","5","0","0","0","0","0","29","9","41","0","0.0","1.04","96",,"25",,,"25",,,,,,,,,,,,,"2.06","0.0","70.8","84.0","57.5",
"USC00118740","2007-10","1335","72","9","8","0","0","0","1","0","16","4","32","0","0.0","1.11","92",,"258",,,"232",,,,,,,,,,,,,"3.29","0.0","59.8","70.8","48.9",
"USC00118740","2007-11","1335","0","8","5","0","0","0","16","0","0","0","22","0","0.0","1.96","69",,"940",,,"682",,,,,,,,,,,,,"3.65","0.0","42.3","51.8","32.7",
"USC00118740","2007-12","1335","0","18","9","9","2","0","27","13","0","0","9","5","4.9","0.49","61",,"1891",,,"951",,,,,,,,,,,,,"2.95","7.8","30.1","36.9","23.2",
"USC00118740","2008-01","0","0","10","4","0","0","3","27","11","0","0","-4","0","0.5","1.40","67",,"3056",,,"1165",,,,,,,,,,,,,"2.31","1.3","26.0","35.4","16.5",
"USC00118740","2008-02","0","0","17","7","13","4","0","28","14","0","0","3","6","6.2","2.23","55",,"4201",,,"1145",,,,,,,,,,,,,"5.96","15.2","25.5","33.3","17.8",
"USC00118740","2008-03","0","0","11","6","2","1","0","18","3","0","0","13","2","2.0","0.71","67",,"5018",,,"817",,,,,,,,,,,,,"2.85","2.0","38.6","47.3","30.0",
"USC00118740","2008-04","6","6","12","7","0","0","0","5","0","7","0","28","0","0.0","1.29","81",,"5438",,,"420",,,,,,,,,,,,,"3.01","0.0","51.2","61.9","40.5",
"USC00118740","2008-05","27","21","15","11","0","0","0","0","0","13","0","37","0","0.0","1.40","86",,"5663",,,"225",,,,,,,,,,,,,"6.07","0.0","58.4","68.8","48.0",
"USC00118740","2008-06","273","246","11","8","0","0","0","0","0","30","0","55","0","0.0","2.46","89",,"5663",,,"0",,,,,,,,,,,,,"6.41","0.0","73.2","83.4","63.0",
"USC00118740","2008-07","544","271","15","9","0","0","0","0","0","31","0","56","0","0.0","1.88","89",,"0",,,"0",,,,,,,,,,,,,"7.89","0.0","73.7","83.8","63.7","781.1"
"USC00118740","2008-08","763","218","9","3","0","0","0","0","0","31","1","55","0","0.0","0.34","90",,"0",,,"0",,,,,,,,,,,,,"0.80","0.0","72.0","82.4","61.7",
"USC00118740","2008-09","865","103","10","8","0","0","0","0","0","26","1","47","0","0.0","3.30","92",,"30",,,"30",,,,,,,,,,,,,"8.15","0.0","67.4","77.5","57.3",
"USC00118740","2008-10","881","16","6","5","0","0","0","3","0","11","0","29","0","0.0","1.12","85","2.99","364",,,"334",,,,,,,,,,,,,"2.96","0.0","54.7","66.5","43.0","876.8"
"USC00118740","2008-11","881","0","7","6","1","1","0","18","1","5","0","14","2","2.4","0.27","73",,"1129",,,"765",,,,,,,,,,,,,"1.31","2.4","39.5","48.0","31.0",
"USC00118740","2008-12","881","0","14","7","9","2","2","28","15","0","0","-2","4","1.5","1.41","62",,"2293",,,"1164",,,,,,,,,,,,,"4.90","4.3","26.2","34.4","18.0",
"USC00118740","2009-01","0","0","6","3","14","2","4","31","20","0","0","-17","5","4.5","0.37","46",,"3724",,,"1431",,,,,,,,,,,,,"0.68","10.0","18.8","27.7","9.9",
"USC00118740","2009-02","0","0","8","4","6","1","2","24","8","0","0","-2","4","1.1","0.79","62",,"4672",,,"948",,,,,,,,,,,,,"1.69","2.0","31.1","40.5","21.7",
"USC00118740","2009-03","0","0","7","6","0","0","0","14","4","3","0","10","0","0.2","0.76","75",,"5340",,,"668",,,,,,,,,,,,,"2.62","0.2","43.4","54.8","32.2",
"USC00118740","2009-04","20","20","14","11","0","0","0","7","0","9","0","29","0","0.4","1.85","82",,"5775",,,"435",,,,,,,,,,,,,"6.94","0.4","51.2","61.3","41.0",
"USC00118740","2009-05","79","59","14","8","0","0","0","0","0","19","0","42","0","0.0","1.44","86",,"5888",,,"113",,,,,,,,,,,,,"5.71","0.0","63.2","73.9","52.6",
"USC00118740","2009-06","378","299","14","9","0","0","0","0","0","29","10","49","0","0.0","1.13","97",,"5901",,,"12",,,,,,,"66",,,"92",,,"4.42","0.0","74.5","84.5","64.6",
"USC00118740","2009-07","533","156","12","6","0","0","0","0","0","29","0","56","0","0.0","1.67","87",,"1",,,"1",,,,,,,"66",,,"89",,,"6.31","0.0","70.0","79.2","60.8",
"USC00118740","2009-08","717","183","12","6","0","0","0","0","0","30","3","47","0","0.0","2.67","91",,"16",,,"15",,,,,,,,,,,,,"5.63","0.0","70.4","80.4","60.4",
"USC00118740","2009-09","803","86","7","2","0","0","0","0","0","25","0","47","0","0.0","0.40","83",,"51",,,"34",,,,,,,,,,,,,"0.81","0.0","66.7","76.4","57.0",
"USC00118740","2009-10","803","0","20","13","0","0","0","1","0","2","0","31","0","0.0","1.97","72",,"523",,,"472",,,,,,,,,,,,,"8.80","0.0","49.8","58.0","41.5",
"USC00118740","2009-11","803","0","12","6","0","0","0","9","0","2","0","28","0","0.0","1.51","74",,"1087",,,"564",,,,,,,,,,,,,"3.93","0.0","46.2","55.6","36.8",
"USC00118740","2009-12","803","0","11","7","6","2","0","28","10","0","0","6","4","2.9","1.18","56",,"2223",,,"1137",,,,,,,,,,,,,"3.78","7.0","28.3","35.5","21.1",
"USC00118740","2010-01","0","0","7","4","28","2","6","30","23","0","0","-8","8","4.9","0.36","48",,"3622",,,"1398",,,,,,,,,,,,,"1.24","8.7","19.9","25.9","13.9",
"USC00118740","2010-02","0","0","9","6","21","5","0","27","15","0","0","4","8","4.3","0.65","42",,"4759",,,"1138",,,,,,,,,,,,,"1.61","11.5","24.4","31.2","17.6",
"USC00118740","2010-03","0","0","12","8","0","0","0","14","0","2","0","24","0","0.0","0.71","77",,"5417",,,"657",,,,,,,,,,,,,"2.91","0.0","43.8","53.5","34.0",
"USC00118740","2010-04","14","14","11","6","0","0","0","1","0","16","0","31","0","0.0","0.65","84",,"5638",,,"222",,,,,,,"50",,,"77",,,"2.08","0.0","58.1","70.4","45.7",
"USC00118740","2010-05","127","113","14","8","0","0","0","0","0","20","3","34","0","0.0","0.90","90",,"5765",,,"127",,,,,,,"58",,,"84",,,"3.41","0.0","64.6","74.7","54.4",
"USC00118740","2010-06","422","295","17","14","0","0","0","0","0","30","3","57","0","0.0","1.35","92",,"5765",,,"0",,,,,,,"70",,,"95",,,"8.33","0.0","74.8","84.2","65.4",
"USC00118740","2010-07","793","371","10","7","0","0","0","0","0","31","9","55","0","0.0","1.17","93",,"0",,,"0",,,,,,,"72",,,"98",,,"3.74","0.0","77.0","86.9","67.0",
"USC00118740","2010-08","1168","375","6","4","0","0","0","0","0","31","14","54","0","0.0","0.92","95",,"0",,,"0",,,,,,,,,,,,,"1.65","0.0","77.1","88.4","65.8",
"USC00118740","2010-09","1279","111","12","7","0","0","0","0","0","28","3","45","0","0.0","0.95","94",,"40",,,"40",,,,,,,,,,,,,"3.20","0.0","67.4","79.4","55.3",
"USC00118740","2010-10","1295","16","6","4","0","0","0","4","0","15","0","26","0","0.0","0.38","86",,"325",,,"285",,,,,,,,,,,,,"1.11","0.0","56.3","69.5","43.2",
"USC00118740","2010-11","1295","0","7","5","0","0","0","20","0","5","0","19","0","0.0","1.57","77",,"1008",,,"683",,,,,,,,,,,,,"3.85","0.0","42.2","53.8","30.6",
"USC00118740","2010-12","1295","0","9","4","27","5","1","29","22","0","0","-1","8","7.7","1.05","58",,"2319",,,"1310",,,,,,,,,,,,,"2.56","20.5","22.7","29.4","16.1",
"USC00118740","2011-01","0","0","9","3","22","3","2","31","22","0","0","-6","4","2.6","0.17","45",,"3673",,,"1354",,,,,,,,,,,,,"0.66","8.1","21.3","28.6","14.0",
"USC00118740","2011-02","0","0","10","9","19","4","2","24","11","0","0","-12","10","6.0","1.01","61",,"4678",,,"1006",,,,,,,,,,,,,"3.78","12.4","29.1","36.4","21.8",
"USC00118740","2011-03","0","0","8","3","0","0","0","20","0","4","0","23","0","0.2","0.56","73",,"5406",,,"727",,,,,,,,,,,,,"1.37","0.2","41.5","51.2","31.9",
"USC00118740","2011-04","6","6","19","11","0","0","0","2","0","10","0","32","0","0.0","2.18","82",,"5758",,,"353",,,,,,,,,,,,,"7.43","0.0","53.5","64.1","42.8",
"USC00118740","2011-05","106","99","14","9","0","0","0","0","0","17","0","34","0","0.0","1.52","89",,"5954",,,"196",,,,,,,,,,,,,"4.93","0.0","61.9","72.0","51.8",
"USC00118740","2011-06","347","241","13","7","0","0","0","0","0","30","6","55","0","0.0","1.44","95",,"5955",,,"0",,,,,,,,,,,,,"4.18","0.0","73.0","83.2","62.9",
"USC00118740","2011-07","836","488","4","2","0","0","0","0","0","31","18","60","0","0.0","1.15","101",,"0",,,"0",,,,,,,,,,,,,"1.58","0.0","80.8","91.5","70.0",
"USC00118740","2011-08","1170","334","5","2","0","0","0","0","0","31","10","55","0","0.0","1.14","98",,"0",,,"0",,,,,,,,,,,,,"1.76","0.0","75.8","88.0","63.6",
"USC00118740","2011-09","1259","88","12","6","0","0","0","0","0","18","3","41","0","0.0","0.68","102",,"114",,,"114",,,,,,,,,,,,,"2.73","0.0","64.1","75.0","53.3",
"USC00118740","2011-10","1277","18","10","5","0","0","0","4","0","13","0","31","0","0.0","1.13","87",,"431",,,"317",,,,,,,,,,,,,"2.47","0.0","55.4","68.1","42.6",
"USC00118740","2011-11","1277","0","14","10","0","0","0","9","0","4","0","23","0","0.0","0.94","73",,"1017",,,"586",,,,,,,,,,,,,"4.73","0.0","45.5","54.4","36.5",
"USC00118740","2011-12","1277","0","11","7","1","1","0","23","1","0","0","11","2","1.9","0.92","58",,"1932",,,"914",,,,,,,,,,,,,"2.75","2.2","35.5","42.9","28.1",
"USC00118740","2012-01","0","0","11","5","5","1","0","28","9","0","0","4","4","4.0","1.06","61",,"2969",,,"1037",,,,,,,,,,,,,"3.17","5.8","31.5","41.0","22.1",
"USC00118740","2012-02","0","0","10","6","2","1","0","24","4","0","0","11","2","1.9","0.30","66",,"3852",,,"883",,,,,,,,,,,,,"1.13","3.0","34.5","43.3","25.8",
"USC00118740","2012-03","25","25","8","4","1","0","0","7","0","16","0","21","1","0.5","0.64","83",,"4192",,,"340",,,,,,,,,,,,,"1.64","0.5","54.8","67.0","42.7",
"USC00118740","2012-04","32","7","7","4","0","0","0","3","0","10","0","29","0","0.0","0.80","86",,"4527",,,"335",,,,,,,,,,,,,"2.32","0.0","54.1","65.9","42.3",
"USC00118740","2012-05","181","149","7","5","0","0","0","0","0","28","6","43","0","0.0","1.05","95",,"4570",,,"44",,,,,,,,,,,,,"3.11","0.0","68.4","80.8","56.0",
"USC00118740","2012-06","414","233","8","4","0","0","0","0","0","29","9","47","0","0.0","0.78","100",,"4585",,,"14",,,,,,,,,,,,,"2.28","0.0","72.3","85.1","59.5",
"USC00118740","2012-07","948","533","4","2","0","0","0","0","0","31","27","63","0","0.0","0.37","103",,"0",,,"0",,,,,,,,,,,,,"0.61","0.0","82.2","95.3","69.1",
"USC00118740","2012-08","1231","283","7","5","0","0","0","0","0","31","12","53","0","0.0","2.07","101",,"0",,,"0",,,,,,,,,,,,,"5.56","0.0","74.1","87.1","61.2",
"USC00118740","2012-09","1316","86","12","10","0","0","0","0","0","27","1","35","0","0.0","1.99","91",,"91",,,"91",,,,,,,,,,,,,"5.71","0.0","64.8","75.8","53.8",
"USC00118740","2012-10","1318","2","13","9","0","0","0","5","0","8","0","28","0","0.0","1.54","80",,"517",,,"425",,,,,,,,,,,,,"5.46","0.0","51.3","61.3","41.4",
"USC00118740","2012-11","1318","0","5","2","0","0","0","20","1","1","0","21","0","0.0","0.78","72",,"1239",,,"723",,,,,,,,,,,,,"1.07","0.0","40.9","51.0","30.8",
"USC00118740","2012-12","1318","0","11","7","3","0","0","20","6","1","0","12","1","0.9","0.83","71",,"2121",,,"881",,,,,,,,,,,,,"2.07","0.9","36.6","43.9","29.3",
"USC00118740","2013-01","0","0","6","5","5","1","0","27","13","0","0","3","1","1.2","1.04","60",,"3259",,,"1138",,,,,,,,,,,,,"2.57","1.6","28.3","37.4","19.1",
"USC00118740","2013-02","0","0","10","7","7","2","0","27","9","0","0","4","3","2.7","0.96","54",,"4250",,,"991",,,,,,,,,,,,,"3.21","4.3","29.6","37.3","21.9",
"USC00118740","2013-03","0","0","9","2","7","2","0","29","5","0","0","14","12","11.5","0.76","63",,"5204",,,"953",,,,,,,,,,,,,"1.33","16.4","34.2","41.9","26.6",
"USC00118740","2013-04","2","2","16","8","0","0","0","6","0","10","0","26","0","0.0","2.12","81",,"5649",,,"446",,,,,,,,,,,,,"7.05","0.0","50.2","60.8","39.6",
"USC00118740","2013-05","99","97","14","9","0","0","0","0","0","21","0","36","0","0.0","1.08","88",,"5771",,,"121",,,,,,,,,,,,,"3.74","0.0","64.2","75.1","53.4",
"USC00118740","2013-06","301","203","13","5","0","0","0","0","0","28","3","49","0","0.0","2.73","94",,"5785",,,"14",,,,,,,,,,,,,"6.28","0.0","71.3","81.8","60.8",
"USC00118740","2013-07","541","240","10","4","0","0","0","0","0","29","5","49","0","0.0","1.68","93","5.92","7",,,"7",,,,,,,,,,,,,"3.54","0.0","72.5","81.9","63.1",
"USC00118740","2013-08","799","258","4","1","0","0","0","0","0","31","5","50","0","0.0","0.33","97","5.54","12",,,"6",,,,,,,,,,,,,"0.37","0.0","73.1","84.2","62.0","397.1"
"USC00118740","2013-09","967","169","7","3","0","0","0","0","0","30","4","45","0","0.0","0.30","97","5.12","42",,,"30",,,,,,,,,,,,,"0.68","0.0","69.6","82.6","56.7","382.1"
"USC00118740","2013-10","1007","39","12","5","0","0","0","6","0","14","0","25","0","0.0","1.38","89",,"400",,,"358",,,,,,,,,,,,,"3.59","0.0","54.7","66.0","43.4",
"USC00118740","2013-11","1007","0","9","4","0","0","0","20","4","1","0","11","0","0.5","0.55","71",,"1202",,,"802",,,,,,,,,,,,,"1.54","0.5","38.2","47.9","28.6",
"USC00118740","2013-12","1007","0","6","2","7","0","1","28","15","0","0","-3","9","0.9","0.87","60",,"2397",,,"1195",,,,,,,,,,,,,"2.24","10.0","26.5","34.9","18.0",
"USC00118740","2014-01","0","0","12","3","20","3","10","31","19","0","0","-14","9","5.9","0.79","51",,"3824",,,"1427",,,,,,,,,,,,,"1.60","14.5","19.0","28.5","9.4",
"USC00118740","2014-02","0","0","11","8","25","6","6","27","19","0","0","-14","9","6.5","0.54","57",,"5116",,,"1291",,,,,,,,,,,,,"3.02","14.6","18.9","27.6","10.2",
"USC00118740","2014-03","0","0","7","4","5","2","1","26","4","2","0","0","2","1.6","0.72","71",,"6059",,,"943",,,,,,,,,,,,,"1.39","3.7","34.6","45.4","23.8",
"USC00118740","2014-04","0","0","10","9","0","0","0","6","0","12","0","27","0","0.2","1.03","79",,"6428",,,"369",,,,,,,,,,,,,"3.94","0.2","52.7","64.0","41.4",
"USC00118740","2014-05","119","118","13","8","0","0","0","0","0","22","0","37","0","0.0","1.25","88",,"6580",,,"151",,,,,,,,,,,,,"4.38","0.0","63.9","74.9","52.9",
"USC00118740","2014-06","363","244","16","10","0","0","0","0","0","29","1","51","0","0.0","2.52","91",,"6583",,,"3",,,,,,,,,,,,,"8.21","0.0","73.0","82.6","63.5",
"USC00118740","2014-07","518","155","10","6","0","0","0","0","0","31","0","53","0","0.0","4.33","87",,"7",,,"7",,,,,,,,,,,,,"8.71","0.0","69.8","79.7","59.8",
"USC00118740","2014-08","780","262","14","7","0","0","0","0","0","31","2","51","0","0.0","0.31","94",,"10",,,"3",,,,,,,,,,,,,"1.52","0.0","73.4","82.5","64.3",
"USC00118740","2014-09","862","81","9","7","0","0","0","0","0","26","1","40","0","0.0","0.90","94",,"104",,,"94",,,,,,,,,,,,,"3.44","0.0","64.6","75.9","53.2",
"USC00118740","2014-10","867","5","15","7","0","0","0","1","0","8","0","30","0","0.0","2.67","83",,"461",,,"357",,,,,,,,,,,,,"4.96","0.0","53.7","63.3","44.0",
"USC00118740","2014-11","867","0","9","5","2","0","0","24","7","0","0","8","1","0.5","1.43","67",,"1379",,,"918",,,,,,,,,,,,,"2.42","0.9","34.4","43.9","24.9",
"USC00118740","2014-12","867","0","10","5","0","0","0","24","8","0","0","7","0","0.0","0.58","54",,"2381",,,"1002",,,,,,,,,,,,,"1.81","0.0","32.7","38.3","27.1",
"USC00118740","2015-01","0","0","9","5","12","1","5","30","14","0","0","-8","3","3.1","0.37","47",,"3641",,,"1260",,,,,,,,,,,,,"1.43","4.4","24.3","32.2","16.5",
"USC00118740","2015-02","0","0","6","3","18","5","5","28","20","0","0","-16","6","5.6","0.46","55",,"4945",,,"1304",,,,,,,,,,,,,"1.23","12.4","18.4","27.9","9.0",
"USC00118740","2015-03","0","0","12","5","8","1","2","17","4","1","0","-9","12","8.3","0.64","74",,"5801",,,"856",,,,,,,,,,,,,"1.70","8.4","37.4","47.4","27.4",
"USC00118740","2015-04","1","1","14","6","0","0","0","3","0","9","0","28","0","0.0","1.25","79",,"6138",,,"337",,,,,,,,,,,,,"3.62","0.0","53.8","64.7","42.9",
"USC00118740","2015-05","116","115","15","12","0","0","0","0","0","25","0","40","0","0.0","2.82","86",,"6238",,,"100",,,,,,,,,,,,,"6.07","0.0","65.5","76.2","54.8",
"USC00118740","2015-06","333","217","18","11","0","0","0","0","0","29","1","51","0","0.0","2.70","90",,"6246",,,"8",,,,,,,,,,,,,"9.17","0.0","72.0","81.2","62.7",
"USC00118740","2015-07","598","264","13","6","0","0","0","0","0","30","4","56","0","0.0","1.43","92",,"3",,,"3",,,,,,,,,,,,,"4.22","0.0","73.4","82.9","64.0",
"USC00118740","2015-08","812","214","8","4","0","0","0","0","0","31","2","52","0","0.0","1.28","90",,"6",,,"3",,,,,,,,,,,,,"3.16","0.0","71.8","82.5","61.1",
"USC00118740","2015-09","987","175","10","7","0","0","0","0","0","28","6","46","0","0.0","1.56","94",,"38",,,"32",,,,,,,,,,,,,"6.44","0.0","69.8","81.6","58.0",
"USC00118740","2015-10","991","4","6","2","0","0","0","2","0","15","0","31","0","0.0","0.83","81",,"317",,,"279",,,,,,,,,,,,,"1.24","0.0","56.2","67.4","44.9",
"USC00118740","2015-11","991","0","13","9","3","1","0","12","1","3","0","13","2","1.0","1.01","73",,"897",,,"579",,,,,,,,,,,,,"4.42","1.8","45.7","56.1","35.3",
"USC00118740","2015-12","991","0","12","7","0","0","0","15","2","0","0","18","0","0.0","2.72","66",,"1669",,,"772",,,,,,,,,,,,,"7.48","0.0","40.1","46.9","33.3",
"USC00118740","2016-01","0","0","7","4","8","1","1","28","14","0","0","-2","3","3.2","0.38","61",,"2849",,,"1180",,,,,,,,,,,,,"0.91","4.0","26.9","35.3","18.6",
"USC00118740","2016-02","0","0","9","2","8","2","0","23","8","1","0","5","4","3.7","0.55","71",,"3779",,,"930",,,,,,,,,,,,,"1.23","6.9","32.9","41.4","24.5",
"USC00118740","2016-03","0","0","13","8","0","0","0","9","0","3","0","18","0","0.0","1.24","73",,"4321",,,"542",,,,,,,,,,,,,"3.51","0.0","47.5","57.4","37.6",
"USC00118740","2016-04","8","8","8","6","0","0","0","6","0","10","0","25","0","0.0","0.98","82",,"4700",,,"379",,,,,,,,,,,,,"3.26","0.0","52.6","63.9","41.3",
"USC00118740","2016-05","57","49","15","10","0","0","0","0","0","17","0","39","0","0.0","0.65","88",,"4842",,,"142",,,,,,,,,,,,,"3.79","0.0","61.6","72.9","50.2",
"USC00118740","2016-06","327","270","11","9","0","0","0","0","0","30","9","51","0","0.0","1.44","92",,"4843",,,"1",,,,,,,,,,,,,"7.11","0.0","74.0","85.1","62.9",
"USC00118740","2016-07","646","319","13","9","0","0","0","0","0","29","4","53","0","0.0","1.25","93",,"9",,,"9",,,,,,,,,,,,,"4.45","0.0","75.0","84.3","65.7",
"USC00118740","2016-08","984","339","8","7","0","0","0","0","0","31","5","56","0","0.0","1.47","93",,"9",,,"0",,,,,,,,,,,,,"4.15","0.0","75.9","85.1","66.7",
"USC00118740","2016-09","1187","202","9","8","0","0","0","0","0","28","8","50","0","0.0","2.32","92",,"27",,,"17",,,,,,,,,,,,,"5.39","0.0","71.2","82.3","60.0",
"USC00118740","2016-10","1229","42","10","6","0","0","0","0","0","19","0","34","0","0.0","0.71","85",,"216",,,"190",,,,,,,,,,,,,"1.88","0.0","60.2","71.3","49.2",
"USC00118740","2016-11","1233","4","8","7","0","0","0","10","0","4","0","21","0","0.0","0.89","79",,"767",,,"551",,,,,,,,,,,,,"3.32","0.0","46.8","56.6","37.0",
"USC00118740","2016-12","1233","0","9","4","5","2","2","27","10","0","0","-4","1","1.2","0.46","58",,"1898",,,"1130",,,,,,,,,,,,,"1.35","3.0","28.5","35.4","21.7",
