"STATION","DATE","CDSD","CLDD","DP01","DP10","DSND","DSNW","DT00","DT32","DX32","DX70","DX90","EMNT","EMSD","EMSN","EMXP","EMXT","HDSD","HTDD","PRCP","SNOW","TAVG","TMAX","TMIN"
"USC00132171","1990-01","0","0","5","1","5","2","0","30","4","0","0","9","4","3.0","0.12","62","3997","1021","0.28","4.8","32.1","41.9","22.2"
"USC00132171","1990-02","0","0","4","2","7","2","1","25","8","0","0","-3","2","2.5","0.15","67","4998","1001","0.37","5.4","29.2","39.5","19.0"
"USC00132171","1990-03","0","0","13","8","4","2","0","21","3","1","0","15","6","7.0","2.25","74","5775","777","5.33","8.5","39.9","49.3","30.6"
"USC00132171","1990-04","29","29","9","6","0","0","0","14","0","8","0","18","0","0.0","0.33","85","6289","514","1.26","0.0","48.8","60.3","37.3"
"USC00132171","1990-05","34","6","11","8","0","0","0","1","0","11","0","32","0","0.0","4.30","85","6533","243","7.70","0.0","57.3","67.1","47.6"
"USC00132171","1990-06","258","223","11","9","0","0","0","0","0","27","5","42","0","0.0","2.92","95","6561","28","9.84","0.0","71.5","81.2","61.8"
"USC00132171","1990-07","484","226","15","9","0","0","0","0","0","30","4","52","0","0.0","1.75","98","7","7","6.08","0.0","72.1","80.7","63.4"
"USC00132171","1990-08","730","245","10","5","0","0","0","0","0","31","4","51","0","0.0","1.11","92","10","3","3.15","0.0","72.8","81.7","63.9"
"USC00132171","1990-09","897","167","5","5","0","0","0","0","0","20","3","36","0","0.0","0.35","94","112","102","1.17","0.0","67.2","78.0","56.3"
"USC00132171","1990-10","907","9","6","3","0","0","0","7","0","9","0","27","0","0.2","0.70","85","541","428","1.37","0.2","51.5","63.7","39.3"
"USC00132171","1990-11","907","0","5","3","5","2","0","19","2","2","0","11","5","4.0","0.53","72","1274","734","1.31","5.0","40.5","51.0","30.1"
"USC00132171","1990-12","907","0","7","6","22","4","10","30","19","0","0","-20","7","6.0","0.39","53","2715","1441","1.39","13.8","18.5","27.3","9.8"
"USC00132171","1991-01","0","0","6","3","31","4","13","31","26","0","0","-10","13","7.0","0.48","44","4297","1582","0.90","14.5","14.0","23.1","4.9"
"USC00132171","1991-02","0","0","3","2","13","0","1","26","6","0","0","-2","11","0.7","0.28","62","5244","947","0.44","0.9","31.2","40.7","21.6"
"USC00132171","1991-03","3","3","10","9","1","1","0","21","3","2","0","11","2","2.0","1.42","79","6028","785","5.15","2.8","39.8","50.5","29.1"
"USC00132171","1991-04","20","17","13","9","0","0","0","1","0","6","0","26","0","0.0","1.57","88","6446","418","6.41","0.0","51.6","61.6","41.7"
"USC00132171","1991-05","151","131","17","7","0","0","0","0","0","22","1","36","0","0.0","1.05","90","6614","168","3.52","0.0","63.8","72.6","55.0"
"USC00132171","1991-06","372","221","11","6","0","0","0","0","0","27","3","56","0","0.0","2.00","93","6621","7","5.85","0.0","72.1","80.7","63.5"
"USC00132171","1991-07","632","260","8","4","0","0","0","0","0","31","6","53","0","0.0","0.38","93","0","0","1.07","0.0","73.4","83.2","63.6"
"USC00132171","1991-08","848","216","10","5","0","0","0","0","0","30","3","54","0","0.0","0.76","92","2","2","2.58","0.0","71.9","81.7","62.2"
"USC00132171","1991-09","962","114","8","5","0","0","0","1","0","19","0","29","0","0.0","1.35","89","166","164","2.61","0.0","63.3","74.2","52.5"
"USC00132171","1991-10","965","2","9","4","1","1","0","9","2","12","0","17","3","2.5","1.02","81","656","490","1.85","2.5","49.3","60.3","38.3"
"USC00132171","1991-11","965","0","12","7","22","4","2","24","12","0","0","-8","11","6.0","2.25","53","1799","1143","4.80","16.0","26.9","34.1","19.7"
"USC00132171","1991-12","965","0","4","3","7","0","1","29","11","0","0","-3","1","0.5","0.75","47","2934","1134","1.42","0.5","28.4","35.5","21.3"
"USC00132171","1992-01","0","0","8","4","1","2","1","28","5","0","0","-12","1","1.0","0.32","59","3948","1014","1.11","2.0","29.6","38.3","20.9"
"USC00132171","1992-02","0","0","6","2","1","1","0","24","6","0","0","9","1","1.0","0.40","65","4831","883","0.63","2.5","33.2","41.2","25.2"
"USC00132171","1992-03","0","0","8","6","1","0","0","20","2","2","0","10","1","0.7","0.81","74","5602","771","2.55","0.7","40.1","50.6","29.6"
"USC00132171","1992-04","8","8","11","4","2","1","0","12","1","6","0","19","2","2.5","1.30","89","6159","556","2.35","3.0","46.7","57.4","36.1"
"USC00132171","1992-05","51","42","8","5","0","0","0","0","0","21","0","37","0","0.0","0.79","86","6341","182","2.37","0.0","60.5","71.5","49.5"
"USC00132171","1992-06","172","122","10","3","0","0","0","0","0","28","1","45","0","0.0","0.76","90","6366","25","1.82","0.0","68.2","79.0","57.4"
"USC00132171","1992-07","306","133","16","10","0","0","0","0","0","29","1","51","0","0.0","1.19","90","15","15","4.91","0.0","68.8","77.8","59.9"
"USC00132171","1992-08","402","96","9","5","0","0","0","0","0","27","0","45","0","0.0","0.46","87","69","54","1.62","0.0","66.4","75.6","57.1"
"USC00132171","1992-09","460","57","12","11","0","0","0","0","0","20","0","35","0","0.0","0.75","84","203","134","5.20","0.0","62.4","72.9","52.0"
"USC00132171","1992-10","469","9","4","3","0","0","0","7","0","11","0","25","0","0.0","1.78","83","621","418","3.51","0.0","51.8","62.1","41.5"
"USC00132171","1992-11","469","0","9","6","6","2","0","26","7","0","0","15","2","2.5","1.00","60","1573","952","2.84","5.6","32.3","37.2","27.3"
"USC00132171","1992-12","469","0","9","6","4","2","4","29","16","0","0","-6","5","3.0","0.35","44","2805","1232","1.33","5.2","25.2","32.7","17.7"
"USC00132171","1993-01","0","0","6","4","28","5","6","31","26","0","0","-6","12","4.5","0.38","42","4307","1501","0.83","13.8","16.6","24.4","8.7"
"USC00132171","1993-02","0","0","8","6","28","5","7","28","24","0","0","-12","11","3.0","0.26","40","5622","1315","1.14","13.1","18.0","23.6","12.5"
"USC00132171","1993-03","0","0","8","4","18","2","1","26","7","1","0","-2","9","2.0","0.66","72","6663","1041","1.52","4.3","31.4","38.8","24.0"
"USC00132171","1993-04","0","0","12","8","0","0","0","7","1","3","0","19","0","0.5","1.35","74","7259","596","3.39","0.5","45.1","54.4","35.9"
"USC00132171","1993-05","21","21","18","12","0","0","0","0","0","13","0","39","0","0.0","2.85","87","7459","200","6.85","0.0","59.0","67.9","50.2"
"USC00132171","1993-06","147","126","17","11","0","0","0","0","0","23","0","44","0","0.0","1.05","89","7520","61","5.90","0.0","67.2","75.9","58.4"
"USC00132171","1993-07","368","221","22","14","0","0","0","0","0","31","0","57","0","0.0","7.89","87","0","0","12.02","0.0","72.1","79.1","65.2"
"USC00132171","1993-08","572","204","12","7","0","0","0","0","0","29","0","51","0","0.0","2.12","89","10","10","6.56","0.0","71.5","79.6","63.4"
"USC00132171","1993-09","587","15","12","10","0","0","0","0","0","12","0","33","0","0.0","0.65","87","244","234","4.05","0.0","57.7","67.3","48.1"
"USC00132171","1993-10","603","16","4","3","0","0","0","7","1","8","0","15","0","0.0","1.25","84","745","502","1.70","0.0","48.8","58.2","39.4"
"USC00132171","1993-11","603","0","6","3","7","2","1","24","7","0","0","-3","2","2.0","0.22","57","1673","927","0.64","4.4","32.8","41.6","24.0"
"USC00132171","1993-12","603","0","6","1","7","1","2","28","13","0","0","-5","2","1.5","0.25","53","2841","1168","0.50","2.3","25.1","33.4","16.9"
"USC00132171","1994-01","0","0","8","3","26","4","16","31","25","0","0","-19","5","3.0","0.56","48","4542","1701","1.14","10.4","10.1","19.2","1.1"
"USC00132171","1994-02","0","0","6","3","22","4","10","27","20","0","0","-17","7","6.3","0.39","60","5855","1313","0.76","11.3","18.1","26.9","9.3"
"USC00132171","1994-03","0","0","3","0","3","0","0","22","1","3","0","14","5","0.0","0.02","76","6664","809","0.04","0.0","38.9","50.4","27.3"
"USC00132171","1994-04","22","22","8","4","0","0","0","9","0","7","1","17","0","0.5","0.55","91","7177","513","1.58","0.5","48.6","60.5","36.8"
"USC00132171","1994-05","100","78","8","5","0","0","0","1","0","22","0","32","0","0.5","0.37","88","7328","151","1.45","0.5","62.6","73.7","51.6"
"USC00132171","1994-06","301","201","9","7","0","0","0","0","0","27","1","47","0","0.0","1.36","91","7350","22","5.13","0.0","71.0","80.0","61.9"
"USC00132171","1994-07","471","170","13","7","0","0","0","0","0","29","1","51","0","0.0","1.16","91","4","4","4.50","0.0","70.4","79.9","60.9"
"USC00132171","1994-08","614","143","10","7","0","0","0","0","0","27","0","49","0","0.0","2.15","89","28","24","5.26","0.0","69.0","78.2","59.7"
"USC00132171","1994-09","717","103","9","6","0","0","0","0","0","24","1","37","0","0.0","0.94","90","124","96","3.48","0.0","65.2","75.7","54.7"
"USC00132171","1994-10","717","0","6","5","0","0","0","2","0","3","0","25","0","0.0","0.78","74","469","345","1.80","0.0","53.6","62.5","44.7"
"USC00132171","1994-11","717","0","8","4","3","1","0","16","2","0","0","14","1","1.0","0.62","69","1261","792","1.46","1.0","38.6","46.7","30.5"
"USC00132171","1994-12","717","0","4","3","21","3","2","29","15","0","0","-8","8","7.0","0.41","54","2439","1178","0.87","12.8","25.9","33.0","18.8"
"USC00132171","1995-01","0","0","4","1","15","1","6","31","22","0","0","-10","5","2.0","0.18","51","3849","1410","0.40","2.5","19.5","26.6","12.4"
"USC00132171","1995-02","0","0","5","0","0","0","2","25","11","0","0","-7","0","0.5","0.07","66","4894","1045","0.20","1.0","27.7","37.4","17.9"
"USC00132171","1995-03","0","0","10","7","7","2","2","14","8","1","0","-8","11","9.0","1.02","73","5732","837","3.34","11.0","36.5","44.7","28.3"
"USC00132171","1995-04","0","0","14","11","0","0","0","10","1","3","0","16","0","0.0","0.67","79","6328","597","3.37","0.0","44.4","54.3","34.4"
"USC00132171","1995-05","0","0","16","9","0","0","0","0","0","11","0","35","0","0.0","0.80","79","6582","254","4.58","0.0","56.4","66.2","46.7"
"USC00132171","1995-06","180","180","13","8","0","0","0","0","0","27","5","45","0","0.0","1.76","91","6623","41","3.09","0.0","69.6","79.2","60.1"
"USC00132171","1995-07","491","311","8","4","0","0","0","0","0","31","8","50","0","0.0","0.30","100","3","3","0.95","0.0","74.9","86.0","63.9"
"USC00132171","1995-08","881","391","12","6","0","0","0","0","0","31","12","54","0","0.0","0.60","98","3","0","1.81","0.0","77.6","87.3","67.9"
"USC00132171","1995-09","951","70","13","7","0","0","0","1","0","21","0","28","0","0.0","1.64","87","172","169","4.25","0.0","61.7","73.2","50.2"
"USC00132171","1995-10","965","13","12","7","0","0","0","4","0","8","0","31","0","0.5","1.40","87","610","438","2.48","0.5","51.3","61.2","41.3"
"USC00132171","1995-11","965","0","6","2","2","1","0","27","8","0","0","8","1","1.0","0.27","59","1615","1005","0.55","1.5","31.5","40.5","22.5"
"USC00132171","1995-12","965","0","4","2","9","3","3","27","18","0","0","-6","4","3.0","0.19","61","2769","1153","0.38","5.5","25.4","32.0","18.8"
"USC00132171","1996-01","0","0","8","4","20","6","11","30","20","0","0","-18","6","4.0","0.82","57","4326","1558","1.46","11.5","14.7","24.0","5.5"
"USC00132171","1996-02","0","0","2","0","8","0","6","25","12","0","0","-27","6","0.0","0.06","65","5453","1127","0.11","0.0","24.8","34.9","14.7"
"USC00132171","1996-03","0","0","6","2","6","3","4","27","9","1","0","-9","3","3.0","0.82","71","6555","1101","1.18","6.3","29.5","40.9","18.0"
"USC00132171","1996-04","4","4","7","3","2","1","0","17","0","5","0","20","5","5.0","0.70","87","7144","589","1.79","5.0","45.5","57.5","33.6"
"USC00132171","1996-05","40","36","18","11","0","0","0","0","0","8","0","36","0","0.0","1.09","89","7462","317","6.59","0.0","55.9","63.4","48.5"
"USC00132171","1996-06","223","183","13","8","0","0","0","0","0","28","2","44","0","0.0","3.73","92","7495","33","8.53","0.0","70.0","79.6","60.4"
"USC00132171","1996-07","388","164","11","6","0","0","0","0","0","31","1","51","0","0.0","5.86","91","4","4","7.03","0.0","70.2","79.1","61.2"
"USC00132171","1996-08","540","152","11","7","0","0","0","0","0","31","0","53","0","0.0","3.33","87","7","3","5.15","0.0","69.8","78.3","61.2"
"USC00132171","1996-09","595","55","7","5","0","0","0","0","0","13","0","38","0","0.0","0.82","83","199","191","2.26","0.0","60.5","69.9","51.0"
"USC00132171","1996-10","605","10","4","3","0","0","0","6","1","9","0","22","0","0.0","1.53","80","617","418","2.04","0.0","51.8","62.7","40.9"
"USC00132171","1996-11","605","0","13","4","1","0","1","26","14","0","0","-1","1","0.8","0.65","59","1674","1057","2.15","1.3","28.3","34.9","21.8"
"USC00132171","1996-12","605","0","5","3","11","3","10","31","21","0","0","-10","4","4.5","0.34","40","3121","1447","0.84","8.0","16.5","23.8","9.3"
"USC00132171","1997-01","0","0","5","4","20","4","16","28","20","0","0","-16","5","3.5","0.23","47","4720","1599","0.72","10.6","13.4","22.5","4.4"
"USC00132171","1997-02","0","0","4","1","16","3","2","27","16","0","0","-3","9","8.0","0.69","55","5827","1107","0.78","10.0","24.0","31.7","16.3"
"USC00132171","1997-03","0","0","8","6","0","0","0","26","6","2","0","6","0","0.3","0.54","74","6716","889","1.60","0.3","36.3","47.6","25.0"
"USC00132171","1997-04","0","0","12","10","5","3","0","15","5","3","0","12","10","6.0","0.76","72","7423","706","3.56","12.3","41.4","51.0","31.9"
"USC00132171","1997-05","10","10","11","8","0","0","0","3","0","12","0","29","0","0.0","0.35","85","7787","364","2.25","0.0","53.3","64.4","42.3"
"USC00132171","1997-06","189","179","8","5","0","0","0","0","0","30","3","48","0","0.0","2.96","94","7794","7","4.15","0.0","70.8","82.2","59.3"
"USC00132171","1997-07","537","348","6","5","0","0","0","0","0","31","12","51","0","0.0","1.08","98","5","5","2.86","0.0","76.1","86.4","65.7"
"USC00132171","1997-08","778","241","6","3","0","0","0","0","0","30","6","53","0","0.0","0.46","95","16","11","1.44","0.0","72.4","83.5","61.3"
"USC00132171","1997-09","873","95","8","6","0","0","0","0","0","25","2","39","0","0.0","1.05","93","114","98","3.08","0.0","64.9","76.4","53.4"
"USC00132171","1997-10","929","55","7","6","1","1","0","10","0","11","2","18","1","1.5","0.94","90","557","443","1.78","1.5","52.5","63.8","41.3"
"USC00132171","1997-11","929","0","7","2","6","3","0","28","9","0","0","8","2","2.0","0.41","62","1546","989","0.74","5.0","32.0","40.5","23.6"
"USC00132171","1997-12","929","0","8","1","16","4","0","31","19","0","0","12","3","2.0","0.10","50","2717","1171","0.39","6.8","27.2","33.1","21.3"
"USC00132171","1998-01","0","0","4","3","15","2","2","30","21","0","0","-7","9","5.5","0.35","54","4002","1285","0.85","10.5","22.4","29.3","15.5"
"USC00132171","1998-02","0","0","12","2","9","1","0","20","7","0","0","6","4","1.0","0.20","58","4875","872","0.73","2.1","33.8","41.3","26.4"
"USC00132171","1998-03","0","0","18","7","19","2","4","25","13","2","0","-9","8","6.0","0.55","78","5957","1082","2.43","12.3","30.1","37.4","22.8"
"USC00132171","1998-04","0","0","14","11","0","0","0","4","0","5","0","29","0","0.0","3.40","77","6445","488","6.65","0.0","48.4","58.4","38.5"
"USC00132171","1998-05","76","75","10","8","0","0","0","0","0","25","0","39","0","0.0","1.45","89","6542","97","5.31","0.0","64.3","74.6","54.0"
"USC00132171","1998-06","200","125","18","16","0","0","0","0","0","22","1","39","0","0.0","1.35","90","6642","100","9.02","0.0","66.1","75.2","56.9"
"USC00132171","1998-07","500","299","8","6","0","0","0","0","0","31","2","56","0","0.0","1.82","96","0","0","3.88","0.0","74.7","83.7","65.6"
"USC00132171","1998-08","757","257","15","11","0","0","0","0","0","29","3","57","0","0.0","1.15","93","1","1","5.16","0.0","73.3","81.7","64.8"
"USC00132171","1998-09","920","163","3","1","0","0","0","0","0","27","4","44","0","0.0","1.15","91","47","46","1.25","0.0","68.9","81.1","56.7"
"USC00132171","1998-10","924","4","11","6",,"0","0","0","0","8","0","36",,"0.0","0.90","79","395","348","3.34","0.0","53.9","64.2","43.6"
"USC00132171","1998-11","924","0","6","2","0","0","0","20","2","0","0","23","0","0.5","0.33","69","1139","745","0.78","1.3","40.2","48.8","31.6"
"USC00132171","1998-12","924","0","4","1","2","2","3","25","8","0","0","-8","4","4.0","0.25","67","2222","1083","0.37","5.3","29.2","39.1","19.2"
"USC00132171","1999-01","0","0","5","3","31","4","9","31","22","0","0","-15","9","5.0","0.28","45","3694","1471","0.62","9.5","17.5","25.6","9.5"
"USC00132171","1999-02","0","0","6","2","17","5","0","25","10","0","0","13","11","7.0","0.53","69","4630","936","1.18","14.5","31.5","40.3","22.8"
"USC00132171","1999-03","0","0","5","3","14","3","0","26","6","1","0","16","10","5.0","0.40","73","5539","909","1.06","10.0","35.7","46.0","25.4"
"USC00132171","1999-04","0","0","14","9","0","0","0","5","0","3","0","29","0","0.0","1.52","78","6055","516","7.07","0.0","47.8","56.9","38.7"
"USC00132171","1999-05","19","19","14","6","0","0","0","0","0","16","0","40","0","0.0","0.78","84","6240","185","2.87","0.0","59.5","69.4","49.7"
"USC00132171","1999-06","154","135","11","10","0","0","0","0","0","23","0","43","0","0.0","1.29","89","6295","55","5.52","0.0","67.7","76.6","58.7"
"USC00132171","1999-07","492","338","13","7","0","0","0","0","0","31","10","56","0","0.0","1.60","96","2","2","5.73","0.0","76.3","85.8","66.8"
"USC00132171","1999-08","649","157","7","3","0","0","0","0","0","30","1","51","0","0.0","1.63","90","9","7","3.22","0.0","69.9","79.8","60.0"
"USC00132171","1999-09","707","58","2","2","0","0","0","0","0","19","0","34","0","0.0","0.80","88","169","160","1.00","0.0","61.6","74.4","48.8"
"USC00132171","1999-10","710","3","4","1","0","0","0","11","0","16","0","23","0","0.0","0.15","82","607","438","0.19","0.0","51.0","65.0","37.0"
"USC00132171","1999-11","710","0","3","2","0","0","0","16","0","6","0","20","0","0.0","0.95","79","1180","573","1.08","0.0","45.3","57.7","32.8"
"USC00132171","1999-12","710","0","9","2","16","5","3","26","10","0","0","-8","8","3.0","0.41","54","2331","1151","0.90","9.0","27.9","37.3","18.5"
"USC00132171","2000-01","0","0","6","0","13","2","5","30","17","0","0","-2","2","1.5","0.09","51","3612","1281","0.30","3.5","22.3","32.0","12.6"
"USC00132171","2000-02","0","0","8","4","4","1","0","23","9","0","0","8","4","3.5","0.32","66","4577","965","0.97","4.8","31.7","41.4","22.1"
"USC00132171","2000-03","0","0","8","4","1","1","0","19","1","2","0","15","2","2.0","0.63","75","5280","703","1.44","2.0","42.3","53.9","30.7"
"USC00132171","2000-04","0","0","8","2","0","0","0","6","0","8","0","22","0","0.5","0.35","81","5765","486","0.82","0.5","48.8","61.2","36.4"
"USC00132171","2000-05","66","66","10","4","0","0","0","0","0","23","2","38","0","0.0","0.89","94","5883","118","1.78","0.0","63.3","75.4","51.3"
"USC00132171","2000-06","214","148","12","8","0","0","0","0","0","26","3","48","0","0.0","1.32","95","5921","37","3.58","0.0","68.7","80.1","57.2"
"USC00132171","2000-07","458","244","9","7","0","0","0","0","0","29","2","51","0","0.0","0.81","90","9","9","2.87","0.0","72.8","82.1","63.6"
"USC00132171","2000-08","749","290","9","3","0","0","0","0","0","30","7","54","0","0.0","0.70","99","14","4","1.17","0.0","74.2","84.4","64.0"
"USC00132171","2000-09","882","133","5","5","0","0","0","0","0","24","9","35","0","0.0","0.35","102","134","120","0.89","0.0","65.4","79.9","51.0"
"USC00132171","2000-10","895","12","10","9","0","0","0","4","0","16","0","22","0","0.0","1.03","84","416","281","3.56","0.0","55.7","66.1","45.2"
"USC00132171","2000-11","895","0","7","4","15","2","0","24","13","0","0","6","3","3.0","1.15","68","1462","1047","2.26","5.5","30.1","37.7","22.5"
"USC00132171","2000-12","895","0","15","4","24","11","16","31","27","0","0","-13","21","5.0","0.38","44","3172","1710","1.62","24.0","9.8","18.0","1.7"
"USC00132171","2001-01","0","0","5","3","31","3","8","31","21","0","0","-8","20","3.5","0.54","44","4542","1370","1.06","9.5","20.8","28.5","13.2"
"USC00132171","2001-02","0","0","7","4","28","4","8","28","22","0","0","-14","9","3.0","0.39","39","5910","1367","0.94","8.3","16.2","25.0","7.3"
"USC00132171","2001-03","0","0","3","3","18","0","1","28","9","0","0","-1","6","0.0","0.40","60","6977","1067","0.78","0.0","29.4","38.2","20.6"
"USC00132171","2001-04","15","15","10","6","0","0","0","7","0","6","0","27","0","0.0","0.88","87","7418","441","2.54","0.0","50.8","63.1","38.5"
"USC00132171","2001-05","67","52","15","11","0","0","0","0","0","16","2","41","0","0.0","2.45","91","7602","184","9.04","0.0","60.7","70.7","50.8"
"USC00132171","2001-06","221","154","11","7","0","0","0","0","0","26","2","43","0","0.0","2.30","93","7656","53","5.86","0.0","68.6","78.9","58.3"
"USC00132171","2001-07","562","341","9","6","0","0","0","0","0","30","4","55","0","0.0","0.56","94","4","4","1.43","0.0","75.8","84.8","66.9"
"USC00132171","2001-08","823","261","9","6","0","0","0","0","0","30","9","54","0","0.0","1.04","95","12","7","3.31","0.0","73.2","83.8","62.5"
"USC00132171","2001-09","856","33","10","5","0","0","0","0","0","21","0","36","0","0.0","0.66","85","142","130","2.63","0.0","61.7","72.6","50.8"
"USC00132171","2001-10","863","7","5","3","0","0","0","8","0","6","0","20","0","0.0","1.10","86","587","445","2.01","0.0","50.5","62.4","38.7"
"USC00132171","2001-11","863","0","4","3","0","0","0","8","2","8","0","23","0","0.0","0.86","74","1075","488","1.86","0.0","48.7","59.4","38.0"
"USC00132171","2001-12","863","0","4","1","9","1","1","29","10","0","0","0","2","2.0","0.62","63","2160","1085","0.78","2.0","30.0","39.0","21.1"
"USC00132171","2002-01","0","0","3","1","9","1","1","29","12","0","0","0","2","2.0","0.12","68","3295","1135","0.18","2.5","27.2","37.1","17.4"
"USC00132171","2002-02","0","0","2","2","13","2","2","25","8","0","0","-6","6","4.5","0.30","65","4316","1020","0.50","6.5","28.6","38.5","18.6"
"USC00132171","2002-03","0","0","7","4","12","2","2","28","8","0","0","-4","5","5.0","0.46","61","5460","1144","1.19","7.0","28.1","38.2","18.0"
"USC00132171","2002-04","13","13","15","6","0","0","0","8","0","7","1","16","0","0.0","0.82","90","5964","505","2.91","0.0","48.6","60.6","36.6"
"USC00132171","2002-05","45","33","12","9","0","0","0","0","0","12","1","33","0","0.0","1.25","91","6247","282","3.94","0.0","56.6","68.4","44.8"
"USC00132171","2002-06","299","253","8","7","0","0","0","0","0","29","4","53","0","0.0","1.42","92","6253","6","3.89","0.0","73.2","83.6","62.9"
"USC00132171","2002-07","671","372","8","5","0","0","0","0","0","30","13","56","0","0.0","1.16","98","2","2","2.83","0.0","76.9","87.8","66.1"
"USC00132171","2002-08","875","204","9","8","0","0","0","0","0","31","2","48","0","0.0","1.22","92","7","6","5.56","0.0","71.4","81.6","61.1"
"USC00132171","2002-09","992","117","6","5","0","0","0","0","0","21","4","36","0","0.0","1.25","94","128","121","3.58","0.0","64.9","76.4","53.3"
"USC00132171","2002-10","1001","9","13","8","2","2","0","16","0","5","0","20","2","2.0","2.20","86","758","629","4.19","3.5","45.0","54.4","35.7"
"USC00132171","2002-11","1001","0","2","0","0","0","0","23","3","0","0","10","0","0.5","0.04","69","1599","842","0.07","1.0","34.7","44.9","24.6"
"USC00132171","2002-12","1001","0","1","0","0","1","0","31","11","0","0","3","0","1.0","0.07","61","2713","1113","0.07","1.0","29.1","38.7","19.5"
"USC00132171","2003-01","0","0","9","1","17","2","6","31","20","0","0","-12","3","3.5","0.19","62","4081","1368","0.44","5.0","19.1","29.3","8.9"
"USC00132171","2003-02","0","0","5","2","14","2","5","28","16","0","0","-8","6","6.5","1.60","56","5347","1266","1.98","10.0","19.8","30.3","9.3"
"USC00132171","2003-03","0","0","4","3","8","1","2","18","9","4","0","-2","6","6.0","0.48","76","6220","874","0.90","6.0","34.7","44.9","24.4"
"USC00132171","2003-04","18","18","10","8","4","3","0","7","3","13","0","19","6","6.0","1.30","87","6670","450","3.39","8.0","50.6","61.6","39.7"
"USC00132171","2003-05","34","16","13","11","0","0","0","0","0","13","0","40","0","0.0","2.11","83","6912","241","5.37","0.0","57.7","67.7","47.7"
"USC00132171","2003-06","161","126","10","7","0","0","0","0","0","24","2","49","0","0.0","0.67","90","6965","53","3.28","0.0","67.5","77.7","57.4"
"USC00132171","2003-07","415","254","8","7","0","0","0","0","0","31","3","55","0","0.0","1.81","95","0","0","4.73","0.0","73.2","83.5","62.9"
"USC00132171","2003-08","704","289","6","2","0","0","0","0","0","30","11","54","0","0.0","0.23","100","3","3","0.57","0.0","74.7","86.5","62.9"
"USC00132171","2003-09","763","59","7","3","0","0","0","0","0","19","0","34","0","0.0","1.15","88","168","165","2.13","0.0","61.3","74.0","48.6"
"USC00132171","2003-10","786","23","3","2","0","0","0","9","0","13","0","29","0","0.0","0.88","88","534","366","1.40","0.0","53.9","66.8","41.0"
"USC00132171","2003-11","786","0","7","4","0","0","0","22","4","0","0","7","0","0.5","1.02","69","1447","913","2.32","0.5","34.6","43.6","25.5"
"USC00132171","2003-12","786","0","5","2","16","4","0","30","13","0","0","5","4","4.0","0.34","58","2601","1154","0.72","8.0","27.8","35.2","20.4"
"USC00132171","2004-01","0","0","7","4","12","4","10","31","20","0","0","-13","13","7.0","0.48","54","4090","1489","1.63","16.5","17.0","27.0","6.9"
"USC00132171","2004-02","0","0","7","2","28","3","6","27","18","0","0","-6","26","7.0","0.49","51","5322","1232","0.95","14.0","20.7","28.2","13.3"
"USC00132171","2004-03","0","0","12","7","7","3","0","23","2","2","0","13","15","12.0","2.39","78","6103","781","4.98","16.5","39.8","49.7","29.9"
"USC00132171","2004-04","4","4","6","4","0","0","0","10","0","9","0","23","0","0.0","0.96","88","6541","438","2.09","0.0","50.5","64.2","36.8"
"USC00132171","2004-05","66","61","15","8","0","0","0","2","0","17","0","31","0","0.0","1.18","89","6753","211","4.52","0.0","60.2","70.7","49.5"
"USC00132171","2004-06","175","109","12","6","0","0","0","0","0","26","0","45","0","0.0","0.92","89","6795","42","2.77","0.0","67.2","77.8","56.7"
"USC00132171","2004-07","371","196","10","5","0","0","0","0","0","29","3","50","0","0.0","1.26","92","13","13","2.51","0.0","70.9","80.9","60.9"
"USC00132171","2004-08","493","122","8","5","0","0","0","0","0","28","0","46","0","0.0","1.23","89","62","49","2.70","0.0","67.4","78.6","56.1"
"USC00132171","2004-09","630","137","6","4","0","0","0","0","0","29","1","41","0","0.0","1.08","90","106","44","2.78","0.0","68.1","80.1","56.1"
"USC00132171","2004-10","633","3","6","3","0","0","0","5","0","11","0","29","0","0.0","0.54","80","485","378","1.12","0.0","52.9","64.1","41.7"
"USC00132171","2004-11","633","0","8","6","1","0","0","20","2","1","0","10","1","0.8","0.88","76","1214","729","2.88","0.8","40.0","49.5","30.4"
"USC00132171","2004-12","633","0","3","1","1","0","6","30","8","0","0","-7","1","0.5","0.16","61","2424","1210","0.26","0.5","26.0","36.5","15.4"
"USC00132171","2005-01","0","0","2","2","23","2","9","30","20","0","0","-8","8","5.0","0.24","54","3836","1412","0.40","8.0","18.0","25.7","10.4"
"USC00132171","2005-02","0","0","9","6","8","4","0","25","7","0","0","2","3","3.0","1.26","60","4778","942","2.82","6.8","30.1","39.1","21.2"
"USC00132171","2005-03","0","0","4","2","0","0","0","25","2","3","0","11","0","0.0","0.71","78","5668","890","1.16","0.0","36.3","48.2","24.4"
"USC00132171","2005-04","3","3","11","7","0","0","0","6","0","12","0","27","0","0.0","0.88","82","6040","372","4.26","0.0","52.7","64.5","40.9"
"USC00132171","2005-05","32","29","9","6","0","0","0","4","0","21","0","29","0","0.0","1.00","84","6278","237","3.65","0.0","58.3","69.4","47.1"
"USC00132171","2005-06","252","220","16","12","0","0","0","0","0","30","4","55","0","0.0","1.12","92","6279","1","4.72","0.0","72.4","82.2","62.6"
"USC00132171","2005-07","592","339","5","5","0","0","0","0","0","30","8","51","0","0.0","1.10","96","6","6","2.46","0.0","75.8","86.3","65.2"
"USC00132171","2005-08","809","218","7","2","0","0","0","0","0","31","3","53","0","0.0","2.10","94","10","4","2.55","0.0","71.9","82.6","61.2"
"USC00132171","2005-09","968","158","6","3","0","0","0","0","0","26","6","34","0","0.0","0.75","95","69","59","1.14","0.0","68.3","81.0","55.7"
"USC00132171","2005-10","1004","36","6","2","0","0","0","11","0","12","0","24","0","0.0","0.32","89","474","405","0.70","0.0","53.1","65.6","40.6"
"USC00132171","2005-11","1004","0","6","2","3","1","0","17","4","3","0","11","1","1.5","0.65","80","1159","685","1.14","2.0","39.5","50.8","28.2"
"USC00132171","2005-12","1004","0","9","4","13","4","7","31","18","0","0","-9","7","4.0","0.38","50","2534","1375","1.15","9.5","20.6","27.6","13.6"
"USC00132171","2006-01","0","0","2","1","0","0","0","29","4","0","0","15","0","0.0","0.23","59","3533","999","0.29","0.0","32.8","41.3","24.3"
"USC00132171","2006-02","0","0","5","1","7","2","3","26","12","0","0","-11","2","2.5","0.13","64","4600","1067","0.31","5.0","25.2","36.6","13.7"
"USC00132171","2006-03","0","0","11","6","5","3","0","26","2","0","0","13","4","4.0","1.12","66","5490","889","2.75","7.0","35.4","45.4","25.3"
"USC00132171","2006-04","12","12","9","7","0","0","0","2","0","11","0","28","0","0.0","1.04","89","5842","352","4.33","0.0","53.7","65.3","42.0"
"USC00132171","2006-05","84","72","10","5","0","0","0","0","0","17","1","36","0","0.0","0.69","90","6035","193","2.38","0.0","61.1","72.4","49.7"
"USC00132171","2006-06","264","180","7","3","0","0","0","0","0","28","4","46","0","0.0","0.14","95","6056","21","0.53","0.0","70.5","83.1","57.8"
"USC00132171","2006-07","562","298","8","5","0","0","0","0","0","31","11","50","0","0.0","3.40","96","1","1","6.15","0.0","75.0","86.1","63.9"
"USC00132171","2006-08","769","207","15","12","0","0","0","0","0","30","2","54","0","0.0","2.20","94","4","3","9.66","0.0","71.6","81.0","62.2"
"USC00132171","2006-09","796","27","10","9","0","0","0","0","0","14","0","34","0","0.0","3.30","86","200","195","7.92","0.0","59.4","69.9","48.9"
"USC00132171","2006-10","822","25","9","5","0","0","0","13","0","6","0","22","0","0.0","0.60","88","758","558","1.76","0.0","47.8","58.2","37.5"
"USC00132171","2006-11","822","0","5","2","0","1","0","21","1","2","0","9","0","1.0","0.30","80","1519","761","0.55","1.0","38.6","50.6","26.6"
"USC00132171","2006-12","822","0","5","3","0","0","0","25","6","0","0","1","0","0.0","0.95","55","2515","996","1.93","0.0","30.8","39.9","21.6"
"USC00132171","2007-01","0","0","6","3","23","3","6","31","19","0","0","-18","9","6.0","0.37","51","3904","1389","1.11","15.5","20.2","28.9","11.4"
"USC00132171","2007-02","0","0","7","3","25","3","12","28","21","0","0","-12","5","5.0","0.49","49","5290","1385","0.96","10.0","15.5","23.5","7.5"
"USC00132171","2007-03","0","0","9","6","13","1","0","18","6","6","0","8","13","12.0","0.73","78","6032","742","2.80","13.0","40.5","50.2","30.9"
"USC00132171","2007-04","8","8","8","8","0","1","0","12","2","7","0","12","0","2.0","1.83","88","6633","601","5.26","2.0","44.5","56.4","32.5"
"USC00132171","2007-05","76","68","10","9","0","0","0","0","0","25","0","40","0","0.0","4.42","87","6736","103","7.76","0.0","63.9","74.7","53.1"
"USC00132171","2007-06","248","171","7","3","0","0","0","0","0","30","4","50","0","0.0","0.27","92","6740","4","0.74","0.0","70.8","82.3","59.3"
"USC00132171","2007-07","553","305","3","2","0","0","0","0","0","31","7","55","0","0.0","1.10","96","0","0","2.03","0.0","75.3","86.5","64.1"
"USC00132171","2007-08","845","292","16","14","0","0","0","0","0","31","5","54","0","0.0","2.10","93","1","1","7.99","0.0","74.4","83.8","65.0"
"USC00132171","2007-09","939","94","6","4","0","0","0","1","0","24","0","32","0","0.0","1.87","88","140","139","4.22","0.0","63.5","75.3","51.7"
"USC00132171","2007-10","964","25","13","10","0","0","0","0","0","10","0","33","0","0.0","0.80","85","456","316","3.57","0.0","55.6","66.0","45.2"
"USC00132171","2007-11","964","0","3","1","0","0","0","23","2","0","0","13","0","0.5","0.10","68","1293","837","0.14","0.5","37.1","47.8","26.3"
"USC00132171","2007-12","964","0","8","4","20","4","0","31","22","0","0","1","6","4.0","0.88","44","2636","1343","1.46","10.4","21.7","29.0","14.4"
"USC00132171","2008-01","0","0","9","4","15","4","9","30","21","0","0","-18","7","3.0","0.17","50","4089","1453","0.69","10.6","18.1","27.0","9.2"
"USC00132171","2008-02","0","0","7","2","29","2","5","29","19","0","0","-11","5","2.5","0.51","43","5411","1322","0.79","6.1","19.4","28.5","10.3"
"USC00132171","2008-03","0","0","9","2","5","1","1","25","5","0","0","0","1","1.0","0.35","61","6353","942","0.72","3.0","34.6","45.3","23.9"
"USC00132171","2008-04","0","0","11","6","0","0","0","18","0","6","0","23","0","0.3","1.35","79","6952","600","4.40","0.3","45.0","55.6","34.4"
"USC00132171","2008-05","15","15","8","8","0","0","0","0","0","17","0","36","0","0.0","3.41","86","7200","248","7.06","0.0","57.5","69.3","45.7"
"USC00132171","2008-06","157","141","12","11","0","0","0","0","0","30","1","50","0","0.0","5.31","90","7202","1","10.86","0.0","69.7","80.6","58.7"
"USC00132171","2008-07","438","281","15","10","0","0","0","0","0","31","2","55","0","0.0","2.80","91","0","0","5.53","0.0","74.1","84.5","63.7"
"USC00132171","2008-08","613","175","5","3","0","0","0","0","0","30","1","50","0","0.0","1.40","95","0","0","2.65","0.0","70.8","82.7","59.0"
"USC00132171","2008-09","697","83","11","7","0","0","0","0","0","24","0","39","0","0.0","0.68","87","108","108","2.69","0.0","64.2","75.5","52.9"
"USC00132171","2008-10","714","17","11","8","0","0","0","6","0","12","0","22","0","0.0","1.47","81","533","425","5.35","0.0","51.8","63.9","39.8"
"USC00132171","2008-11","720","6","8","6","0","2","0","21","3","6","0","9","0","1.0","0.43","79","1326","793","1.69","2.0","38.8","47.7","29.9"
"USC00132171","2008-12","720","0","9","3","21","5","7","31","17","0","0","-16","10","6.0","0.39","54","2660","1334","0.91","17.0","20.3","29.8","10.8"
"USC00132171","2009-01","0","0","7","2","22","4","8","31","21","0","0","-20","5","4.0","0.26","43","4149","1489","0.70","11.5","17.0","26.7","7.3"
"USC00132171","2009-02","0","0","5","3","7","1","3","27","9","0","0","0","3","2.5","0.30","57","5153","1003","0.66","3.0","29.2","39.7","18.6"
"USC00132171","2009-03","0","0","10","4","2","0","0","22","5","3","0","5","2","0.0","0.48","72","6018","865","1.51","0.0","37.1","47.4","26.8"
"USC00132171","2009-04","9","9","6","3","4","1","0","13","0","5","0","23","4","3.5","1.03","88","6570","552","1.63","4.0","46.9","58.6","35.2"
"USC00132171","2009-05","69","60","11","5","0","0","0","0","0","20","1","37","0","0.0","0.52","90","6739","169","1.86","0.0","61.5","73.0","50.0"
"USC00132171","2009-06","227","158","15","11","0","0","0","0","0","26","5","46","0","0.0","1.35","93","6778","39","6.36","0.0","69.0","79.2","58.8"
"USC00132171","2009-07","353","126","11","8","0","0","0","0","0","30","1","49","0","0.0","1.45","90","18","18","5.53","0.0","68.5","79.2","57.8"
"USC00132171","2009-08","485","131","9","8","0","0","0","0","0","28","1","44","0","0.0","1.02","91","46","28","4.77","0.0","68.3","79.2","57.5"
"USC00132171","2009-09","502","17","5","0","0","0","0","0","0","26","0","36","0","0.0","0.07","81","131","85","0.24","0.0","62.7","74.8","50.6"
"USC00132171","2009-10","502","0","20","10","0","0","0","8","0","3","0","23","0","0.0","2.28","72","741","610","5.89","0.0","45.3","53.6","37.0"
"USC00132171","2009-11","502","0","3","2","0","0","0","16","0","3","0","23","0","0.0","0.60","73","1356","614","0.87","0.0","44.5","55.1","34.0"
"USC00132171","2009-12","502","0","11","6","25","8","6","31","25","0","0","-8","24","11.0","0.57","54","2725","1369","1.83","31.0","20.8","28.2","13.4"
"USC00132171","2010-01","0","0","7","4","31","4","9","31","26","0","0","-24","27","4.5","0.58","38","4299","1574","1.33","8.0","14.2","21.5","7.0"
"USC00132171","2010-02","0","0","8","3","28","7","5","28","24","0","0","-10","11","2.5","0.15","36","5588","1289","0.67","11.0","18.9","26.9","11.0"
"USC00132171","2010-03","2","2","9","5","15","1","0","14","3","2","0","3","9","3.0","0.45","82","6448","859","1.77","3.0","37.3","45.5","29.2"
"USC00132171","2010-04","13","11","9","6","0","0","0","3","0","13","0","32","0","0.0","0.88","86","6758","310","2.75","0.0","55.0","67.4","42.7"
"USC00132171","2010-05","74","61","9","5","0","0","0","0","0","16","0","35","0","0.0","0.80","88","6998","240","1.85","0.0","59.2","70.0","48.5"
"USC00132171","2010-06","202","128","17","14","0","0","0","0","0","29","1","49","0","0.0","2.37","93","7010","12","10.15","0.0","68.9","79.3","58.4"
"USC00132171","2010-07","442","240","17","14","0","0","0","0","0","31","2","58","0","0.0","1.42","92","0","0","7.70","0.0","72.7","82.4","63.1"
"USC00132171","2010-08","707","265","7","6","0","0","0","0","0","31","3","52","0","0.0","1.42","94","3","3","4.44","0.0","73.4","83.4","63.5"
"USC00132171","2010-09","732","25","13","9","0","0","0","0","0","19","0","40","0","0.0","0.88","87","156","153","3.33","0.0","60.7","71.3","50.2"
"USC00132171","2010-10","742","11","2","1","0","0","0","4","0","11","0","26","0","0.0","0.33","87","529","373","0.37","0.0","53.3","66.9","39.7"
"USC00132171","2010-11","742","0","2","2","8","2","0","24","4","0","0","7","8","6.5","0.55","69","1427","898","1.00","8.0","35.1","44.8","25.3"
"USC00132171","2010-12","742","0","5","2","19","3","4","31","26","0","0","-6","5","4.0","0.34","56","2880","1453","0.66","8.5","18.1","25.9","10.3"
"USC00132171","2011-01","0","0","10","4","22","5","8","31","27","0","0","-11","10","5.0","0.34","38","4521","1641","1.04","15.5","12.1","20.4","3.7"
"USC00132171","2011-02","0","0","7","4","18","4","6","28","17","0","0","-17","10","3.5","0.24","60","5789","1268","0.80","8.0","19.7","28.0","11.4"
"USC00132171","2011-03","0","0","5","2","2","2","0","29","8","0","0","4","1","1.0","0.78","66","6801","1012","1.02","2.5","32.4","42.4","22.3"
"USC00132171","2011-04","0","0","12","6","0","0","0","13","0","2","0","26","0","0.0","0.89","79","7401","600","2.71","0.0","45.0","55.2","34.8"
"USC00132171","2011-05","33","33","12","8","0","0","0","3","0","13","2","26","0","0.0","1.17","93","7679","277","4.22","0.0","57.1","68.2","46.1"
"USC00132171","2011-06","164","131","12","7","0","0","0","0","0","27","4","50","0","0.0","1.37","94","7714","35","5.15","0.0","68.2","77.8","58.6"
"USC00132171","2011-07","525","361","13","6","0","0","0","0","0","31","8","61","0","0.0","0.66","94","0","0","2.75","0.0","76.6","85.9","67.4"
"USC00132171","2011-08","693","168","12","5","0","0","0","0","0","31","1","53","0","0.0","1.28","93","4","4","3.17","0.0","70.3","80.9","59.7"
"USC00132171","2011-09","740","46","6","2","0","0","0","2","0","18","0","32","0","0.0","0.28","89","239","236","0.69","0.0","58.7","71.1","46.3"
"USC00132171","2011-10","759","19","3","1","0","0","0","9","0","11","0","25","0","0.0","0.10","84","640","401","0.14","0.0","52.7","65.2","40.2"
"USC00132171","2011-11","759","0","3","1","0","0","0","22","2","0","0","15","0","0.0","0.69","66","1481","840","0.79","0.0","37.0","47.1","26.8"
"USC00132171","2011-12","759","0","5","4","11","2","3","29","13","0","0","-8","7","6.5","0.59","52","2694","1213","1.15","7.5","25.9","34.5","17.2"
"USC00132171","2012-01","0","0","3","0","5","2","5","30","11","0","0","-2","1","1.0","0.06","61","3919","1225","0.16","2.5","25.5","34.8","16.1"
"USC00132171","2012-02","0","0","8","6","18","5","3","29","13","0","0","-5","5","4.5","0.70","55","5055","1136","2.07","12.0","25.8","34.8","16.8"
"USC00132171","2012-03","9","9","7","4","0","0","0","9","2","13","0","16","0","0.0","0.35","79","5533","478","1.10","0.0","49.9","61.2","38.5"
"USC00132171","2012-04","24","15","8","6","0","0","0","3","0","6","0","24","0","0.0","1.20","89","5945","412","3.71","0.0","51.8","63.9","39.6"
"USC00132171","2012-05","89","64","10","8","0","0","0","0","0","21","1","42","0","0.0","0.61","91","6064","119","3.07","0.0","63.2","75.3","51.2"
"USC00132171","2012-06","287","198","10","4","0","0","0","0","0","27","2","42","0","0.0","1.35","95","6100","36","3.34","0.0","70.4","80.9","59.9"
"USC00132171","2012-07","719","432","4","2","0","0","0","0","0","31","23","58","0","0.0","0.23","101","0","0","0.42","0.0","78.9","91.1","66.8"
"USC00132171","2012-08","918","199","7","6","0","0","0","0","0","29","9","45","0","0.0","1.05","97","32","32","3.61","0.0","70.4","83.0","57.7"
"USC00132171","2012-09","982","64","4","2","0","0","0","0","0","23","2","33","0","0.0","0.67","94","191","159","0.90","0.0","61.8","76.4","47.2"
"USC00132171","2012-10","982","0","8","4","0","0","0","14","0","8","0","21","0","0.0","1.18","79","762","571","2.87","0.0","46.6","57.7","35.5"
"USC00132171","2012-11","982","0","2","2","0","0","0","23","4","1","0","13","0","0.0","0.35","73","1576","814","0.53","0.0","37.9","49.1","26.7"
"USC00132171","2012-12","982","0","5","3","12","3","3","31","14","0","0","-3","12","8.0","0.73","56","2811","1235","1.50","13.0","25.1","34.1","16.2"
"USC00132171","2013-01","0","0","6","0","20","2","7","30","18","0","0","-6","11","1.5","0.09","47","4218","1407","0.26","2.5","19.6","28.8","10.4"
"USC00132171","2013-02","0","0","4","1","10","2","4","28","15","0","0","-8","7","7.0","0.48","50","5415","1197","0.62","8.0","22.3","31.4","13.1"
"USC00132171","2013-03","0","0","8","3","13","3","0","30","15","0","0","9","9","8.0","0.67","62","6574","1159","1.44","12.2","27.6","36.0","19.2"
"USC00132171","2013-04","0","0","12","9","0","0","0","24","1","4","0","15","0","0.5","1.17","80","7317","743","5.47","0.5","40.2","51.6","28.9"
"USC00132171","2013-05","27","26","18","11","1","1","0","5","0","13","1","29","2","2.5","2.29","98","7623","305","8.78","2.5","56.0","65.7","46.3"
"USC00132171","2013-06","160","133","13","11","0","0","0","0","0","22","0","46","0","0.0","0.90","87","7695","72","4.00","0.0","67.0","75.8","58.3"
"USC00132171","2013-07","376","216","5","2","0","0","0","0","0","29","5","47","0","0.0","0.15","90","25","25","0.30","0.0","71.1","82.1","60.2"
"USC00132171","2013-08","585","208","7","2","0","0","0","0","0","30","6","52","0","0.0","0.20","95","34","9","0.53","0.0","71.4","82.3","60.6"
"USC00132171","2013-09","705","120","10","4","0","0","0","0","0","24","2","42","0","0.0","0.90","95","116","82","2.74","0.0","66.3","77.9","54.6"
"USC00132171","2013-10","714","8","11","5","0","0","0","10","0","10","0","27","0","0.0","0.67","82","614","498","1.94","0.0","49.2","60.0","38.4"
"USC00132171","2013-11","714","0","4","1","1","1","0","25","9","0","0","5","1","1.0","0.97","61","1592","978","1.13","1.0","32.4","42.6","22.2"
"USC00132171","2013-12","714","0","4","1","9","2","12","31","20","0","0","-11","2","2.0","0.12","55","3087","1495","0.26","3.7","16.8","26.1","7.4"
"USC00132171","2014-01","0","0","3","0","3","1","14","31","16","0","0","-17","1","1.0","0.08","61","4661","1574","0.14","1.8","14.2","26.3","2.1"
"USC00132171","2014-02","0","0","10","4","21","5","13","28","21","0","0","-12","2","4.0","0.49","58","6092","1431","1.11","13.1","13.9","24.2","3.6"
"USC00132171","2014-03","0","0","7","2","9","2","4","29","10","2","0","-13","4","3.0","0.32","73","7213","1121","0.68","4.5","28.8","40.1","17.6"
"USC00132171","2014-04","4","4","12","9","2","2","0","12","0","9","0","17","3","3.0","1.22","82","7782","568","4.15","4.0","46.2","58.4","33.9"
"USC00132171","2014-05","52","49","13","8","0","0","0","3","0","18","1","31","0","0.0","2.63","90","8034","252","5.70","0.0","58.4","69.6","47.3"
"USC00132171","2014-06","190","137","13","11","0","0","0","0","0","30","0","47","0","0.0","2.35","86","8052","18","10.15","0.0","69.0","78.5","59.4"
"USC00132171","2014-07","298","108","7","5","0","0","0","0","0","28","0","49","0","0.0","4.31","88","28","28","5.78","0.0","67.6","77.8","57.3"
"USC00132171","2014-08","461","163","16","14","0","0","0","0","0","29","0","53","0","0.0","3.45","89","31","2","12.65","0.0","70.2","78.8","61.6"
"USC00132171","2014-09","497","36","12","6","0","0","0","0","0","20","0","34","0","0.0","2.08","86","189","158","5.57","0.0","60.9","71.7","50.1"
"USC00132171","2014-10","499","1","8","4","0","0","0","7","0","10","0","22","0","0.0","1.58","75","600","412","3.15","0.0","51.8","63.2","40.3"
"USC00132171","2014-11","499","0","6","2","7","1","0","21","13","0","0","2","4","3.5","0.27","62","1650","1050","0.60","5.0","30.0","40.0","20.0"
"USC00132171","2014-12","499","0","7","4","2","2","2","26","10","0","0","-5","1","1.5","0.34","57","2723","1073","1.25","2.5","29.0","35.0","23.0"
"USC00132171","2015-01","0","0","3","2","11","1","8","31","12","0","0","-13","3","3.0","0.23","52","4008","1285","0.38","3.5","23.5","32.7","14.4"
"USC00132171","2015-02","0","0","5","3","16","4","12","27","19","0","0","-12","8","7.0","0.69","45","5385","1377","1.17","12.5","15.8","25.4","6.2"
"USC00132171","2015-03","0","0","3","2","5","0","2","19","5","5","0","-3","3","0.0","0.22","85","6162","776","0.36","0.0","40.0","52.7","27.2"
"USC00132171","2015-04","2","2","12","9","1","1","0","5","0","10","0","29","1","1.0","1.50","82","6575","413","4.97","1.0","51.3","63.1","39.5"
"USC00132171","2015-05","15","13","17","13","0","0","0","0","0","16","0","34","0","0.0","1.52","84","6830","255","6.21","0.0","57.2","67.4","47.0"
"USC00132171","2015-06","156","140","12","8","0","0","0","0","0","27","1","49","0","0.0","0.97","93","6855","24","4.39","0.0","68.8","79.1","58.6"
"USC00132171","2015-07","365","209","15","10","0","0","0","0","0","30","5","49","0","0.0","2.82","92","16","16","9.28","0.0","71.2","81.1","61.4"
"USC00132171","2015-08","519","155","9","7","0","0","0","0","0","27","0","48","0","0.0","3.00","89","53","37","8.08","0.0","68.8","78.9","58.7"
"USC00132171","2015-09","637","118","8","6","0","0","0","0","0","23","1","43","0","0.0","1.56","90","118","65","4.56","0.0","66.7","77.4","56.1"
"USC00132171","2015-10","644","7","5","4","0","0","0","2","0","9","0","32","0","0.0","0.71","88","499","381","1.68","0.0","52.9","63.8","42.0"
"USC00132171","2015-11","644","0","7","6","4","1","0","16","4","2","0","14","3","4.0","2.55","73","1229","729","5.74","4.0","40.7","49.7","31.6"
"USC00132171","2015-12","644","0","13","10","14","3","0","25","14","0","0","5","8","5.0","3.45","52","2335","1106","7.14","13.0","29.3","35.4","23.2"
"USC00132171","2016-01","0","0","6","4","31","3","7","31","25","0","0","-12","7","2.0","0.27","39","3805","1470","0.76","5.5","17.6","24.2","10.9"
"USC00132171","2016-02","0","0","9","4","19","4","2","27","13","0","0","-1","8","6.5","0.53","68","4904","1098","1.05","12.0","27.1","34.0","20.3"
"USC00132171","2016-03","0","0","7","6","1","1","0","20","2","2","0","12","1","1.0","0.65","73","5635","731","1.77","1.0","41.4","52.0","30.8"
"USC00132171","2016-04","0","0","9","7","0","0","0","9","0","8","0","17","0","0.0","1.40","79","6132","497","4.00","0.0","48.4","59.3","37.6"
"USC00132171","2016-05","34","34","13","11","0","0","0","0","0","16","0","34","0","0.0","1.43","84","6360","227","4.80","0.0","58.7","69.3","48.2"
"USC00132171","2016-06","304","271","3","3","0","0","0","0","0","30","9","53","0","0.0","0.50","95","6367","7","1.30","0.0","73.8","85.5","62.0"
"USC00132171","2016-07","532","227","11","8","0","0","0","0","0","30","3","51","0","0.0","1.25","91","9","9","5.33","0.0","72.0","82.1","62.0"
"USC00132171","2016-08","728","196","16","5","0","0","0","0","0","29","1","51","0","0.0","1.90","90","19","10","5.00","0.0","71.0","81.0","61.0"
"USC00132171","2016-09","826","98","10","6","0","0","0","0","0","24","0","43","0","0.0","2.30","88","93","74","5.82","0.0","65.8","76.5","55.1"
"USC00132171","2016-10","830","4","4","2","0","0","0","3","0","12","0","28","0","0.0","2.30","79","441","348","2.76","0.0","53.9","65.2","42.5"
"USC00132171","2016-11","830","0","6","3","0","0","0","13","0","3","0","18","0","0.0","0.46","73","1061","619","0.90","0.0","44.3","54.7","34.0"
"USC00132171","2016-12","830","0","5","4","12","3","6","31","18","0","0","-17","3","3.5","0.69","48","2427","1366","1.42","7.5","20.9","29.5","12.4"
"US1IACF0002","2007-09",,,"7","5",,"0",,,,,,,,"0.0","2.04",,,,"4.57","0.0",,,
"US1IACF0002","2007-10",,,"11","9",,"0",,,,,,,,"0.0","0.73",,,,"3.33","0.0",,,
"US1IACF0002","2007-12",,,"4","4",,"4",,,,,,,,"3.0","0.72",,,,"1.55","10.0",,,
"US1IACF0002","2008-01",,,"5","2",,"3",,,,,,,,"4.5","0.35",,,,"0.58","9.0",,,
"US1IACF0002","2008-02",,,"4","3",,"4",,,,,,,,"2.0","0.75",,,,"1.07","6.5",,,
"US1IACF0002","2008-03",,,"4","1",,"0",,,,,,,,"0.8","0.97",,,,"1.14","2.1",,,
"US1IACF0002","2008-04",,,"6","4",,"1",,,,,,,,"1.0","1.91",,,,"4.33","1.0",,,
"US1IACF0002","2008-05",,,"10","9",,"0",,,,,,,,"0.0","2.70",,,,"7.06","0.0",,,
"US1IACF0002","2008-06",,,"11","9",,"0",,,,,,,,"0.0","1.85",,,,"8.12","0.0",,,
"US1IACF0002","2008-07",,,"9","7",,"0",,,,,,,,"0.0","2.27",,,,"4.13","0.0",,,
"US1IACF0002","2008-08",,,"3","3",,"0",,,,,,,,"0.0","1.83",,,,"3.74","0.0",,,
"US1IACF0002","2008-09",,,"10","6",,"0",,,,,,,,"0.0","0.72",,,,"2.73","0.0",,,
"US1IACF0002","2008-10",,,"8","8",,,,,,,,,,,"1.08",,,,"4.42",,,,
"US1IACF0002","2008-11",,,"6","5",,"3",,,,,,,,"2.0","0.70",,,,"1.56","5.0",,,
"US1IACF0002","2008-12",,,"7","3",,"4",,,,,,,,"6.0","0.67",,,,"1.34","16.5",,,
"US1IACF0002","2009-01",,,"6","3",,"6",,,,,,,,"4.0","0.29",,,,"0.65","12.5",,,
"US1IACF0002","2009-02",,,"4","2",,"1",,,,,,,,"2.5","0.52",,,,"0.79","3.0",,,
"US1IACF0002","2009-03",,,"6","4",,,,,,,,,,,"0.49",,,,"1.35",,,,
"US1IACF0002","2009-04",,,"5","3",,"1",,,,,,,,"5.0","1.07",,,,"2.14","5.0",,,
"US1IACF0002","2009-05",,,"6","4",,,,,,,,,,,"0.85",,,,"1.70",,,,
"US1IACF0002","2009-06",,,"11","8",,,,,,,,,,,"2.34",,,,"6.70",,,,
"US1IACF0002","2009-07",,,"10","8",,,,,,,,,,,"1.49",,,,"5.61",,,,
"US1IACF0002","2009-08",,,"10","9",,,,,,,,,,,"1.07",,,,"5.30",,,,
"US1IACF0002","2009-09",,,"4","1",,"0",,,,,,,,"0.0","0.10",,,,"0.30","0.0",,,
"US1IACF0002","2009-10",,,"15","9",,,,,,,,,,,"2.32",,,,"5.95",,,,
"US1IACF0002","2009-11",,,"2","2",,"0",,,,,,,,"0.0","0.72",,,,"1.42","0.0",,,
"US1IACF0002","2009-12",,,"9","6",,"9",,,,,,,,"10.0","0.61",,,,"2.36","32.0",,,
"US1IACF0002","2010-01",,,"6","4",,"3",,,,,,,,"4.0","0.48",,,,"1.34","7.0",,,
"US1IACF0002","2010-02",,,"3","2",,"3",,,,,,,,"5.0","0.37",,,,"0.52","9.5",,,
"US1IACF0002","2010-03",,,"6","5",,"1",,,,,,,,"3.0","0.55",,,,"1.80","3.0",,,
"US1IACF0002","2010-04",,,"8","7",,,,,,,,,,,"0.64",,,,"2.63",,,,
"US1IACF0002","2010-05",,,"8","4",,,,,,,,,,,"0.93",,,,"1.69",,,,
"US1IACF0002","2010-06",,,"15","12",,,,,,,,,,,"2.45",,,,"9.27",,,,
"US1IACF0002","2010-07",,,"16","11",,,,,,,,,,,"2.81",,,,"9.24",,,,
"US1IACF0002","2010-08",,,"6","5",,,,,,,,,,,"2.16",,,,"5.03",,,,
"US1IACF0002","2010-09",,,"10","5",,,,,,,,,,,"1.23",,,,"2.93",,,,
"US1IACF0002","2010-10",,,"1","1",,"0",,,,,,,,"0.0","0.46",,,,"0.46","0.0",,,
"US1IACF0002","2010-11",,,"4","2",,"2",,,,,,,,"11.0","1.86",,,,"3.28","13.0",,,
"US1IACF0002","2010-12",,,"3","2",,"3",,,,,,,,"5.0","0.71",,,,"0.96","8.5",,,
"US1IACF0002","2011-01",,,"5","3",,"3",,,,,,,,"5.0","0.31",,,,"0.86","13.0",,,
"US1IACF0002","2011-02",,,"5","4",,"4",,,,,,,,"4.0","0.36",,,,"1.01","8.5",,,
"US1IACF0002","2011-03",,,"6","2",,"3",,,,,,,,"1.5","0.21",,,,"0.57","4.5",,,
"US1IACF0002","2011-05",,,"13","11",,,,,,,,,,,"1.15",,,,"4.84",,,,
"US1IACF0002","2011-06",,,"13","8",,,,,,,,,,,"1.55",,,,"5.41",,,,
"US1IACF0002","2011-07",,,"11","4",,,,,,,,,,,"0.75",,,,"1.99",,,,
"US1IACF0002","2011-08",,,"15","7",,,,,,,,,,,"1.19",,,,"4.00",,,,
"US1IACF0002","2011-09",,,"6","4",,,,,,,,,,,"0.24",,,,"0.87",,,,
"US1IACF0002","2011-10",,,"3","0",,"0",,,,,,,,"0.0","0.06",,,,"0.11","0.0",,,
"US1IACF0002","2011-11",,,"4","1",,"0",,,,,,,,"0.0","0.46",,,,"0.54","0.0",,,
"US1IACF0002","2012-01",,,"3","1",,"1",,,,,,,,"1.0","0.18",,,,"0.22","1.5",,,
"US1IACF0002","2012-02",,,"5","5",,"3",,,,,,,,"7.0","0.90",,,,"2.47","11.0",,,
"US1IACF0002","2012-03",,,"6","3",,,,,,,,,,,"0.37",,,,"0.93",,,,
"US1IACF0002","2012-04",,,"8","6",,,,,,,,,,,"0.66",,,,"2.76",,,,
"US1IACF0002","2012-05",,,"10","9",,,,,,,,,,,"2.56",,,,"5.44",,,,
"US1IACF0002","2012-06",,,"8","5",,,,,,,,,,,"1.51",,,,"4.33",,,,
"US1IACF0002","2012-07",,,"2","2",,,,,,,,,,,"1.30",,,,"1.70",,,,
"US1IACF0002","2012-08",,,"6","6",,,,,,,,,,,"2.66",,,,"5.08",,,,
"US1IACF0002","2012-09",,,"3","2",,"0",,,,,,,,"0.0","0.61",,,,"0.81","0.0",,,
"US1IACF0002","2012-10",,,"7","4",,,,,,,,,,,"0.99",,,,"2.33",,,,
"US1IACF0002","2012-11",,,"2","2",,"0",,,,,,,,"0.0","0.54",,,,"0.68","0.0",,,
"US1IACF0002","2012-12",,,"3","3",,"2",,,,,,,,"8.0","0.66",,,,"1.29","12.5",,,
"US1IACF0002","2013-01",,,"4","0",,"1",,,,,,,,"1.0","0.05",,,,"0.14","1.5",,,
"US1IACF0002","2013-02",,,"3","1",,"1",,,,,,,,"6.0","0.20",,,,"0.30","6.5",,,
"US1IACF0002","2013-03",,,"6","5",,"3",,,,,,,,"8.5","0.74",,,,"1.81","13.5",,,
"US1IACF0002","2013-04",,,"10","9",,,,,,,,,,,"1.10",,,,"5.15",,,,
"US1IACF0002","2013-05",,,"14","10",,,,,,,,,,,"1.42",,,,"7.42",,,,
"US1IACF0002","2013-06",,,"14","9",,,,,,,,,,,"1.03",,,,"4.09",,,,
"US1IACF0002","2013-07",,,"2","0",,,,,,,,,,,"0.09",,,,"0.17",,,,
"US1IACF0002","2013-08",,,"7","4",,,,,,,,,,,"0.61",,,,"1.43",,,,
"US1IACF0002","2013-09",,,"9","4",,,,,,,,,,,"0.62",,,,"1.93",,,,
"US1IACF0002","2013-10",,,"11","4",,,,,,,,,,,"0.98",,,,"2.10",,,,
"US1IACF0002","2013-11",,,"3","2",,"0",,,,,,,,"0.3","0.97",,,,"1.13","0.3",,,
"US1IACF0002","2013-12",,,"2","0",,"1",,,,,,,,"2.5","0.04",,,,"0.08","3.0",,,
"US1IACF0002","2014-01",,,"1","1",,"1",,,,,,,,"1.5","0.12",,,,"0.12","1.5",,,
"US1IACF0002","2014-02",,,"6","3",,"5",,,,,,,,"5.0","0.32",,,,"0.72","12.5",,,
"US1IACF0002","2014-03",,,"5","4",,"2",,,,,,,,"6.0","0.42",,,,"1.17","7.0",,,
"US1IACF0002","2014-04",,,"6","6",,,,,,,,,,,"1.26",,,,"3.24",,,,
"US1IACF0002","2014-05",,,"7","5",,,,,,,,,,,"2.21",,,,"4.52",,,,
"US1IACF0002","2014-06",,,"13","11",,,,,,,,,,,"2.29",,,,"8.06",,,,
"US1IACF0002","2014-07",,,"5","5",,"0",,,,,,,,"0.0","2.08",,,,"3.71","0.0",,,
"US1IACF0002","2014-08",,,"17","13",,,,,,,,,,,"2.34",,,,"9.37",,,,
"US1IACF0002","2014-09",,,"10","8",,,,,,,,,,,"3.06",,,,"7.26",,,,
"US1IACF0002","2014-10",,,"7","5",,,,,,,,,,,"0.74",,,,"2.03",,,,
"US1IACF0002","2014-11",,,"4","2",,"2",,,,,,,,"3.5","0.14",,,,"0.33","5.0",,,
"US1IACF0002","2014-12",,,"7","4",,"2",,,,,,,,"1.0","0.42",,,,"1.34","2.8",,,
"US1IACF0002","2015-01",,,"3","2",,"2",,,,,,,,"3.0","0.13",,,,"0.31","4.5",,,
"US1IACF0002","2015-02",,,"4","3",,"3",,,,,,,,"8.0","0.34",,,,"0.71","13.5",,,
"US1IACF0002","2015-03",,,"1","1",,"0",,,,,,,,"0.0","0.35",,,,"0.35","0.0",,,
"US1IACF0002","2015-04",,,"9","7",,,,,,,,,,,"1.03",,,,"5.04",,,,
"US1IACF0002","2015-05",,,"20","11",,,,,,,,,,,"1.89",,,,"6.05",,,,
"US1IACF0002","2015-06",,,"12","7",,,,,,,,,,,"0.95",,,,"4.79",,,,
"US1IACF0002","2015-07",,,"13","11",,,,,,,,,,,"1.88",,,,"7.52",,,,
"US1IACF0002","2015-08",,,"12","9",,,,,,,,,,,"2.46",,,,"10.35",,,,
"US1IACF0002","2015-09",,,"10","6",,,,,,,,,,,"1.72",,,,"4.85",,,,
"US1IACF0002","2015-10",,,"4","3",,"0",,,,,,,,"0.0","0.96",,,,"1.81","0.0",,,
"US1IACF0002","2015-11",,,"7","7",,"2",,,,,,,,"5.0","1.71",,,,"4.25","6.0",,,
"US1IACF0002","2015-12",,,"13","10",,,,,,,,,,,"2.93",,,,"6.47",,,,
"US1IACF0002","2016-01",,,"6","1",,"4",,,,,,,,"1.5","0.21",,,,"0.47","5.0",,,
"US1IACF0002","2016-02",,,"5","1",,"4",,,,,,,,"11.0","0.44",,,,"0.64","14.3",,,
"US1IACF0002","2016-03",,,"8","5",,"0",,,,,,,,"0.5","0.61",,,,"1.61","0.5",,,
"US1IACF0002","2016-04",,,"9","7",,,,,,,,,,,"1.50",,,,"4.88",,,,
"US1IACF0002","2016-05",,,"12","9",,,,,,,,,,,"1.36",,,,"5.57",,,,
"US1IACF0002","2016-06",,,"5","1",,"0",,,,,,,,"0.0","2.20",,,,"2.42","0.0",,,
"US1IACF0002","2016-07",,,"12","9",,,,,,,,,,,"1.07",,,,"4.52",,,,
"US1IACF0002","2016-08",,,"9","4",,,,,,,,,,,"1.85",,,,"3.51",,,,
"US1IACF0002","2016-09",,,"9","7",,,,,,,,,,,"1.60",,,,"5.63",,,,
"US1IACF0002","2016-10",,,"3","2",,"0",,,,,,,,"0.0","1.85",,,,"2.49","0.0",,,
"US1IACF0002","2016-11",,,"5","3",,,,,,,,,,,"0.85",,,,"1.38",,,,
"US1IACF0002","2016-12",,,"5","3",,"4",,,,,,,,"5.0","0.58",,,,"1.38","10.5",,,
"US1IACF0005","2010-05",,,"8","4",,,,,,,,,,,"1.22",,,,"2.26",,,,
"US1IACF0005","2010-06",,,"18","15",,,,,,,,,,,"2.58",,,,"11.77",,,,
"US1IACF0005","2010-07",,,"15","12",,,,,,,,,,,"1.59",,,,"6.57",,,,
"US1IACF0005","2010-08",,,"7","6",,,,,,,,,,,"1.57",,,,"4.62",,,,
"US1IACF0005","2010-09",,,"15","8",,,,,,,,,,,"1.00",,,,"4.55",,,,
"US1IACF0005","2010-10",,,"4","1",,"0",,,,,,,,"0.0","0.26",,,,"0.30","0.0",,,
"US1IACF0005","2010-11",,,"5","2",,"2",,,,,,,,"9.0","1.51",,,,"2.00","10.0",,,
"US1IACF0005","2010-12",,,"6","2",,"3",,,,,,,,"4.0","0.42",,,,"0.72","7.2",,,
"US1IACF0005","2011-01",,,"6","3",,,,,,,,,,,"0.43",,,,"0.80",,,,
"US1IACF0005","2011-02",,,"6","4",,"4",,,,,,,,"4.0","0.68",,,,"1.47","9.0",,,
"US1IACF0005","2011-03",,,"4","1",,"1",,,,,,,,"1.0","0.12",,,,"0.28","1.5",,,
"US1IACF0005","2011-04",,,"12","7",,,,,,,,,,,"0.93",,,,"3.13",,,,
"US1IACF0005","2011-05",,,"13","9",,,,,,,,,,,"1.58",,,,"4.86",,,,
"US1IACF0005","2011-06",,,"13","8",,,,,,,,,,,"1.28",,,,"6.54",,,,
"US1IACF0005","2011-07",,,"11","6",,,,,,,,,,,"1.25",,,,"4.10",,,,
"US1IACF0005","2011-08",,,"12","6",,,,,,,,,,,"0.75",,,,"2.78",,,,
"US1IACF0005","2011-09",,,"7","3",,,,,,,,,,,"0.17",,,,"0.65",,,,
"US1IACF0005","2011-10",,,"2","1",,"0",,,,,,,,"0.0","0.21",,,,"0.27","0.0",,,
"US1IACF0005","2011-11",,,"3","0",,"0",,,,,,,,"0.0","0.09",,,,"0.18","0.0",,,
"US1IACF0005","2011-12",,,"5","3",,"2",,,,,,,,"7.5","0.95",,,,"1.51","8.5",,,
"US1IACF0005","2012-01",,,"2","1",,"1",,,,,,,,"1.0","0.12",,,,"0.17","1.5",,,
"US1IACF0005","2012-02",,,"6","5",,"3",,,,,,,,"5.0","0.82",,,,"2.58","13.0",,,
"US1IACF0005","2012-03",,,"6","3",,,,,,,,,,,"0.43",,,,"1.21",,,,
"US1IACF0005","2012-04",,,"11","4",,,,,,,,,,,"2.36",,,,"4.68",,,,
"US1IACF0005","2012-05",,,"11","9",,,,,,,,,,,"0.67",,,,"2.92",,,,
"US1IACF0005","2012-06",,,"9","5",,,,,,,,,,,"1.60",,,,"4.06",,,,
"US1IACF0005","2012-07",,,"1","1",,"0",,,,,,,,"0.0","0.25",,,,"0.25","0.0",,,
"US1IACF0005","2012-08",,,"9","5",,,,,,,,,,,"0.85",,,,"3.19",,,,
"US1IACF0005","2012-09",,,"4","2",,"0",,,,,,,,"0.0","1.09",,,,"1.33","0.0",,,
"US1IACF0005","2012-10",,,"6","4",,,,,,,,,,,"1.00",,,,"2.37",,,,
"US1IACF0005","2012-11",,,"4","2",,,,,,,,,,,"0.25",,,,"0.45",,,,
"US1IACF0005","2012-12",,,"2","2",,,,,,,,,,,"0.55",,,,"1.07",,,,
"US1IACF0006","2011-05",,,"13","10",,,,,,,,,,,"1.10",,,,"5.54",,,,
