Year,Period,State,Commodity,Data Item,Value,Discounted_Value,Return
1986,JAN,ILLINOIS,CORN,"CORN, GRAIN - PRICE RECEIVED, MEASURED IN $ / BU",2.35,2.35,0
1986,FEB,ILLINOIS,CORN,"CORN, GRAIN - PRICE RECEIVED, MEASURED IN $ / BU",2.38,2.379409753,0.005401375
1986,MAR,ILLINOIS,CORN,"CORN, GRAIN - PRICE RECEIVED, MEASURED IN $ / BU",2.35,2.348834531,-0.005616814
1986,APR,ILLINOIS,CORN,"CORN, GRAIN - PRICE RECEIVED, MEASURED IN $ / BU",2.34,2.338259452,-0.001959724
1986,MAY,ILLINOIS,CORN,"CORN, GRAIN - PRICE RECEIVED, MEASURED IN $ / BU",2.45,2.447570476,0.019842507
1986,JUN,ILLINOIS,CORN,"CORN, GRAIN - PRICE RECEIVED, MEASURED IN $ / BU",2.45,2.446963471,-0.00010772
1986,JUL,ILLINOIS,CORN,"CORN, GRAIN - PRICE RECEIVED, MEASURED IN $ / BU",2.04,2.036966326,-0.079643637
1986,AUG,ILLINOIS,CORN,"CORN, GRAIN - PRICE RECEIVED, MEASURED IN $ / BU",1.77,1.76692953,-0.061764621
1986,SEP,ILLINOIS,CORN,"CORN, GRAIN - PRICE RECEIVED, MEASURED IN $ / BU",1.52,1.516986901,-0.066237398
1986,OCT,ILLINOIS,CORN,"CORN, GRAIN - PRICE RECEIVED, MEASURED IN $ / BU",1.39,1.38690056,-0.038936507
1986,NOV,ILLINOIS,CORN,"CORN, GRAIN - PRICE RECEIVED, MEASURED IN $ / BU",1.47,1.466358424,0.024194815
1986,DEC,ILLINOIS,CORN,"CORN, GRAIN - PRICE RECEIVED, MEASURED IN $ / BU",1.54,1.535804037,0.020095666
1987,JAN,ILLINOIS,CORN,"CORN, GRAIN - PRICE RECEIVED, MEASURED IN $ / BU",1.53,1.525452873,-0.00293701
1987,FEB,ILLINOIS,CORN,"CORN, GRAIN - PRICE RECEIVED, MEASURED IN $ / BU",1.45,1.445332096,-0.023431148
1987,MAR,ILLINOIS,CORN,"CORN, GRAIN - PRICE RECEIVED, MEASURED IN $ / BU",1.51,1.504765662,0.017501225
1987,APR,ILLINOIS,CORN,"CORN, GRAIN - PRICE RECEIVED, MEASURED IN $ / BU",1.56,1.554206797,0.014039932
1987,MAY,ILLINOIS,CORN,"CORN, GRAIN - PRICE RECEIVED, MEASURED IN $ / BU",1.72,1.713187641,0.042296129
1987,JUN,ILLINOIS,CORN,"CORN, GRAIN - PRICE RECEIVED, MEASURED IN $ / BU",1.75,1.742636535,0.007401882
1987,JUL,ILLINOIS,CORN,"CORN, GRAIN - PRICE RECEIVED, MEASURED IN $ / BU",1.66,1.652605275,-0.02303768
1987,AUG,ILLINOIS,CORN,"CORN, GRAIN - PRICE RECEIVED, MEASURED IN $ / BU",1.53,1.522806626,-0.035524377
1987,SEP,ILLINOIS,CORN,"CORN, GRAIN - PRICE RECEIVED, MEASURED IN $ / BU",1.53,1.522428965,-0.00010772
1987,OCT,ILLINOIS,CORN,"CORN, GRAIN - PRICE RECEIVED, MEASURED IN $ / BU",1.6,1.591687737,0.019320832
1987,NOV,ILLINOIS,CORN,"CORN, GRAIN - PRICE RECEIVED, MEASURED IN $ / BU",1.68,1.670857644,0.02108158
1987,DEC,ILLINOIS,CORN,"CORN, GRAIN - PRICE RECEIVED, MEASURED IN $ / BU",1.8,1.789760642,0.029855504
1988,JAN,ILLINOIS,CORN,"CORN, GRAIN - PRICE RECEIVED, MEASURED IN $ / BU",1.81,1.799257425,0.00229835
1988,FEB,ILLINOIS,CORN,"CORN, GRAIN - PRICE RECEIVED, MEASURED IN $ / BU",1.9,1.888254855,0.020967306
1988,MAR,ILLINOIS,CORN,"CORN, GRAIN - PRICE RECEIVED, MEASURED IN $ / BU",1.91,1.897722281,0.002172047
1988,APR,ILLINOIS,CORN,"CORN, GRAIN - PRICE RECEIVED, MEASURED IN $ / BU",1.94,1.927051405,0.006660643
1988,MAY,ILLINOIS,CORN,"CORN, GRAIN - PRICE RECEIVED, MEASURED IN $ / BU",2.03,2.015950611,0.019586588
1988,JUN,ILLINOIS,CORN,"CORN, GRAIN - PRICE RECEIVED, MEASURED IN $ / BU",2.51,2.492010409,0.092069964
1988,JUL,ILLINOIS,CORN,"CORN, GRAIN - PRICE RECEIVED, MEASURED IN $ / BU",2.77,2.749464901,0.042698328
1988,AUG,ILLINOIS,CORN,"CORN, GRAIN - PRICE RECEIVED, MEASURED IN $ / BU",2.68,2.659472386,-0.014452695
1988,SEP,ILLINOIS,CORN,"CORN, GRAIN - PRICE RECEIVED, MEASURED IN $ / BU",2.63,2.609208112,-0.008286765
1988,OCT,ILLINOIS,CORN,"CORN, GRAIN - PRICE RECEIVED, MEASURED IN $ / BU",2.57,2.549050124,-0.010130345
1988,NOV,ILLINOIS,CORN,"CORN, GRAIN - PRICE RECEIVED, MEASURED IN $ / BU",2.55,2.528585906,-0.003500663
1988,DEC,ILLINOIS,CORN,"CORN, GRAIN - PRICE RECEIVED, MEASURED IN $ / BU",2.53,2.508131681,-0.003527379
1989,JAN,ILLINOIS,CORN,"CORN, GRAIN - PRICE RECEIVED, MEASURED IN $ / BU",2.62,2.596709605,0.01507305
1989,FEB,ILLINOIS,CORN,"CORN, GRAIN - PRICE RECEIVED, MEASURED IN $ / BU",2.68,2.655517498,0.009725783
1989,MAR,ILLINOIS,CORN,"CORN, GRAIN - PRICE RECEIVED, MEASURED IN $ / BU",2.67,2.644952732,-0.001731252
1989,APR,ILLINOIS,CORN,"CORN, GRAIN - PRICE RECEIVED, MEASURED IN $ / BU",2.63,2.604681843,-0.006663233
1989,MAY,ILLINOIS,CORN,"CORN, GRAIN - PRICE RECEIVED, MEASURED IN $ / BU",2.68,2.65354226,0.008071326
1989,JUN,ILLINOIS,CORN,"CORN, GRAIN - PRICE RECEIVED, MEASURED IN $ / BU",2.58,2.553895959,-0.016622808
1989,JUL,ILLINOIS,CORN,"CORN, GRAIN - PRICE RECEIVED, MEASURED IN $ / BU",2.56,2.533469852,-0.00348746
1989,AUG,ILLINOIS,CORN,"CORN, GRAIN - PRICE RECEIVED, MEASURED IN $ / BU",2.31,2.285493737,-0.044735705
1989,SEP,ILLINOIS,CORN,"CORN, GRAIN - PRICE RECEIVED, MEASURED IN $ / BU",2.34,2.314601304,0.005496158
1989,OCT,ILLINOIS,CORN,"CORN, GRAIN - PRICE RECEIVED, MEASURED IN $ / BU",2.25,2.225026227,-0.017141059
1989,NOV,ILLINOIS,CORN,"CORN, GRAIN - PRICE RECEIVED, MEASURED IN $ / BU",2.28,2.254134073,0.005644609
1989,DEC,ILLINOIS,CORN,"CORN, GRAIN - PRICE RECEIVED, MEASURED IN $ / BU",2.33,2.302995547,0.009313354
1990,JAN,ILLINOIS,CORN,"CORN, GRAIN - PRICE RECEIVED, MEASURED IN $ / BU",2.31,2.282661098,-0.003851661
1990,FEB,ILLINOIS,CORN,"CORN, GRAIN - PRICE RECEIVED, MEASURED IN $ / BU",2.34,2.311732588,0.005496158
1990,MAR,ILLINOIS,CORN,"CORN, GRAIN - PRICE RECEIVED, MEASURED IN $ / BU",2.44,2.409926762,0.018066249
1990,APR,ILLINOIS,CORN,"CORN, GRAIN - PRICE RECEIVED, MEASURED IN $ / BU",2.61,2.577192186,0.029142961
1990,MAY,ILLINOIS,CORN,"CORN, GRAIN - PRICE RECEIVED, MEASURED IN $ / BU",2.71,2.675271542,0.016221064
1990,JUN,ILLINOIS,CORN,"CORN, GRAIN - PRICE RECEIVED, MEASURED IN $ / BU",2.74,2.704216275,0.004673552
1990,JUL,ILLINOIS,CORN,"CORN, GRAIN - PRICE RECEIVED, MEASURED IN $ / BU",2.71,2.673944757,-0.004888992
1990,AUG,ILLINOIS,CORN,"CORN, GRAIN - PRICE RECEIVED, MEASURED IN $ / BU",2.55,2.515449486,-0.02653683
1990,SEP,ILLINOIS,CORN,"CORN, GRAIN - PRICE RECEIVED, MEASURED IN $ / BU",2.37,2.337308543,-0.031899554
1990,OCT,ILLINOIS,CORN,"CORN, GRAIN - PRICE RECEIVED, MEASURED IN $ / BU",2.26,2.228273113,-0.020747626
1990,NOV,ILLINOIS,CORN,"CORN, GRAIN - PRICE RECEIVED, MEASURED IN $ / BU",2.22,2.188291813,-0.007863184
1990,DEC,ILLINOIS,CORN,"CORN, GRAIN - PRICE RECEIVED, MEASURED IN $ / BU",2.29,2.256732191,0.013374788
1991,JAN,ILLINOIS,CORN,"CORN, GRAIN - PRICE RECEIVED, MEASURED IN $ / BU",2.33,2.295581641,0.007412719
1991,FEB,ILLINOIS,CORN,"CORN, GRAIN - PRICE RECEIVED, MEASURED IN $ / BU",2.39,2.354111361,0.01093426
1991,MAR,ILLINOIS,CORN,"CORN, GRAIN - PRICE RECEIVED, MEASURED IN $ / BU",2.47,2.432306699,0.014191333
1991,APR,ILLINOIS,CORN,"CORN, GRAIN - PRICE RECEIVED, MEASURED IN $ / BU",2.52,2.480928246,0.008595868
1991,MAY,ILLINOIS,CORN,"CORN, GRAIN - PRICE RECEIVED, MEASURED IN $ / BU",2.48,2.440942922,-0.00705658
1991,JUN,ILLINOIS,CORN,"CORN, GRAIN - PRICE RECEIVED, MEASURED IN $ / BU",2.4,2.361616995,-0.014348159
1991,JUL,ILLINOIS,CORN,"CORN, GRAIN - PRICE RECEIVED, MEASURED IN $ / BU",2.37,2.331518415,-0.005570615
1991,AUG,ILLINOIS,CORN,"CORN, GRAIN - PRICE RECEIVED, MEASURED IN $ / BU",2.48,2.43912729,0.019595615
1991,SEP,ILLINOIS,CORN,"CORN, GRAIN - PRICE RECEIVED, MEASURED IN $ / BU",2.39,2.350027615,-0.0161615
1991,OCT,ILLINOIS,CORN,"CORN, GRAIN - PRICE RECEIVED, MEASURED IN $ / BU",2.42,2.378935741,0.005309746
1991,NOV,ILLINOIS,CORN,"CORN, GRAIN - PRICE RECEIVED, MEASURED IN $ / BU",2.38,2.339034258,-0.007346129
1991,DEC,ILLINOIS,CORN,"CORN, GRAIN - PRICE RECEIVED, MEASURED IN $ / BU",2.44,2.397406797,0.01070515
1992,JAN,ILLINOIS,CORN,"CORN, GRAIN - PRICE RECEIVED, MEASURED IN $ / BU",2.48,2.436104237,0.006954135
1992,FEB,ILLINOIS,CORN,"CORN, GRAIN - PRICE RECEIVED, MEASURED IN $ / BU",2.58,2.533705724,0.017060305
1992,MAR,ILLINOIS,CORN,"CORN, GRAIN - PRICE RECEIVED, MEASURED IN $ / BU",2.63,2.582168004,0.008228323
1992,APR,ILLINOIS,CORN,"CORN, GRAIN - PRICE RECEIVED, MEASURED IN $ / BU",2.56,2.512817759,-0.011823503
1992,MAY,ILLINOIS,CORN,"CORN, GRAIN - PRICE RECEIVED, MEASURED IN $ / BU",2.55,2.502381312,-0.001807505
1992,JUN,ILLINOIS,CORN,"CORN, GRAIN - PRICE RECEIVED, MEASURED IN $ / BU",2.53,2.482139062,-0.003527379
1992,JUL,ILLINOIS,CORN,"CORN, GRAIN - PRICE RECEIVED, MEASURED IN $ / BU",2.35,2.304972407,-0.032160378
1992,AUG,ILLINOIS,CORN,"CORN, GRAIN - PRICE RECEIVED, MEASURED IN $ / BU",2.2,2.157311356,-0.028752901
1992,SEP,ILLINOIS,CORN,"CORN, GRAIN - PRICE RECEIVED, MEASURED IN $ / BU",2.16,2.117562221,-0.008076649
1992,OCT,ILLINOIS,CORN,"CORN, GRAIN - PRICE RECEIVED, MEASURED IN $ / BU",2,1.9602195,-0.033531475
1992,NOV,ILLINOIS,CORN,"CORN, GRAIN - PRICE RECEIVED, MEASURED IN $ / BU",2.01,1.969532027,0.002058342
1992,DEC,ILLINOIS,CORN,"CORN, GRAIN - PRICE RECEIVED, MEASURED IN $ / BU",2.06,2.018024761,0.010563443
1993,JAN,ILLINOIS,CORN,"CORN, GRAIN - PRICE RECEIVED, MEASURED IN $ / BU",2.08,2.037111899,0.004088395
1993,FEB,ILLINOIS,CORN,"CORN, GRAIN - PRICE RECEIVED, MEASURED IN $ / BU",2.05,2.007232555,-0.006417193
1993,MAR,ILLINOIS,CORN,"CORN, GRAIN - PRICE RECEIVED, MEASURED IN $ / BU",2.15,2.104624255,0.020576879
1993,APR,ILLINOIS,CORN,"CORN, GRAIN - PRICE RECEIVED, MEASURED IN $ / BU",2.22,2.172607959,0.013806795
1993,MAY,ILLINOIS,CORN,"CORN, GRAIN - PRICE RECEIVED, MEASURED IN $ / BU",2.21,2.162285051,-0.00206842
1993,JUN,ILLINOIS,CORN,"CORN, GRAIN - PRICE RECEIVED, MEASURED IN $ / BU",2.11,2.06393211,-0.020217538
1993,JUL,ILLINOIS,CORN,"CORN, GRAIN - PRICE RECEIVED, MEASURED IN $ / BU",2.23,2.180771164,0.023914688
1993,AUG,ILLINOIS,CORN,"CORN, GRAIN - PRICE RECEIVED, MEASURED IN $ / BU",2.26,2.209560779,0.005695856
1993,SEP,ILLINOIS,CORN,"CORN, GRAIN - PRICE RECEIVED, MEASURED IN $ / BU",2.23,2.179689623,-0.005911296
1993,OCT,ILLINOIS,CORN,"CORN, GRAIN - PRICE RECEIVED, MEASURED IN $ / BU",2.31,2.257324804,0.015199397
1993,NOV,ILLINOIS,CORN,"CORN, GRAIN - PRICE RECEIVED, MEASURED IN $ / BU",2.44,2.383769071,0.023670127
1993,DEC,ILLINOIS,CORN,"CORN, GRAIN - PRICE RECEIVED, MEASURED IN $ / BU",2.69,2.627355952,0.042254734
1994,JAN,ILLINOIS,CORN,"CORN, GRAIN - PRICE RECEIVED, MEASURED IN $ / BU",2.71,2.646233761,0.003109291
1994,FEB,ILLINOIS,CORN,"CORN, GRAIN - PRICE RECEIVED, MEASURED IN $ / BU",2.86,2.792011665,0.023289023
1994,MAR,ILLINOIS,CORN,"CORN, GRAIN - PRICE RECEIVED, MEASURED IN $ / BU",2.82,2.752279808,-0.006224644
1994,APR,ILLINOIS,CORN,"CORN, GRAIN - PRICE RECEIVED, MEASURED IN $ / BU",2.75,2.683295176,-0.011024134
1994,MAY,ILLINOIS,CORN,"CORN, GRAIN - PRICE RECEIVED, MEASURED IN $ / BU",2.67,2.604589574,-0.012929152
1994,JUN,ILLINOIS,CORN,"CORN, GRAIN - PRICE RECEIVED, MEASURED IN $ / BU",2.71,2.64295402,0.00635031
1994,JUL,ILLINOIS,CORN,"CORN, GRAIN - PRICE RECEIVED, MEASURED IN $ / BU",2.31,2.252291392,-0.069465031
1994,AUG,ILLINOIS,CORN,"CORN, GRAIN - PRICE RECEIVED, MEASURED IN $ / BU",2.17,2.115264162,-0.027259966
1994,SEP,ILLINOIS,CORN,"CORN, GRAIN - PRICE RECEIVED, MEASURED IN $ / BU",2.18,2.124484914,0.00188904
1994,OCT,ILLINOIS,CORN,"CORN, GRAIN - PRICE RECEIVED, MEASURED IN $ / BU",2.03,1.977814134,-0.031068175
1994,NOV,ILLINOIS,CORN,"CORN, GRAIN - PRICE RECEIVED, MEASURED IN $ / BU",2,1.948102099,-0.006573762
1994,DEC,ILLINOIS,CORN,"CORN, GRAIN - PRICE RECEIVED, MEASURED IN $ / BU",2.17,2.113166576,0.035322019
1995,JAN,ILLINOIS,CORN,"CORN, GRAIN - PRICE RECEIVED, MEASURED IN $ / BU",2.2,2.141849544,0.005855227
1995,FEB,ILLINOIS,CORN,"CORN, GRAIN - PRICE RECEIVED, MEASURED IN $ / BU",2.26,2.199717951,0.011578039
1995,MAR,ILLINOIS,CORN,"CORN, GRAIN - PRICE RECEIVED, MEASURED IN $ / BU",2.32,2.257557523,0.011271826
1995,APR,ILLINOIS,CORN,"CORN, GRAIN - PRICE RECEIVED, MEASURED IN $ / BU",2.43,2.364010461,0.020010569
1995,MAY,ILLINOIS,CORN,"CORN, GRAIN - PRICE RECEIVED, MEASURED IN $ / BU",2.47,2.402328282,0.00698296
1995,JUN,ILLINOIS,CORN,"CORN, GRAIN - PRICE RECEIVED, MEASURED IN $ / BU",2.61,2.537863084,0.023835834
1995,JUL,ILLINOIS,CORN,"CORN, GRAIN - PRICE RECEIVED, MEASURED IN $ / BU",2.74,2.663609311,0.021002336
1995,AUG,ILLINOIS,CORN,"CORN, GRAIN - PRICE RECEIVED, MEASURED IN $ / BU",2.66,2.5851984,-0.012976646
1995,SEP,ILLINOIS,CORN,"CORN, GRAIN - PRICE RECEIVED, MEASURED IN $ / BU",2.71,2.633139167,0.007979935
1995,OCT,ILLINOIS,CORN,"CORN, GRAIN - PRICE RECEIVED, MEASURED IN $ / BU",2.86,2.778195706,0.023289023
1995,NOV,ILLINOIS,CORN,"CORN, GRAIN - PRICE RECEIVED, MEASURED IN $ / BU",3,2.913468572,0.020647502
1995,DEC,ILLINOIS,CORN,"CORN, GRAIN - PRICE RECEIVED, MEASURED IN $ / BU",3.09,3.000128405,0.012729505
1996,JAN,ILLINOIS,CORN,"CORN, GRAIN - PRICE RECEIVED, MEASURED IN $ / BU",3.14,3.047918092,0.006863449
1996,FEB,ILLINOIS,CORN,"CORN, GRAIN - PRICE RECEIVED, MEASURED IN $ / BU",3.53,3.42563139,0.050737338
1996,MAR,ILLINOIS,CORN,"CORN, GRAIN - PRICE RECEIVED, MEASURED IN $ / BU",3.73,3.618820453,0.023826407
1996,APR,ILLINOIS,CORN,"CORN, GRAIN - PRICE RECEIVED, MEASURED IN $ / BU",4.09,3.96710589,0.039906757
1996,MAY,ILLINOIS,CORN,"CORN, GRAIN - PRICE RECEIVED, MEASURED IN $ / BU",4.45,4.315218353,0.036528983
1996,JUN,ILLINOIS,CORN,"CORN, GRAIN - PRICE RECEIVED, MEASURED IN $ / BU",4.42,4.285064021,-0.003045461
1996,JUL,ILLINOIS,CORN,"CORN, GRAIN - PRICE RECEIVED, MEASURED IN $ / BU",4.7,4.555386012,0.026567869
1996,AUG,ILLINOIS,CORN,"CORN, GRAIN - PRICE RECEIVED, MEASURED IN $ / BU",4.51,4.370148031,-0.018029036
1996,SEP,ILLINOIS,CORN,"CORN, GRAIN - PRICE RECEIVED, MEASURED IN $ / BU",3.5,3.390626336,-0.110216217
1996,OCT,ILLINOIS,CORN,"CORN, GRAIN - PRICE RECEIVED, MEASURED IN $ / BU",2.94,2.847419779,-0.075828434
1996,NOV,ILLINOIS,CORN,"CORN, GRAIN - PRICE RECEIVED, MEASURED IN $ / BU",2.73,2.643376924,-0.032292403
1996,DEC,ILLINOIS,CORN,"CORN, GRAIN - PRICE RECEIVED, MEASURED IN $ / BU",2.78,2.691122849,0.007774429
1997,JAN,ILLINOIS,CORN,"CORN, GRAIN - PRICE RECEIVED, MEASURED IN $ / BU",2.77,2.680777546,-0.001672746
1997,FEB,ILLINOIS,CORN,"CORN, GRAIN - PRICE RECEIVED, MEASURED IN $ / BU",2.72,2.631735219,-0.008018585
1997,MAR,ILLINOIS,CORN,"CORN, GRAIN - PRICE RECEIVED, MEASURED IN $ / BU",2.87,2.776179005,0.023205273
1997,APR,ILLINOIS,CORN,"CORN, GRAIN - PRICE RECEIVED, MEASURED IN $ / BU",2.9,2.804502601,0.004408382
1997,MAY,ILLINOIS,CORN,"CORN, GRAIN - PRICE RECEIVED, MEASURED IN $ / BU",2.8,2.707124073,-0.015347686
1997,JUN,ILLINOIS,CORN,"CORN, GRAIN - PRICE RECEIVED, MEASURED IN $ / BU",2.64,2.551798259,-0.025661824
1997,JUL,ILLINOIS,CORN,"CORN, GRAIN - PRICE RECEIVED, MEASURED IN $ / BU",2.49,2.406212826,-0.025512299
1997,AUG,ILLINOIS,CORN,"CORN, GRAIN - PRICE RECEIVED, MEASURED IN $ / BU",2.65,2.560193818,0.026938807
1997,SEP,ILLINOIS,CORN,"CORN, GRAIN - PRICE RECEIVED, MEASURED IN $ / BU",2.68,2.588535021,0.0047812
1997,OCT,ILLINOIS,CORN,"CORN, GRAIN - PRICE RECEIVED, MEASURED IN $ / BU",2.64,2.549267787,-0.006638587
1997,NOV,ILLINOIS,CORN,"CORN, GRAIN - PRICE RECEIVED, MEASURED IN $ / BU",2.61,2.519673794,-0.005071139
1997,DEC,ILLINOIS,CORN,"CORN, GRAIN - PRICE RECEIVED, MEASURED IN $ / BU",2.65,2.557655021,0.006497647
1998,JAN,ILLINOIS,CORN,"CORN, GRAIN - PRICE RECEIVED, MEASURED IN $ / BU",2.68,2.58596812,0.004781201
1998,FEB,ILLINOIS,CORN,"CORN, GRAIN - PRICE RECEIVED, MEASURED IN $ / BU",2.67,2.57568005,-0.001731252
1998,MAR,ILLINOIS,CORN,"CORN, GRAIN - PRICE RECEIVED, MEASURED IN $ / BU",2.65,2.555752576,-0.003373107
1998,APR,ILLINOIS,CORN,"CORN, GRAIN - PRICE RECEIVED, MEASURED IN $ / BU",2.49,2.400847421,-0.027154247
1998,MAY,ILLINOIS,CORN,"CORN, GRAIN - PRICE RECEIVED, MEASURED IN $ / BU",2.4,2.313495908,-0.016095825
1998,JUN,ILLINOIS,CORN,"CORN, GRAIN - PRICE RECEIVED, MEASURED IN $ / BU",2.39,2.303284979,-0.00192106
1998,JUL,ILLINOIS,CORN,"CORN, GRAIN - PRICE RECEIVED, MEASURED IN $ / BU",2.3,2.216000687,-0.016777785
1998,AUG,ILLINOIS,CORN,"CORN, GRAIN - PRICE RECEIVED, MEASURED IN $ / BU",2.01,1.936111624,-0.058639498
1998,SEP,ILLINOIS,CORN,"CORN, GRAIN - PRICE RECEIVED, MEASURED IN $ / BU",1.88,1.810441368,-0.029145928
1998,OCT,ILLINOIS,CORN,"CORN, GRAIN - PRICE RECEIVED, MEASURED IN $ / BU",1.99,1.915896183,0.024587508
1998,NOV,ILLINOIS,CORN,"CORN, GRAIN - PRICE RECEIVED, MEASURED IN $ / BU",2.03,1.95392196,0.008535242
1998,DEC,ILLINOIS,CORN,"CORN, GRAIN - PRICE RECEIVED, MEASURED IN $ / BU",2.13,2.049665825,0.020775846
1999,JAN,ILLINOIS,CORN,"CORN, GRAIN - PRICE RECEIVED, MEASURED IN $ / BU",2.12,2.039537044,-0.002151462
1999,FEB,ILLINOIS,CORN,"CORN, GRAIN - PRICE RECEIVED, MEASURED IN $ / BU",2.13,2.048649305,0.001936023
1999,MAR,ILLINOIS,CORN,"CORN, GRAIN - PRICE RECEIVED, MEASURED IN $ / BU",2.14,2.05775692,0.00192645
1999,APR,ILLINOIS,CORN,"CORN, GRAIN - PRICE RECEIVED, MEASURED IN $ / BU",2.12,2.038019987,-0.004185632
1999,MAY,ILLINOIS,CORN,"CORN, GRAIN - PRICE RECEIVED, MEASURED IN $ / BU",2.08,1.999070882,-0.008380245
1999,JUN,ILLINOIS,CORN,"CORN, GRAIN - PRICE RECEIVED, MEASURED IN $ / BU",2.08,1.998575106,-0.00010772
1999,JUL,ILLINOIS,CORN,"CORN, GRAIN - PRICE RECEIVED, MEASURED IN $ / BU",1.79,1.719501068,-0.065318024
1999,AUG,ILLINOIS,CORN,"CORN, GRAIN - PRICE RECEIVED, MEASURED IN $ / BU",1.84,1.767093472,0.011857073
1999,SEP,ILLINOIS,CORN,"CORN, GRAIN - PRICE RECEIVED, MEASURED IN $ / BU",1.85,1.776256614,0.002246186
1999,OCT,ILLINOIS,CORN,"CORN, GRAIN - PRICE RECEIVED, MEASURED IN $ / BU",1.77,1.69902405,-0.019306182
1999,NOV,ILLINOIS,CORN,"CORN, GRAIN - PRICE RECEIVED, MEASURED IN $ / BU",1.81,1.736989189,0.009597589
1999,DEC,ILLINOIS,CORN,"CORN, GRAIN - PRICE RECEIVED, MEASURED IN $ / BU",1.95,1.870877846,0.032248317
2000,JAN,ILLINOIS,CORN,"CORN, GRAIN - PRICE RECEIVED, MEASURED IN $ / BU",1.97,1.889597594,0.004323895
2000,FEB,ILLINOIS,CORN,"CORN, GRAIN - PRICE RECEIVED, MEASURED IN $ / BU",2.03,1.946665892,0.012922092
2000,MAY,ILLINOIS,CORN,"CORN, GRAIN - PRICE RECEIVED, MEASURED IN $ / BU",2.2,2.109163964,0.034818923
2000,JUN,ILLINOIS,CORN,"CORN, GRAIN - PRICE RECEIVED, MEASURED IN $ / BU",1.89,1.810615806,-0.066284035
2000,JUL,ILLINOIS,CORN,"CORN, GRAIN - PRICE RECEIVED, MEASURED IN $ / BU",1.66,1.589881923,-0.056461436
2000,AUG,ILLINOIS,CORN,"CORN, GRAIN - PRICE RECEIVED, MEASURED IN $ / BU",1.54,1.474584908,-0.032695087
2000,SEP,ILLINOIS,CORN,"CORN, GRAIN - PRICE RECEIVED, MEASURED IN $ / BU",1.64,1.569947726,0.027215407
2000,OCT,ILLINOIS,CORN,"CORN, GRAIN - PRICE RECEIVED, MEASURED IN $ / BU",1.8,1.722686021,0.040320937
2000,NOV,ILLINOIS,CORN,"CORN, GRAIN - PRICE RECEIVED, MEASURED IN $ / BU",1.92,1.837076043,0.027921004
2000,DEC,ILLINOIS,CORN,"CORN, GRAIN - PRICE RECEIVED, MEASURED IN $ / BU",2.03,1.941843489,0.02408709
2001,JAN,ILLINOIS,CORN,"CORN, GRAIN - PRICE RECEIVED, MEASURED IN $ / BU",1.97,1.883981751,-0.013137531
2001,FEB,ILLINOIS,CORN,"CORN, GRAIN - PRICE RECEIVED, MEASURED IN $ / BU",2,1.91219748,0.00645605
2001,MAR,ILLINOIS,CORN,"CORN, GRAIN - PRICE RECEIVED, MEASURED IN $ / BU",2,1.91172325,-0.00010772
2001,APR,ILLINOIS,CORN,"CORN, GRAIN - PRICE RECEIVED, MEASURED IN $ / BU",1.92,1.834799172,-0.017836487
2001,MAY,ILLINOIS,CORN,"CORN, GRAIN - PRICE RECEIVED, MEASURED IN $ / BU",1.86,1.777020882,-0.013896004
2001,JUN,ILLINOIS,CORN,"CORN, GRAIN - PRICE RECEIVED, MEASURED IN $ / BU",1.83,1.747925657,-0.007169574
2001,JUL,ILLINOIS,CORN,"CORN, GRAIN - PRICE RECEIVED, MEASURED IN $ / BU",1.95,1.862081816,0.027475802
2001,AUG,ILLINOIS,CORN,"CORN, GRAIN - PRICE RECEIVED, MEASURED IN $ / BU",1.99,1.899807092,0.008710746
2001,SEP,ILLINOIS,CORN,"CORN, GRAIN - PRICE RECEIVED, MEASURED IN $ / BU",1.94,1.851613926,-0.011159066
2001,OCT,ILLINOIS,CORN,"CORN, GRAIN - PRICE RECEIVED, MEASURED IN $ / BU",1.85,1.765276409,-0.020737721
2001,NOV,ILLINOIS,CORN,"CORN, GRAIN - PRICE RECEIVED, MEASURED IN $ / BU",1.91,1.822076624,0.013753919
2001,DEC,ILLINOIS,CORN,"CORN, GRAIN - PRICE RECEIVED, MEASURED IN $ / BU",2.06,1.964684279,0.032726134
2002,JAN,ILLINOIS,CORN,"CORN, GRAIN - PRICE RECEIVED, MEASURED IN $ / BU",2.01,1.916522346,-0.010778883
2002,FEB,ILLINOIS,CORN,"CORN, GRAIN - PRICE RECEIVED, MEASURED IN $ / BU",1.98,1.887449326,-0.006638587
2002,MAR,ILLINOIS,CORN,"CORN, GRAIN - PRICE RECEIVED, MEASURED IN $ / BU",1.98,1.886981233,-0.00010772
2002,APR,ILLINOIS,CORN,"CORN, GRAIN - PRICE RECEIVED, MEASURED IN $ / BU",1.96,1.867457567,-0.004516838
2002,MAY,ILLINOIS,CORN,"CORN, GRAIN - PRICE RECEIVED, MEASURED IN $ / BU",2,1.905096359,0.008666205
2002,JUN,ILLINOIS,CORN,"CORN, GRAIN - PRICE RECEIVED, MEASURED IN $ / BU",2.05,1.952239487,0.010616146
2002,JUL,ILLINOIS,CORN,"CORN, GRAIN - PRICE RECEIVED, MEASURED IN $ / BU",2.24,2.132649722,0.038386438
2002,AUG,ILLINOIS,CORN,"CORN, GRAIN - PRICE RECEIVED, MEASURED IN $ / BU",2.47,2.351043939,0.042341215
2002,SEP,ILLINOIS,CORN,"CORN, GRAIN - PRICE RECEIVED, MEASURED IN $ / BU",2.5,2.379008981,0.005135336
2002,OCT,ILLINOIS,CORN,"CORN, GRAIN - PRICE RECEIVED, MEASURED IN $ / BU",2.36,2.245227517,-0.025135725
2002,NOV,ILLINOIS,CORN,"CORN, GRAIN - PRICE RECEIVED, MEASURED IN $ / BU",2.33,2.216136745,-0.005663802
2002,DEC,ILLINOIS,CORN,"CORN, GRAIN - PRICE RECEIVED, MEASURED IN $ / BU",2.37,2.253622967,0.007284705
2003,JAN,ILLINOIS,CORN,"CORN, GRAIN - PRICE RECEIVED, MEASURED IN $ / BU",2.37,2.253064062,-0.00010772
2003,FEB,ILLINOIS,CORN,"CORN, GRAIN - PRICE RECEIVED, MEASURED IN $ / BU",2.35,2.233496812,-0.003788203
2003,MAR,ILLINOIS,CORN,"CORN, GRAIN - PRICE RECEIVED, MEASURED IN $ / BU",2.36,2.242444783,0.001736421
2003,APR,ILLINOIS,CORN,"CORN, GRAIN - PRICE RECEIVED, MEASURED IN $ / BU",2.4,2.279886763,0.007191519
2003,MAY,ILLINOIS,CORN,"CORN, GRAIN - PRICE RECEIVED, MEASURED IN $ / BU",2.43,2.307812862,0.005287312
2003,JUN,ILLINOIS,CORN,"CORN, GRAIN - PRICE RECEIVED, MEASURED IN $ / BU",2.39,2.26926125,-0.007316092
2003,JUL,ILLINOIS,CORN,"CORN, GRAIN - PRICE RECEIVED, MEASURED IN $ / BU",2.2,2.088341685,-0.03608294
2003,AUG,ILLINOIS,CORN,"CORN, GRAIN - PRICE RECEIVED, MEASURED IN $ / BU",2.16,2.049863338,-0.008076649
2003,SEP,ILLINOIS,CORN,"CORN, GRAIN - PRICE RECEIVED, MEASURED IN $ / BU",2.18,2.068330475,0.003895023
2003,OCT,ILLINOIS,CORN,"CORN, GRAIN - PRICE RECEIVED, MEASURED IN $ / BU",2.13,2.020390515,-0.01018461
2003,NOV,ILLINOIS,CORN,"CORN, GRAIN - PRICE RECEIVED, MEASURED IN $ / BU",2.21,2.095753845,0.015904951
2003,DEC,ILLINOIS,CORN,"CORN, GRAIN - PRICE RECEIVED, MEASURED IN $ / BU",2.34,2.218483157,0.024715864
2004,JAN,ILLINOIS,CORN,"CORN, GRAIN - PRICE RECEIVED, MEASURED IN $ / BU",2.37,2.246368004,0.005424769
2004,FEB,ILLINOIS,CORN,"CORN, GRAIN - PRICE RECEIVED, MEASURED IN $ / BU",2.65,2.511138769,0.048389808
2004,MAR,ILLINOIS,CORN,"CORN, GRAIN - PRICE RECEIVED, MEASURED IN $ / BU",2.77,2.624199742,0.019126175
2004,APR,ILLINOIS,CORN,"CORN, GRAIN - PRICE RECEIVED, MEASURED IN $ / BU",2.97,2.812974849,0.030168961
2004,MAY,ILLINOIS,CORN,"CORN, GRAIN - PRICE RECEIVED, MEASURED IN $ / BU",2.93,2.774401436,-0.005996549
2004,JUN,ILLINOIS,CORN,"CORN, GRAIN - PRICE RECEIVED, MEASURED IN $ / BU",2.87,2.716913785,-0.009093443
2004,JUL,ILLINOIS,CORN,"CORN, GRAIN - PRICE RECEIVED, MEASURED IN $ / BU",2.49,2.356598452,-0.061790269
2004,AUG,ILLINOIS,CORN,"CORN, GRAIN - PRICE RECEIVED, MEASURED IN $ / BU",2.35,2.223547357,-0.025239205
2004,SEP,ILLINOIS,CORN,"CORN, GRAIN - PRICE RECEIVED, MEASURED IN $ / BU",2.2,2.081102555,-0.028752901
2004,OCT,ILLINOIS,CORN,"CORN, GRAIN - PRICE RECEIVED, MEASURED IN $ / BU",2.22,2.099500858,0.003822574
2004,NOV,ILLINOIS,CORN,"CORN, GRAIN - PRICE RECEIVED, MEASURED IN $ / BU",2.08,1.966612057,-0.028397359
2004,DEC,ILLINOIS,CORN,"CORN, GRAIN - PRICE RECEIVED, MEASURED IN $ / BU",2.17,2.051197018,0.018288679
2005,JAN,ILLINOIS,CORN,"CORN, GRAIN - PRICE RECEIVED, MEASURED IN $ / BU",2.23,2.107389375,0.01173741
2005,FEB,ILLINOIS,CORN,"CORN, GRAIN - PRICE RECEIVED, MEASURED IN $ / BU",2.02,1.908462246,-0.043061213
2005,MAR,ILLINOIS,CORN,"CORN, GRAIN - PRICE RECEIVED, MEASURED IN $ / BU",2.09,1.97410737,0.014687197
2005,APR,ILLINOIS,CORN,"CORN, GRAIN - PRICE RECEIVED, MEASURED IN $ / BU",2.09,1.973617786,-0.00010772
2005,MAY,ILLINOIS,CORN,"CORN, GRAIN - PRICE RECEIVED, MEASURED IN $ / BU",2.05,1.935365102,-0.008500145
2005,JUN,ILLINOIS,CORN,"CORN, GRAIN - PRICE RECEIVED, MEASURED IN $ / BU",2.12,2.000954374,0.01447428
2005,JUL,ILLINOIS,CORN,"CORN, GRAIN - PRICE RECEIVED, MEASURED IN $ / BU",2.23,2.104255487,0.021861282
2005,AUG,ILLINOIS,CORN,"CORN, GRAIN - PRICE RECEIVED, MEASURED IN $ / BU",2.03,1.915057964,-0.040916545
2005,SEP,ILLINOIS,CORN,"CORN, GRAIN - PRICE RECEIVED, MEASURED IN $ / BU",1.92,1.810837146,-0.024302529
2005,OCT,ILLINOIS,CORN,"CORN, GRAIN - PRICE RECEIVED, MEASURED IN $ / BU",1.83,1.725526113,-0.020957859
2005,NOV,ILLINOIS,CORN,"CORN, GRAIN - PRICE RECEIVED, MEASURED IN $ / BU",1.87,1.762805242,0.009282797
2005,DEC,ILLINOIS,CORN,"CORN, GRAIN - PRICE RECEIVED, MEASURED IN $ / BU",2.01,1.894310055,0.031246731
2006,JAN,ILLINOIS,CORN,"CORN, GRAIN - PRICE RECEIVED, MEASURED IN $ / BU",2.06,1.940950715,0.010563443
2006,FEB,ILLINOIS,CORN,"CORN, GRAIN - PRICE RECEIVED, MEASURED IN $ / BU",2.08,1.959308862,0.004088395
2006,MAR,ILLINOIS,CORN,"CORN, GRAIN - PRICE RECEIVED, MEASURED IN $ / BU",2.12,1.99649262,0.008164806
2006,APR,ILLINOIS,CORN,"CORN, GRAIN - PRICE RECEIVED, MEASURED IN $ / BU",2.2,2.071318144,0.0159791
2006,MAY,ILLINOIS,CORN,"CORN, GRAIN - PRICE RECEIVED, MEASURED IN $ / BU",2.26,2.127280936,0.011578039
2006,JUN,ILLINOIS,CORN,"CORN, GRAIN - PRICE RECEIVED, MEASURED IN $ / BU",2.28,2.14557419,0.003718688
2006,JUL,ILLINOIS,CORN,"CORN, GRAIN - PRICE RECEIVED, MEASURED IN $ / BU",2.28,2.145042082,-0.00010772
2006,AUG,ILLINOIS,CORN,"CORN, GRAIN - PRICE RECEIVED, MEASURED IN $ / BU",2.15,2.022235406,-0.025604107
2006,SEP,ILLINOIS,CORN,"CORN, GRAIN - PRICE RECEIVED, MEASURED IN $ / BU",2.21,2.078154366,0.011846094
2006,OCT,ILLINOIS,CORN,"CORN, GRAIN - PRICE RECEIVED, MEASURED IN $ / BU",2.62,2.463083314,0.073801298
2006,NOV,ILLINOIS,CORN,"CORN, GRAIN - PRICE RECEIVED, MEASURED IN $ / BU",3.02,2.838422456,0.061597932
2006,DEC,ILLINOIS,CORN,"CORN, GRAIN - PRICE RECEIVED, MEASURED IN $ / BU",3,2.818925681,-0.002993408
2007,JAN,ILLINOIS,CORN,"CORN, GRAIN - PRICE RECEIVED, MEASURED IN $ / BU",3.01,2.827620668,0.001337521
2007,FEB,ILLINOIS,CORN,"CORN, GRAIN - PRICE RECEIVED, MEASURED IN $ / BU",3.44,3.23076504,0.057884227
2007,MAR,ILLINOIS,CORN,"CORN, GRAIN - PRICE RECEIVED, MEASURED IN $ / BU",3.52,3.305079238,0.009876501
2007,APR,ILLINOIS,CORN,"CORN, GRAIN - PRICE RECEIVED, MEASURED IN $ / BU",3.48,3.266711165,-0.005071139
2007,MAY,ILLINOIS,CORN,"CORN, GRAIN - PRICE RECEIVED, MEASURED IN $ / BU",3.52,3.303440103,0.0048557
2007,JUN,ILLINOIS,CORN,"CORN, GRAIN - PRICE RECEIVED, MEASURED IN $ / BU",3.64,3.415210188,0.014451001
2007,JUL,ILLINOIS,CORN,"CORN, GRAIN - PRICE RECEIVED, MEASURED IN $ / BU",3.32,3.114199407,-0.04007102
2007,AUG,ILLINOIS,CORN,"CORN, GRAIN - PRICE RECEIVED, MEASURED IN $ / BU",3.16,2.963382399,-0.021558721
2007,SEP,ILLINOIS,CORN,"CORN, GRAIN - PRICE RECEIVED, MEASURED IN $ / BU",3.21,3.009524805,0.00671023
2007,OCT,ILLINOIS,CORN,"CORN, GRAIN - PRICE RECEIVED, MEASURED IN $ / BU",3.31,3.102509849,0.013215242
2007,NOV,ILLINOIS,CORN,"CORN, GRAIN - PRICE RECEIVED, MEASURED IN $ / BU",3.53,3.307898391,0.027838992
2007,DEC,ILLINOIS,CORN,"CORN, GRAIN - PRICE RECEIVED, MEASURED IN $ / BU",3.73,3.494447883,0.023826407
2008,JAN,ILLINOIS,CORN,"CORN, GRAIN - PRICE RECEIVED, MEASURED IN $ / BU",3.88,3.634073793,0.017015174
2008,FEB,ILLINOIS,CORN,"CORN, GRAIN - PRICE RECEIVED, MEASURED IN $ / BU",4.58,4.288641804,0.071926033
2008,MAR,ILLINOIS,CORN,"CORN, GRAIN - PRICE RECEIVED, MEASURED IN $ / BU",4.69,4.390554977,0.010199645
2008,APR,ILLINOIS,CORN,"CORN, GRAIN - PRICE RECEIVED, MEASURED IN $ / BU",5.15,4.819989435,0.040526667
2008,MAY,ILLINOIS,CORN,"CORN, GRAIN - PRICE RECEIVED, MEASURED IN $ / BU",5.25,4.912362881,0.008244355
2008,JUN,ILLINOIS,CORN,"CORN, GRAIN - PRICE RECEIVED, MEASURED IN $ / BU",5.71,5.341454414,0.036369085
2008,JUL,ILLINOIS,CORN,"CORN, GRAIN - PRICE RECEIVED, MEASURED IN $ / BU",5.43,5.078266964,-0.021943998
2008,AUG,ILLINOIS,CORN,"CORN, GRAIN - PRICE RECEIVED, MEASURED IN $ / BU",5.17,4.833909573,-0.021417006
2008,SEP,ILLINOIS,CORN,"CORN, GRAIN - PRICE RECEIVED, MEASURED IN $ / BU",4.99,4.664453895,-0.015497717
2008,OCT,ILLINOIS,CORN,"CORN, GRAIN - PRICE RECEIVED, MEASURED IN $ / BU",4.29,4.009127164,-0.065750973
2008,NOV,ILLINOIS,CORN,"CORN, GRAIN - PRICE RECEIVED, MEASURED IN $ / BU",4.11,3.839959481,-0.01872319
2008,DEC,ILLINOIS,CORN,"CORN, GRAIN - PRICE RECEIVED, MEASURED IN $ / BU",4.09,3.82032586,-0.002226234
2009,JAN,ILLINOIS,CORN,"CORN, GRAIN - PRICE RECEIVED, MEASURED IN $ / BU",4.34,4.052836746,0.025658702
2009,FEB,ILLINOIS,CORN,"CORN, GRAIN - PRICE RECEIVED, MEASURED IN $ / BU",3.75,3.501006593,-0.063566181
2009,MAR,ILLINOIS,CORN,"CORN, GRAIN - PRICE RECEIVED, MEASURED IN $ / BU",3.74,3.490804632,-0.001267385
2009,APR,ILLINOIS,CORN,"CORN, GRAIN - PRICE RECEIVED, MEASURED IN $ / BU",3.81,3.555258614,0.007945654
2009,MAY,ILLINOIS,CORN,"CORN, GRAIN - PRICE RECEIVED, MEASURED IN $ / BU",3.95,3.684983925,0.0155644
2009,JUN,ILLINOIS,CORN,"CORN, GRAIN - PRICE RECEIVED, MEASURED IN $ / BU",4.01,3.740030596,0.006439557
2009,JUL,ILLINOIS,CORN,"CORN, GRAIN - PRICE RECEIVED, MEASURED IN $ / BU",3.56,3.319502964,-0.051802094
2009,AUG,ILLINOIS,CORN,"CORN, GRAIN - PRICE RECEIVED, MEASURED IN $ / BU",3.32,3.094948501,-0.030419634
2009,SEP,ILLINOIS,CORN,"CORN, GRAIN - PRICE RECEIVED, MEASURED IN $ / BU",3.27,3.047581834,-0.006698051
2009,OCT,ILLINOIS,CORN,"CORN, GRAIN - PRICE RECEIVED, MEASURED IN $ / BU",3.59,3.34498637,0.040438976
2009,NOV,ILLINOIS,CORN,"CORN, GRAIN - PRICE RECEIVED, MEASURED IN $ / BU",3.55,3.306896004,-0.004973815
2009,DEC,ILLINOIS,CORN,"CORN, GRAIN - PRICE RECEIVED, MEASURED IN $ / BU",3.57,3.324701663,0.002332143
2010,JAN,ILLINOIS,CORN,"CORN, GRAIN - PRICE RECEIVED, MEASURED IN $ / BU",3.63,3.379740609,0.007130689
2010,FEB,ILLINOIS,CORN,"CORN, GRAIN - PRICE RECEIVED, MEASURED IN $ / BU",3.48,3.239278357,-0.018435101
2010,MAR,ILLINOIS,CORN,"CORN, GRAIN - PRICE RECEIVED, MEASURED IN $ / BU",3.53,3.28500482,0.006087742
2010,APR,ILLINOIS,CORN,"CORN, GRAIN - PRICE RECEIVED, MEASURED IN $ / BU",3.42,3.181849927,-0.013856319
2010,MAY,ILLINOIS,CORN,"CORN, GRAIN - PRICE RECEIVED, MEASURED IN $ / BU",3.49,3.246170251,0.008691601
2010,JUN,ILLINOIS,CORN,"CORN, GRAIN - PRICE RECEIVED, MEASURED IN $ / BU",3.41,3.170972866,-0.010178768
2010,JUL,ILLINOIS,CORN,"CORN, GRAIN - PRICE RECEIVED, MEASURED IN $ / BU",3.51,3.2631538,0.012445018
2010,AUG,ILLINOIS,CORN,"CORN, GRAIN - PRICE RECEIVED, MEASURED IN $ / BU",3.73,3.466821964,0.026293996
2010,SEP,ILLINOIS,CORN,"CORN, GRAIN - PRICE RECEIVED, MEASURED IN $ / BU",4.05,3.763310144,0.035638472
2010,OCT,ILLINOIS,CORN,"CORN, GRAIN - PRICE RECEIVED, MEASURED IN $ / BU",4.51,4.189708522,0.046613799
2010,NOV,ILLINOIS,CORN,"CORN, GRAIN - PRICE RECEIVED, MEASURED IN $ / BU",4.62,4.290832132,0.010357714
2010,DEC,ILLINOIS,CORN,"CORN, GRAIN - PRICE RECEIVED, MEASURED IN $ / BU",4.84,4.494042659,0.020095666
2011,JAN,ILLINOIS,CORN,"CORN, GRAIN - PRICE RECEIVED, MEASURED IN $ / BU",4.94,4.585757217,0.008773868
2011,FEB,ILLINOIS,CORN,"CORN, GRAIN - PRICE RECEIVED, MEASURED IN $ / BU",5.86,5.438435795,0.074062947
2011,MAR,ILLINOIS,CORN,"CORN, GRAIN - PRICE RECEIVED, MEASURED IN $ / BU",5.73,5.316469075,-0.009850714
2011,APR,ILLINOIS,CORN,"CORN, GRAIN - PRICE RECEIVED, MEASURED IN $ / BU",6.68,6.196371003,0.066514121
2011,MAY,ILLINOIS,CORN,"CORN, GRAIN - PRICE RECEIVED, MEASURED IN $ / BU",6.65,6.167013173,-0.002062537
2011,JUN,ILLINOIS,CORN,"CORN, GRAIN - PRICE RECEIVED, MEASURED IN $ / BU",6.56,6.082041099,-0.006025526
2011,JUL,ILLINOIS,CORN,"CORN, GRAIN - PRICE RECEIVED, MEASURED IN $ / BU",6.56,6.080532735,-0.00010772
2011,AUG,ILLINOIS,CORN,"CORN, GRAIN - PRICE RECEIVED, MEASURED IN $ / BU",6.96,6.449696986,0.025597681
2011,SEP,ILLINOIS,CORN,"CORN, GRAIN - PRICE RECEIVED, MEASURED IN $ / BU",6.1,5.65134977,-0.057387124
2011,OCT,ILLINOIS,CORN,"CORN, GRAIN - PRICE RECEIVED, MEASURED IN $ / BU",5.84,5.409130754,-0.019024708
2011,NOV,ILLINOIS,CORN,"CORN, GRAIN - PRICE RECEIVED, MEASURED IN $ / BU",5.9,5.463348753,0.004331445
2011,DEC,ILLINOIS,CORN,"CORN, GRAIN - PRICE RECEIVED, MEASURED IN $ / BU",5.92,5.48050906,0.001361975
2012,JAN,ILLINOIS,CORN,"CORN, GRAIN - PRICE RECEIVED, MEASURED IN $ / BU",6.12,5.664256293,0.014321996
2012,FEB,ILLINOIS,CORN,"CORN, GRAIN - PRICE RECEIVED, MEASURED IN $ / BU",6.37,5.894177176,0.017280291
2012,MAR,ILLINOIS,CORN,"CORN, GRAIN - PRICE RECEIVED, MEASURED IN $ / BU",6.48,5.99447344,0.007327854
2012,APR,ILLINOIS,CORN,"CORN, GRAIN - PRICE RECEIVED, MEASURED IN $ / BU",6.44,5.955993048,-0.002796858
2012,MAY,ILLINOIS,CORN,"CORN, GRAIN - PRICE RECEIVED, MEASURED IN $ / BU",6.39,5.908285231,-0.003492729
2012,JUN,ILLINOIS,CORN,"CORN, GRAIN - PRICE RECEIVED, MEASURED IN $ / BU",6.43,5.943795358,0.002602395
2012,JUL,ILLINOIS,CORN,"CORN, GRAIN - PRICE RECEIVED, MEASURED IN $ / BU",7.3,6.746336756,0.055004168
2012,AUG,ILLINOIS,CORN,"CORN, GRAIN - PRICE RECEIVED, MEASURED IN $ / BU",7.58,7.003363072,0.016238626
2012,SEP,ILLINOIS,CORN,"CORN, GRAIN - PRICE RECEIVED, MEASURED IN $ / BU",6.84,6.31809015,-0.044720823
2012,OCT,ILLINOIS,CORN,"CORN, GRAIN - PRICE RECEIVED, MEASURED IN $ / BU",6.84,6.316523245,-0.00010772
2012,NOV,ILLINOIS,CORN,"CORN, GRAIN - PRICE RECEIVED, MEASURED IN $ / BU",7.07,6.527301765,0.014255592
2012,DEC,ILLINOIS,CORN,"CORN, GRAIN - PRICE RECEIVED, MEASURED IN $ / BU",6.73,6.211859466,-0.021512069
2013,JAN,ILLINOIS,CORN,"CORN, GRAIN - PRICE RECEIVED, MEASURED IN $ / BU",6.87,6.339508305,0.008833953
2013,FEB,ILLINOIS,CORN,"CORN, GRAIN - PRICE RECEIVED, MEASURED IN $ / BU",7.05,6.50399555,0.01112466
2013,MAR,ILLINOIS,CORN,"CORN, GRAIN - PRICE RECEIVED, MEASURED IN $ / BU",7.14,6.585391679,0.005401375
2013,APR,ILLINOIS,CORN,"CORN, GRAIN - PRICE RECEIVED, MEASURED IN $ / BU",6.89,6.353234727,-0.015586709
2013,MAY,ILLINOIS,CORN,"CORN, GRAIN - PRICE RECEIVED, MEASURED IN $ / BU",6.91,6.370096433,0.001151106
2013,JUN,ILLINOIS,CORN,"CORN, GRAIN - PRICE RECEIVED, MEASURED IN $ / BU",6.96,6.414598517,0.003023473
2013,JUL,ILLINOIS,CORN,"CORN, GRAIN - PRICE RECEIVED, MEASURED IN $ / BU",6.73,6.201083574,-0.014701895
2013,AUG,ILLINOIS,CORN,"CORN, GRAIN - PRICE RECEIVED, MEASURED IN $ / BU",6.09,5.609990079,-0.043505491
2013,SEP,ILLINOIS,CORN,"CORN, GRAIN - PRICE RECEIVED, MEASURED IN $ / BU",5.25,4.834998953,-0.064565709
2013,OCT,ILLINOIS,CORN,"CORN, GRAIN - PRICE RECEIVED, MEASURED IN $ / BU",4.49,4.134049785,-0.068020682
2013,NOV,ILLINOIS,CORN,"CORN, GRAIN - PRICE RECEIVED, MEASURED IN $ / BU",4.5,4.142229483,0.000858453
2013,DEC,ILLINOIS,CORN,"CORN, GRAIN - PRICE RECEIVED, MEASURED IN $ / BU",4.58,4.21482357,0.007545245
2014,JAN,ILLINOIS,CORN,"CORN, GRAIN - PRICE RECEIVED, MEASURED IN $ / BU",4.47,4.112574,-0.010665674
2014,FEB,ILLINOIS,CORN,"CORN, GRAIN - PRICE RECEIVED, MEASURED IN $ / BU",4.36,4.010374887,-0.010928753
2014,MAR,ILLINOIS,CORN,"CORN, GRAIN - PRICE RECEIVED, MEASURED IN $ / BU",4.56,4.19329683,0.019370634
2014,APR,ILLINOIS,CORN,"CORN, GRAIN - PRICE RECEIVED, MEASURED IN $ / BU",4.84,4.449676163,0.025772799
2014,MAY,ILLINOIS,CORN,"CORN, GRAIN - PRICE RECEIVED, MEASURED IN $ / BU",4.77,4.38423377,-0.006434702
2014,JUN,ILLINOIS,CORN,"CORN, GRAIN - PRICE RECEIVED, MEASURED IN $ / BU",4.68,4.300445591,-0.008380246
2014,JUL,ILLINOIS,CORN,"CORN, GRAIN - PRICE RECEIVED, MEASURED IN $ / BU",4.12,3.784923453,-0.055456357
2014,AUG,ILLINOIS,CORN,"CORN, GRAIN - PRICE RECEIVED, MEASURED IN $ / BU",3.74,3.434976476,-0.042133333
2014,SEP,ILLINOIS,CORN,"CORN, GRAIN - PRICE RECEIVED, MEASURED IN $ / BU",3.51,3.222935112,-0.027672205
2014,OCT,ILLINOIS,CORN,"CORN, GRAIN - PRICE RECEIVED, MEASURED IN $ / BU",3.58,3.286394933,0.00846819
2014,NOV,ILLINOIS,CORN,"CORN, GRAIN - PRICE RECEIVED, MEASURED IN $ / BU",3.63,3.331467885,0.005915879
2014,DEC,ILLINOIS,CORN,"CORN, GRAIN - PRICE RECEIVED, MEASURED IN $ / BU",3.81,3.495797457,0.020910631
2015,JAN,ILLINOIS,CORN,"CORN, GRAIN - PRICE RECEIVED, MEASURED IN $ / BU",3.82,3.504103535,0.001030668
2015,FEB,ILLINOIS,CORN,"CORN, GRAIN - PRICE RECEIVED, MEASURED IN $ / BU",3.78,3.466551424,-0.004679283
2015,MAR,ILLINOIS,CORN,"CORN, GRAIN - PRICE RECEIVED, MEASURED IN $ / BU",3.79,3.474860206,0.001039691
2015,APR,ILLINOIS,CORN,"CORN, GRAIN - PRICE RECEIVED, MEASURED IN $ / BU",3.71,3.400668648,-0.00937302
2015,MAY,ILLINOIS,CORN,"CORN, GRAIN - PRICE RECEIVED, MEASURED IN $ / BU",3.62,3.317349727,-0.010773059
2015,JUN,ILLINOIS,CORN,"CORN, GRAIN - PRICE RECEIVED, MEASURED IN $ / BU",3.65,3.344012045,0.003476574
2015,JUL,ILLINOIS,CORN,"CORN, GRAIN - PRICE RECEIVED, MEASURED IN $ / BU",3.85,3.526370815,0.023060145
2015,AUG,ILLINOIS,CORN,"CORN, GRAIN - PRICE RECEIVED, MEASURED IN $ / BU",3.63,3.324039335,-0.025661824
2015,SEP,ILLINOIS,CORN,"CORN, GRAIN - PRICE RECEIVED, MEASURED IN $ / BU",3.69,3.378144137,0.007012022
2015,OCT,ILLINOIS,CORN,"CORN, GRAIN - PRICE RECEIVED, MEASURED IN $ / BU",3.7,3.386458939,0.001067638
2015,NOV,ILLINOIS,CORN,"CORN, GRAIN - PRICE RECEIVED, MEASURED IN $ / BU",3.7,3.385619088,-0.00010772
2015,DEC,ILLINOIS,CORN,"CORN, GRAIN - PRICE RECEIVED, MEASURED IN $ / BU",3.79,3.467111917,0.010329766
2016,JAN,ILLINOIS,CORN,"CORN, GRAIN - PRICE RECEIVED, MEASURED IN $ / BU",3.73,3.411377361,-0.007038098
2016,FEB,ILLINOIS,CORN,"CORN, GRAIN - PRICE RECEIVED, MEASURED IN $ / BU",3.63,3.319096173,-0.011909926
2016,MAR,ILLINOIS,CORN,"CORN, GRAIN - PRICE RECEIVED, MEASURED IN $ / BU",3.67,3.35483802,0.00465172
2016,APR,ILLINOIS,CORN,"CORN, GRAIN - PRICE RECEIVED, MEASURED IN $ / BU",3.67,3.35400601,-0.00010772
2016,MAY,ILLINOIS,CORN,"CORN, GRAIN - PRICE RECEIVED, MEASURED IN $ / BU",3.82,3.490224924,0.017289579
2016,JUN,ILLINOIS,CORN,"CORN, GRAIN - PRICE RECEIVED, MEASURED IN $ / BU",3.92,3.580703824,0.011114985
2016,JUL,ILLINOIS,CORN,"CORN, GRAIN - PRICE RECEIVED, MEASURED IN $ / BU",3.63,3.314982487,-0.033487162
2016,AUG,ILLINOIS,CORN,"CORN, GRAIN - PRICE RECEIVED, MEASURED IN $ / BU",3.17,2.894184118,-0.058955082
2016,SEP,ILLINOIS,CORN,"CORN, GRAIN - PRICE RECEIVED, MEASURED IN $ / BU",3.27,2.984742893,0.013380771
2016,OCT,ILLINOIS,CORN,"CORN, GRAIN - PRICE RECEIVED, MEASURED IN $ / BU",3.3,3.011378839,0.003858468
2016,NOV,ILLINOIS,CORN,"CORN, GRAIN - PRICE RECEIVED, MEASURED IN $ / BU",3.32,3.028878263,0.002516424
2016,DEC,ILLINOIS,CORN,"CORN, GRAIN - PRICE RECEIVED, MEASURED IN $ / BU",3.47,3.164940064,0.019083672
