STATION,DATE,CDSD,CDSD_ATTRIBUTES,CLDD,CLDD_ATTRIBUTES,DP01,DP01_ATTRIBUTES,DP10,DP10_ATTRIBUTES,DSND,DSND_ATTRIBUTES,DSNW,DSNW_ATTRIBUTES,DT00,DT00_ATTRIBUTES,DT32,DT32_ATTRIBUTES,DX32,DX32_ATTRIBUTES,DX70,DX70_ATTRIBUTES,DX90,DX90_ATTRIBUTES,EMNT,EMNT_ATTRIBUTES,EMSD,EMSD_ATTRIBUTES,EMSN,EMSN_ATTRIBUTES,EMXP,EMXP_ATTRIBUTES,EMXT,EMXT_ATTRIBUTES,HDSD,HDSD_ATTRIBUTES,HTDD,HTDD_ATTRIBUTES,PRCP,PRCP_ATTRIBUTES,SNOW,SNOW_ATTRIBUTES,TAVG,TAVG_ATTRIBUTES,TMAX,TMAX_ATTRIBUTES,TMIN,TMIN_ATTRIBUTES
US1MNMT0003,2012-10,,,,,5,"2,N",2,"2,N",,,,,,,,,,,,,,,,,,,,,0.74,"2,,N,25,",,,,,,,1.15,"2,,,N",,,,,,,,
US1MNMT0003,2012-11,,,,,4,",N",3,",N",,,0,"4,N",,,,,,,,,,,,,,,0,"4,,N,30,+",0.49,",,N,10,",,,,,,,0.98,",,,N",0,"4,,,N",,,,,,
US1MNMT0003,2012-12,,,,,8,"3,N",6,"3,N",,,3,"5,N",,,,,,,,,,,,,,,4.6,"5,,N,20,",0.41,"3,,N,20,",,,,,,,1.85,"3,,,N",13.3,"5,,,N",,,,,,
US1MNMT0003,2013-01,,,,,4,"3,N",3,"3,N",,,,,,,,,,,,,,,,,,,,,0.18,"3,,N,27,",,,,,,,0.5,"3,,,N",,,,,,,,
US1MNMT0003,2013-02,,,,,2,"3,N",2,"3,N",,,1,"3,N",,,,,,,,,,,,,,,5.8,"3,,N,22,",0.67,"3,,N,10,",,,,,,,0.79,"3,,,N",7,"3,,,N",,,,,,
US1MNMT0003,2013-03,,,,,7,"3,N",5,"3,N",,,1,"4,N",,,,,,,,,,,,,,,2.4,"4,,N,04,",0.96,"3,,N,10,",,,,,,,2.2,"3,,,N",4.9,"4,,,N",,,,,,
US1MNMT0003,2013-04,,,,,11,"1,N",8,"1,N",,,,,,,,,,,,,,,,,,,,,1.84,"1,,N,10,",,,,,,,4.48,"1,,,N",,,,,,,,
US1MNMT0003,2013-05,,,,,14,",N",11,",N",,,,,,,,,,,,,,,,,,,,,1.07,",,N,17,",,,,,,,5.46,",,,N",,,,,,,,
US1MNMT0003,2013-07,,,,,3,"1,N",1,"1,N",,,0,"4,N",,,,,,,,,,,,,,,0,"4,,N,31,+",0.13,"1,,N,13,",,,,,,,0.21,"1,,,N",0,"4,,,N",,,,,,
US1MNMT0003,2013-08,,,,,3,",N",3,",N",,,0,"2,N",,,,,,,,,,,,,,,0,"2,,N,31,+",1.23,",,N,11,",,,,,,,1.93,",,,N",0,"2,,,N",,,,,,
US1MNMT0003,2013-09,,,,,6,",N",2,",N",,,,,,,,,,,,,,,,,,,,,0.6,",,N,19,",,,,,,,0.94,",,,N",,,,,,,,
US1MNMT0003,2013-10,,,,,7,"1,N",6,"1,N",,,,,,,,,,,,,,,,,,,,,1,"1,,N,15,",,,,,,,2.35,"1,,,N",,,,,,,,
US1MNMT0003,2013-11,,,,,2,",N",1,",N",,,1,"1,N",,,,,,,,,,,,,,,2.1,"1,,N,06,",0.3,",,N,06,",,,,,,,0.32,",,,N",2.1,"1,,,N",,,,,,
US1MNMT0004,2015-03,,,,,3,",N",2,",N",,,1,",N",,,,,,,,,,,,,,,1,",,N,25,",0.27,",,N,23,",,,,,,,0.52,",,,N",1.4,",,,N",,,,,,
US1MNMT0004,2015-05,,,,,18,"1,N",13,"1,N",,,,,,,,,,,,,,,,,,,,,1.45,"1,,N,27,",,,,,,,6.05,"1,,,N",,,,,,,,
US1MNMT0004,2015-06,,,,,10,"5,N",7,"5,N",,,,,,,,,,,,,,,,,,,,,1.65,"5,,N,16,",,,,,,,3.69,"5,,,N",,,,,,,,
US1MNMT0004,2015-07,,,,,8,"1,N",7,"1,N",,,,,,,,,,,,,,,,,,,,,0.62,"1,,N,06,",,,,,,,1.94,"1,,,N",,,,,,,,
US1MNMT0004,2015-08,,,,,8,",N",6,",N",,,,,,,,,,,,,,,,,,,,,1.3,",,N,17,+",,,,,,,5.02,",,,N",,,,,,,,
US1MNMT0004,2015-09,,,,,7,"3,N",6,"3,N",,,,,,,,,,,,,,,,,,,,,2.33,"3,,N,08,",,,,,,,4.4,"3,,,N",,,,,,,,
US1MNMT0004,2015-10,,,,,4,",N",3,",N",,,0,"5,N",,,,,,,,,,,,,,,0,"5,,N,31,+",1.2,",,N,28,",,,,,,,1.8,",,,N",0,"5,,,N",,,,,,
US1MNMT0004,2015-11,,,,,7,"2,N",5,"2,N",,,,,,,,,,,,,,,,,,,,,2.15,"2,,N,12,",,,,,,,3.71,"2,,,N",,,,,,,,
US1MNMT0004,2016-01,,,,,,,,,,,2,"3,N",,,,,,,,,,,,,,,1.2,"3,,N,09,",,,,,,,,,,,3.5,"3,,,N",,,,,,
US1MNMT0004,2016-02,,,,,,,,,,,5,"2,N",,,,,,,,,,,,,,,10.2,"2,,N,03,",,,,,,,,,,,14.6,"2,,,N",,,,,,
US1MNMT0004,2016-04,,,,,10,",N",6,",N",,,,,,,,,,,,,,,,,,,,,1.6,",,N,25,",,,,,,,4.13,",,,N",,,,,,,,
US1MNMT0004,2016-05,,,,,14,",N",13,",N",,,,,,,,,,,,,,,,,,,,,1.51,",,N,01,",,,,,,,5.33,",,,N",,,,,,,,
US1MNMT0004,2016-06,,,,,8,"2,N",7,"2,N",,,,,,,,,,,,,,,,,,,,,0.6,"2,,N,15,+",,,,,,,2.37,"2,,,N",,,,,,,,
US1MNMT0004,2016-07,,,,,8,"2,N",7,"2,N",,,,,,,,,,,,,,,,,,,,,4.1,"2,,N,17,",,,,,,,7.64,"2,,,N",,,,,,,,
US1MNMT0004,2016-09,,,,,11,"1,N",11,"1,N",,,,,,,,,,,,,,,,,,,,,2.32,"1,,N,16,",,,,,,,8.48,"1,,,N",,,,,,,,
US1MNMT0004,2016-10,,,,,5,"4,N",4,"4,N",,,,,,,,,,,,,,,,,,,,,1.51,"4,,N,05,",,,,,,,3.78,"4,,,N",,,,,,,,
USC00217602,2009-03,,,0,"1,H",8,"1,H",5,"1,H",10,"1,H",2,"1,H",5,"1,H",22,"1,H",10,"1,H",0,"1,H",0,"1,H",-5,"1,H,01,",2,"1,,H,08,+",2,"1,,H,08,",0.51,"1,,H,24,",67,"1,H,22,",,,1001,"1,H",1.55,"1,,,H",3.5,"1,,,H",31.6,"1,H",41.6,"1,,,H",21.6,"1,,,H"
USC00217602,2009-04,,,3,",0",8,",0",5,",0",2,",0",2,",0",0,",0",14,",0",0,",0",3,",0",0,",0",23,",0,08,+",2,",,0,05,",2,",,0,05,",0.86,",,0,27,",88,",0,24,",,,610,",0",2.1,",,,0",3,",,,0",44.8,",0",56.5,",,,0",33,",,,0"
USC00217602,2009-05,,,33,",0",5,",0",3,",0",0,",0",0,",0",0,",0",0,",0",0,",0",14,",0",2,",0",34,",0,02,",0,",,0,31,+",0,",,0,31,+",0.78,",,0,09,",95,",0,20,",,,232,",0",1.72,",,,0",0,",,,0",58.6,",0",70.8,",,,0",46.3,",,,0"
USC00217602,2009-06,,,132,",0",14,",0",10,",0",0,",0",0,",0",0,",0",0,",0",0,",0",23,",0",2,",0",43,",0,03,",0,",,0,30,+",0,",,0,30,+",0.65,",,0,13,",98,",0,23,",,,83,",0",3.29,",,,0",0,",,,0",66.6,",0",77,",,,0",56.2,",,,0"
USC00217602,2009-07,,,100,",0",10,",0",7,",0",0,",0",0,",0",0,",0",0,",0",0,",0",30,",0",0,",0",46,",0,19,",0,",,0,31,+",0,",,0,31,+",3.02,",,0,10,",87,",0,07,",24,0,24,",0",5.46,",,,0",0,",,,0",67.5,",0",78.2,",,,0",56.7,",,,0"
USC00217602,2009-08,,,101,",0",8,",0",7,",0",0,",0",0,",0",0,",0",0,",0",0,",0",29,",0",0,",0",42,",0,31,+",0,",,0,31,+",0,",,0,31,+",0.34,",,0,07,",89,",0,09,",56,0,32,",0",1.56,",,,0",0,",,,0",67.2,",0",78.3,",,,0",56.2,",,,0"
USC00217602,2009-09,,,32,",0",4,",0",4,",0",0,",0",0,",0",0,",0",0,",0",0,",0",25,",0",0,",0",35,",0,30,",0,",,0,30,+",0,",,0,30,+",1.78,",,0,25,",84,",0,18,",154,0,98,",0",2.29,",,,0",0,",,,0",62.8,",0",75.6,",,,0",50,",,,0"
USC00217602,2009-10,,,0,",0",15,",0",11,",0",,,2,"2,0",0,",0",12,",0",0,",0",0,",0",0,",0",21,",0,11,",,,1.5,"2,,0,12,",2.19,",,0,02,",67,",0,08,",852,0,697,",0",6.88,",,,0",2.5,"2,,,0",42.5,",0",50.8,",,,0",34.2,",,,0"
USC00217602,2009-11,,,0,",0",4,",0",3,",0",0,"2,0",0,"1,0",0,",0",19,",0",0,",0",0,",0",0,",0",23,",0,03,",0,"2,,0,30,+",0,"1,,0,30,+",0.61,",,0,24,",67,",0,07,",1561,0,710,",0",1.07,",,,0",0,"1,,,0",41.3,",0",51.8,",,,0",30.8,",,,0"
USC00217602,2009-12,,,0,",0",10,",0",10,",0",29,",0",10,",0",11,",0",31,",0",28,",0",0,",0",0,",0",-12,",0,29,",20,",,0,31,+",5,",,0,25,",0.72,",,0,25,",50,",0,02,",3142,0,1581,",0",2.31,",,,0",26.5,",,,0",14,",0",22.2,",,,0",5.8,",,,0"
USC00217602,2010-01,0,0,0,",0",4,",0",3,",0",,,2,",0",15,",0",31,",0",27,",0",0,",0",0,",0",-30,",0,03,",,,5,",,0,07,",0.46,",,0,24,",39,",0,24,",4889,0,1747,",0",1.08,",,,0",6,",,,0",8.6,",0",17.2,",,,0",0,",,,0"
USC00217602,2010-02,0,0,0,",0",8,",0",2,",0",28,",0",6,",0",7,",0",28,",0",27,",0",0,",0",0,",0",-10,",0,25,+",10,",,0,12,+",3,",,0,02,",0.18,",,0,02,",37,",0,06,",6336,0,1447,",0",0.59,",,,0",9.4,",,,0",13.3,",0",22.5,",,,0",4.2,",,,0"
USC00217602,2010-03,0,0,0,",0",5,",0",4,",0",17,",0",0,",0",0,",0",23,",0",2,",0",1,",0",0,",0",6,",0,01,",6,",,0,12,+",0,",,0,31,+",0.7,",,0,11,",77,",0,31,",7263,0,926,",0",1.61,",,,0",0,",,,0",35.1,",0",43.5,",,,0",26.7,",,,0"
USC00217602,2010-04,2,0,2,",0",9,",0",8,",0",0,",0",0,",0",0,",0",3,",0",0,",0",13,",0",0,",0",28,",0,09,+",0,",,0,30,+",0,",,0,30,+",1.13,",,0,13,",82,",0,02,",7623,0,360,",0",3.26,",,,0",0,",,,0",53.1,",0",66.3,",,,0",39.8,",,,0"
USC00217602,2010-05,69,0,67,",0",5,",0",4,",0",0,",0",0,",0",0,",0",1,",0",0,",0",17,",0",2,",0",31,",0,09,",0,",,0,31,+",0,",,0,31,+",0.89,",,0,11,",93,",0,25,",7879,0,256,",0",1.94,",,,0",0,",,,0",58.9,",0",70.9,",,,0",46.8,",,,0"
USC00217602,2010-06,182,0,112,",0",15,",0",12,",0",0,",0",0,",0",0,",0",0,",0",0,",0",27,",0",0,",0",50,",0,03,",0,",,0,30,+",0,",,0,30,+",1.6,",,0,26,",89,",0,23,+",7901,0,22,",0",7.85,",,,0",0,",,,0",68,",0",77.7,",,,0",58.3,",,,0"
USC00217602,2010-07,416,0,234,",0",8,",0",8,",0",0,",0",0,",0",0,",0",0,",0",0,",0",31,",0",3,",0",54,",0,01,",0,",,0,31,+",0,",,0,31,+",2.2,",,0,22,",91,",0,15,",0,0,0,",0",6.02,",,,0",0,",,,0",72.6,",0",83,",,,0",62.1,",,,0"
USC00217602,2010-08,661,0,245,"1,0",9,",0",7,",0",0,",0",0,",0",0,",0",0,",0",0,"1,0",30,"1,0",1,"1,0",50,",0,18,",0,",,0,31,+",0,",,0,31,+",1.15,",,0,24,",91,"1,0,12,",3,0,3,"1,0",3.59,",,,0",0,",,,0",72.9,"1,0",84.2,"1,,,0",61.5,",,,0"
USC00217602,2010-09,677,0,17,",0",9,",0",8,",0",0,",0",0,",0",0,",0",0,",0",0,",0",22,",0",0,",0",39,",0,18,",0,",,0,30,+",0,",,0,30,+",3.76,",,0,23,",88,",0,21,",150,0,147,",0",8.52,",,,0",0,",,,0",60.6,",0",72.7,",,,0",48.6,",,,0"
USC00217602,2010-10,691,0,13,",0",4,",0",3,",0",0,",0",0,",0",0,",0",4,",0",0,",0",13,",0",1,",0",25,",0,29,",0,",,0,31,+",0,",,0,31,+",0.61,",,0,24,",90,",0,09,",550,0,400,",0",1.35,",,,0",0,",,,0",52.5,",0",66.4,",,,0",38.7,",,,0"
USC00217602,2010-11,691,0,0,",0",6,",0",3,",0",,,1,"1,0",0,",0",26,",0",6,",0",1,",0",0,",0",4,",0,25,",,,5,"1,,0,13,",0.41,",,0,13,",74,",0,09,",1500,0,950,",0",0.98,",,,0",5.5,"1,,,0",33.3,",0",43.2,",,,0",23.4,",,,0"
USC00217602,2010-12,691,0,0,",0",8,",0",3,",0",26,"2,0",6,",0",6,",0",31,",0",27,",0",0,",0",0,",0",-10,",0,13,",14,"2,,0,28,+",8,",,0,12,",0.27,",,0,24,",39,",0,31,",3057,0,1557,",0",0.91,",,,0",20.5,",,,0",14.8,",0",23,",,,0",6.5,",,,0"
USC00217602,2011-01,0,7,0,",7",4,",7",4,",7",31,",7",4,",7",18,",7",31,",7",28,",7",0,",7",0,",7",-18,",7,23,",12,",,7,16,+",4,",,7,10,",0.27,",,7,31,",34,",7,28,",4794,7,1737,",7",0.65,",,,7",11.5,",,,7",9,",7",18.3,",,,7",-0.4,",,,7"
USC00217602,2011-02,0,7,0,",7",3,",7",3,",7",23,"5,7",3,",7",11,",7",27,",7",19,",7",0,",7",0,",7",-15,",7,09,+",15,"5,,7,04,+",5,",,7,01,",0.97,",,7,21,",47,",7,18,",6161,7,1367,",7",1.42,",,,7",10,",,,7",16.2,",7",25,",,,7",7.3,",,,7"
USC00217602,2011-03,0,7,0,",7",5,",7",4,",7",16,"2,7",2,"1,7",2,",7",27,",7",10,",7",0,",7",0,",7",-4,",7,03,",3,"2,,7,09,+",2,"1,,7,09,+",0.7,",,7,23,",56,",7,21,",7308,7,1146,",7",1.3,",,,7",4,"1,,,7",28,",7",35.9,",,,7",20.1,",,,7"
USC00217602,2011-04,0,7,0,",7",12,",7",10,",7",1,",7",1,",7",0,",7",9,",7",0,",7",2,",7",0,",7",29,",7,21,",1,",,7,16,",1,",,7,16,",0.52,",,7,26,",72,",7,13,",7927,7,619,",7",3.08,",,,7",1,",,,7",44.4,",7",53.9,",,,7",34.9,",,,7"
USC00217602,2011-05,24,7,24,",7",14,",7",10,",7",,,,,0,",7",3,",7",0,",7",14,",7",1,",7",26,",7,03,",,,,,1.19,",,7,22,",96,",7,11,",8199,7,272,",7",4.83,",,,7",,,57,",7",67.6,",,,7",46.4,",,,7"
USC00217602,2011-06,146,7,122,",7",8,",7",8,",7",,,,,0,",7",0,",7",0,",7",26,",7",3,",7",49,",7,01,",,,,,1.96,",,7,15,",99,",7,07,",8239,7,40,",7",5.07,",,,7",,,67.7,",7",77.2,",,,7",58.3,",,,7"
USC00217602,2011-07,492,7,346,",7",11,",7",9,",7",,,,,0,",7",0,",7",0,",7",31,",7",8,",7",57,",7,25,",,,,,2.3,",,7,11,",96,",7,19,",0,7,0,",7",5.76,",,,7",,,76.2,",7",85.8,",,,7",66.5,",,,7"
USC00217602,2011-08,649,7,157,",7",7,",7",3,",7",,,,,0,",7",0,",7",0,",7",30,",7",3,",7",49,",7,29,",,,,,0.58,",,7,06,",91,",7,27,+",6,7,6,",7",1.12,",,,7",,,69.9,",7",81.7,",,,7",58,",,,7"
USC00217602,2011-09,705,7,56,",7",4,",7",4,",7",,,,,0,",7",1,",7",0,",7",18,",7",1,",7",28,",7,15,",,,,,0.19,",,7,02,",90,",7,13,",218,7,211,",7",0.58,",,,7",,,59.8,",7",72.8,",,,7",46.8,",,,7"
USC00217602,2011-10,720,7,15,",7",4,",7",1,",7",,,0,",7",0,",7",9,",7",0,",7",11,",7",0,",7",22,",7,29,",,,0,",,7,31,+",0.11,",,7,13,",85,",7,06,",639,7,421,",7",0.21,",,,7",0,",,,7",51.9,",7",65.9,",,,7",37.9,",,,7"
USC00217602,2011-11,720,7,0,",7",1,",7",0,",7",,,0,",7",0,",7",24,",7",2,",7",0,",7",0,",7",6,",7,21,+",,,0,",,7,30,+",0.03,",,7,14,",61,",7,12,",1525,7,886,",7",0.03,",,,7",0,",,,7",35.5,",7",47.7,",,,7",23.2,",,,7"
USC00217602,2011-12,720,7,0,",7",4,",7",4,",7",8,"4,7",1,",7",4,",7",31,",7",14,",7",0,",7",0,",7",-7,",7,07,",4,"4,,7,05,+",3.5,",,7,04,",0.53,",,7,15,",49,",7,27,+",2748,7,1223,",7",1.41,",,,7",4,",,,7",25.6,",7",34.7,",,,7",16.4,",,,7"
USC00217602,2012-01,0,7,0,",7",4,",7",3,",7",19,",7",4,",7",7,",7",31,",7",14,",7",0,",7",0,",7",-14,",7,21,",5,",,7,26,+",4,",,7,20,",0.28,",,7,23,",55,",7,11,",4077,7,1329,",7",0.81,",,,7",9,",,,7",22.1,",7",31.7,",,,7",12.5,",,,7"
USC00217602,2012-02,0,7,0,",7",5,",7",4,",7",6,",7",2,",7",2,",7",29,",7",12,",7",0,",7",0,",7",-3,",7,11,",3,",,7,14,",3,",,7,14,",0.97,",,7,29,",50,",7,02,",5202,7,1126,",7",2.18,",,,7",4.5,",,,7",26.2,",7",34.8,",,,7",17.6,",,,7"
USC00217602,2012-03,7,7,7,",7",8,",7",6,",7",3,",7",1,",7",1,",7",10,",7",3,",7",9,",7",0,",7",0,",7,05,",4,",,7,05,",4,",,7,05,",0.33,",,7,21,",81,",7,19,",5803,7,600,",7",1.21,",,,7",4,",,,7",45.9,",7",57.8,",,,7",34,",,,7"
USC00217602,2012-04,8,7,0,",7",8,",7",8,",7",0,",7",0,",7",0,",7",6,",7",0,",7",5,",7",0,",7",21,",7,11,",0,",,7,30,+",0,",,7,30,+",1.66,",,7,15,",86,",7,26,",6278,7,475,",7",4.67,",,,7",0,",,,7",49.2,",7",62.1,",,,7",36.2,",,,7"
USC00217602,2012-05,73,7,65,",7",10,",7",8,",7",0,",7",0,",7",0,",7",0,",7",0,",7",21,",7",1,",7",40,",7,03,",0,",,7,31,+",0,",,7,31,+",2.33,",,7,05,",92,",7,19,",6408,7,130,",7",8.78,",,,7",0,",,,7",62.9,",7",74.9,",,,7",50.9,",,,7"
USC00217602,2012-06,267,7,194,",7",5,",7",5,",7",0,",7",0,",7",0,",7",0,",7",0,",7",28,",7",4,",7",45,",7,02,+",0,",,7,30,+",0,",,7,30,+",0.38,",,7,10,",95,",7,27,",6437,7,29,",7",0.98,",,,7",0,",,,7",70.5,",7",81.4,",,,7",59.6,",,,7"
USC00217602,2012-07,634,7,367,",7",6,",7",5,",7",0,",7",0,",7",0,",7",0,",7",0,",7",31,",7",13,",7",59,",7,28,+",0,",,7,31,+",0,",,7,31,+",1.73,",,7,05,",98,",7,03,",0,7,0,",7",2.87,",,,7",0,",,,7",76.8,",7",88.1,",,,7",65.6,",,,7"
USC00217602,2012-08,795,7,161,",7",9,",7",4,",7",0,",7",0,",7",0,",7",0,",7",0,",7",30,",7",4,",7",45,",7,17,",0,",,7,31,+",0,",,7,31,+",1,",,7,26,",96,",7,31,",37,7,37,",7",2.37,",,,7",0,",,,7",69,",7",81.7,",,,7",56.3,",,,7"
USC00217602,2012-09,844,7,49,",7",3,",7",3,",7",0,",7",0,",7",0,",7",2,",7",0,",7",23,",7",2,",7",29,",7,23,",0,",,7,30,+",0,",,7,30,+",0.47,",,7,05,",93,",7,12,",204,7,167,",7",0.97,",,,7",0,",,,7",61.1,",7",76.5,",,,7",45.6,",,,7"
USC00217602,2012-10,846,7,1,",7",5,",7",2,",7",0,",7",0,",7",0,",7",16,",7",0,",7",7,",7",0,",7",19,",7,07,",0,",,7,31,+",0,",,7,31,+",0.75,",,7,25,",82,",7,01,",794,7,590,",7",1.24,",,,7",0,",,,7",46,",7",57.4,",,,7",34.6,",,,7"
USC00217602,2012-11,846,7,0,",7",3,",7",3,",7",0,",7",0,",7",0,",7",24,",7",5,",7",2,",7",0,",7",9,",7,24,",0,",,7,30,+",0,",,7,30,+",0.43,",,7,11,",70,",7,22,+",1668,7,873,",7",0.86,",,,7",0,",,,7",35.9,",7",47.2,",,,7",24.5,",,,7"
USC00217602,2012-12,846,7,0,",7",8,",7",4,",7",18,",7",5,"1,7",5,",7",31,",7",18,",7",0,",7",0,",7",-7,",7,25,",6,",,7,31,+",3,"1,,7,28,+",0.39,",,7,15,",58,",7,03,",3011,7,1343,",7",1,",,,7",9.4,"1,,,7",21.7,",7",31.2,",,,7",12.2,",,,7"
USC00217602,2013-01,0,7,0,",7",2,",7",2,",7",18,",7",0,",7",8,",7",31,",7",22,",7",0,",7",0,",7",-10,",7,21,",6,",,7,10,+",0,",,7,31,+",0.25,",,7,28,",42,",7,20,",4515,7,1504,",7",0.39,",,,7",0,",,,7",16.5,",7",26.6,",,,7",6.4,",,,7"
USC00217602,2013-02,0,7,0,",7",2,",7",2,",7",8,",7",2,",7",6,",7",28,",7",21,",7",0,",7",0,",7",-9,",7,01,",5,",,7,22,",5,",,7,22,",0.49,",,7,10,",41,",7,07,",5832,7,1317,",7",0.68,",,,7",6,",,,7",18,",7",26.9,",,,7",9,",,,7"
USC00217602,2013-03,0,7,0,",7",7,",7",3,",7",14,",7",2,"1,7",0,",7",31,",7",21,",7",0,",7",0,",7",5,",7,02,",3,",,7,06,+",2,"1,,7,04,",0.71,",,7,10,",57,",7,31,",7083,7,1250,",7",1.45,",,,7",3.5,"1,,,7",24.7,",7",32.4,",,,7",17,",,,7"
USC00217602,2013-04,0,7,0,",7",9,",7",8,",7",8,",7",3,",7",0,",7",24,",7",0,",7",4,",7",0,",7",17,",7,01,",4,",,7,19,+",4,",,7,19,+",1.4,",,7,10,",83,",7,29,",7888,7,805,",7",4.23,",,,7",10,",,,7",38.2,",7",48,",,,7",28.3,",,,7"
USC00217602,2013-05,35,7,35,",7",14,",7",12,",7",1,",7",1,",7",0,",7",4,",7",0,",7",14,",7",1,",7",28,",7,03,",1,",,7,02,",2,",,7,02,",1.51,",,7,17,",103,",7,15,",8208,7,320,",7",5.58,",,,7",2,",,,7",55.8,",7",65.3,",,,7",46.3,",,,7"
USC00217602,2013-06,173,7,139,",7",11,",7",6,",7",,,,,0,",7",0,",7",0,",7",23,",7",0,",7",46,",7,03,",,,,,2.12,",,7,22,",89,",7,21,",8268,7,60,",7",4.17,",,,7",,,67.6,",7",77,",,,7",58.2,",,,7"
USC00217602,2013-07,413,7,240,",7",3,",7",1,",7",,,,,0,",7",0,",7",0,",7",30,",7",4,",7",46,",7,29,+",,,,,0.25,",,7,19,",91,",7,18,",18,7,18,",7",0.4,",,,7",,,72.2,",7",83.5,",,,7",60.8,",,,7"
USC00217602,2013-08,582,7,169,",7",6,",7",5,",7",,,,,0,",7",0,",7",0,",7",31,",7",4,",7",49,",7,17,+",,,,,0.9,",,7,09,",93,",7,28,",37,7,19,",7",2.56,",,,7",,,69.8,",7",80.7,",,,7",59,",,,7"
USC00217602,2013-09,687,7,105,",7",5,",7",3,",7",,,,,0,",7",0,",7",0,",7",25,",7",3,",7",39,",7,17,+",,,,,0.36,",,7,19,",94,",7,10,",154,7,117,",7",0.79,",,,7",,,64.6,",7",77.7,",,,7",51.4,",,,7"
USC00217602,2013-10,689,7,2,",7",10,",7",8,",7",0,",7",0,",7",0,",7",11,",7",0,",7",8,",7",0,",7",20,",7,25,",0,",,7,31,+",0,",,7,31,+",1.11,",,7,05,",81,",7,01,",667,7,513,",7",3.1,",,,7",0,",,,7",48.5,",7",60.3,",,,7",36.7,",,,7"
USC00217602,2013-11,689,7,0,",7",2,",7",1,",7",3,",7",1,",7",0,",7",26,",7",7,",7",0,",7",0,",7",2,",7,24,+",2,",,7,06,",2,",,7,06,",0.4,",,7,06,",58,",7,17,",1712,7,1044,",7",0.43,",,,7",2,",,,7",30.2,",7",40.8,",,,7",19.6,",,,7"
USC00217602,2013-12,689,7,0,",7",7,",7",2,",7",27,",7",6,",7",13,",7",31,",7",23,",7",0,",7",0,",7",-14,",7,24,",3,",,7,31,",2.5,",,7,10,",0.22,",,7,04,",46,",7,29,+",3352,7,1640,",7",0.53,",,,7",7.4,",,,7",12.1,",7",21.5,",,,7",2.7,",,,7"
USC00217602,2014-01,0,7,0,",7",6,",7",2,",7",31,",7",4,",7",19,",7",31,",7",23,",7",0,",7",0,",7",-22,",7,07,+",5,",,7,03,+",4,",,7,01,",0.12,",,7,30,",42,",7,20,",5085,7,1734,",7",0.42,",,,7",10.6,",,,7",9.1,",7",20.6,",,,7",-2.5,",,,7"
USC00217602,2014-02,0,7,0,",7",4,",7",2,",7",28,",7",4,",7",18,",7",28,",7",23,",7",0,",7",0,",7",-18,",7,11,",5,",,7,13,+",3,",,7,21,",0.46,",,7,21,",42,",7,20,+",6663,7,1578,",7",0.71,",,,7",7,",,,7",8.6,",7",19.2,",,,7",-1.9,",,,7"
USC00217602,2014-03,0,7,0,",7",5,",7",3,",7",11,",7",4,",7",4,",7",29,",7",15,",7",0,",7",0,",7",-15,",7,03,+",7,",,7,05,",4,",,7,05,",0.28,",,7,27,",63,",7,31,",7899,7,1235,",7",0.79,",,,7",9,",,,7",25.2,",7",34.5,",,,7",15.8,",,,7"
USC00217602,2014-04,0,7,0,",7",9,",7",8,",7",2,",7",1,",7",0,",7",13,",7",0,",7",6,",7",0,",7",16,",7,15,",3,",,7,04,",3,",,7,04,",1.07,",,7,07,",77,",7,21,",8531,7,632,",7",4.39,",,,7",3,",,,7",43.9,",7",55.7,",,,7",32.1,",,,7"
USC00217602,2014-05,46,7,46,",7",9,",7",5,",7",0,",7",0,",7",0,",7",0,",7",0,",7",17,",7",0,",7",34,",7,15,+",0,",,7,31,+",0,",,7,31,+",0.49,",,7,12,",88,",7,31,",8798,7,267,",7",1.67,",,,7",0,",,,7",57.9,",7",69.2,",,,7",46.5,",,,7"
USC00217602,2014-06,166,7,120,",7",17,",7",12,",7",0,",7",0,",7",0,",7",0,",7",0,",7",26,",7",0,",7",48,",7,08,",0,",,7,30,+",0,",,7,30,+",2.4,",,7,15,",88,",7,01,",8827,7,28,",7",9.99,",,,7",0,",,,7",68.1,",7",77.4,",,,7",58.7,",,,7"
USC00217602,2014-07,288,7,122,",7",8,",7",4,",7",0,",7",0,",7",0,",7",0,",7",0,",7",30,",7",1,",7",49,",7,16,+",0,",,7,31,+",0,",T,7,08,",1.48,",,7,25,",90,",7,07,",22,7,22,",7",2.29,",,,7",0,",T,,7",68.3,",7",78.6,",,,7",57.9,",,,7"
USC00217602,2014-08,434,7,146,",7",6,",7",4,",7",0,",7",0,",7",0,",7",0,",7",0,",7",28,",7",0,",7",48,",7,27,",0,",,7,31,+",0,",,7,31,+",1.29,",,7,21,",87,",7,22,+",37,7,15,",7",2.72,",,,7",0,",,,7",69.2,",7",78.3,",,,7",60.2,",,,7"
USC00217602,2014-09,461,7,27,",7",8,",7",6,",7",0,",7",0,",7",0,",7",0,",7",0,",7",19,",7",0,",7",34,",7,13,",0,",,7,30,+",0,",,7,30,+",0.62,",,7,20,",85,",7,20,+",208,7,171,",7",1.98,",,,7",0,",,,7",60.2,",7",71.7,",,,7",48.7,",,,7"
USC00217602,2014-10,461,7,0,",7",5,",7",2,",7",0,",7",0,",7",0,",7",4,",7",0,",7",5,",7",0,",7",22,",7,31,",0,",,7,31,+",0,",,7,31,+",1.69,",,7,03,",81,",7,02,",667,7,459,",7",1.98,",,,7",0,",,,7",50.2,",7",62.5,",,,7",37.9,",,,7"
USC00217602,2014-11,461,7,0,",7",4,",7",1,",7",5,",7",2,",7",4,",7",26,",7",15,",7",0,",7",0,",7",-15,",7,27,",4,",,7,28,+",2,",,7,26,",0.17,",,7,26,",58,",7,03,",1885,7,1218,",7",0.35,",,,7",3.5,",,,7",24.4,",7",34.6,",,,7",14.2,",,,7"
USC00217602,2014-12,461,7,0,",7",5,",7",4,",7",13,",7",1,",7",4,",7",26,",7",17,",7",0,",7",0,",7",-10,",7,31,+",3,",,7,02,+",2,",,7,27,",0.25,",,7,16,",53,",7,15,+",3152,7,1267,",7",0.73,",,,7",2.5,",,,7",24.1,",7",30.3,",,,7",17.9,",,,7"
USC00217602,2015-01,0,7,0,",7",5,",7",1,",7",19,",7",3,"1,7",12,",7",31,",7",20,",7",0,",7",0,",7",-12,",7,13,+",6,",,7,09,+",4,"1,,7,06,",0.1,",,7,06,",46,",7,27,",4599,7,1446,",7",0.36,",,,7",6.5,"1,,,7",18.3,",7",26.6,",,,7",10.1,",,,7"
USC00217602,2015-02,0,7,0,",7",3,",7",3,",7",12,",7",3,",7",15,",7",28,",7",20,",7",0,",7",0,",7",-14,",7,28,+",4,",,7,28,+",3,",,7,01,",0.15,",,7,26,",44,",7,08,",6098,7,1500,",7",0.36,",,,7",7,",,,7",11.4,",7",21.5,",,,7",1.4,",,,7"
USC00217602,2015-03,0,7,0,",7",1,",7",1,",7",6,",7",0,",7",6,",7",25,",7",6,",7",1,",7",0,",7",-10,",7,05,",4,",,7,03,+",0,",T,7,23,",0.26,",,7,24,",74,",7,31,",7051,7,952,",7",0.26,",,,7",0,",T,,7",34.3,",7",46.5,",,,7",22.1,",,,7"
USC00217602,2015-04,0,7,0,",7",8,",7",6,",7",0,",7",0,",7",0,",7",8,",7",0,",7",8,",7",0,",7",21,",7,03,",0,",,7,30,+",0,",,7,30,+",0.61,",,7,09,",82,",7,02,",7552,7,501,",7",2.26,",,,7",0,",,,7",48.3,",7",61.3,",,,7",35.3,",,,7"
USC00217602,2015-05,21,7,21,",7",16,",7",11,",7",0,",7",0,",7",0,",7",1,",7",0,",7",17,",7",0,",7",31,",7,19,",0,",,7,31,+",0,",,7,31,+",1.31,",,7,17,",87,",7,04,",7800,7,247,",7",5.85,",,,7",0,",,,7",57.7,",7",68.1,",,,7",47.3,",,,7"
USC00217602,2015-06,137,7,117,",7",9,",7",8,",7",0,",7",0,",7",0,",7",0,",7",0,",7",28,",7",1,",7",49,",7,01,",0,",,7,30,+",0,",,7,30,+",0.61,",,7,22,",96,",7,10,",7818,7,18,",7",2.49,",,,7",0,",,,7",68.3,",7",78.6,",,,7",57.9,",,,7"
USC00217602,2015-07,326,7,188,",7",6,",7",4,",7",0,",7",0,",7",0,",7",0,",7",0,",7",30,",7",1,",7",48,",7,07,",0,",,7,31,+",0,",,7,31,+",1.16,",,7,06,",90,",7,18,",22,7,22,",7",2.76,",,,7",0,",,,7",70.4,",7",80.9,",,,7",59.8,",,,7"
USC00217602,2015-08,447,7,122,",7",7,",7",7,",7",0,",7",0,",7",0,",7",0,",7",0,",7",24,",7",0,",7",46,",7,27,+",0,",,7,31,+",0,",,7,31,+",1.26,",,7,17,",87,",7,15,+",74,7,52,",7",5.53,",,,7",0,",,,7",67.2,",7",77.6,",,,7",56.9,",,,7"
USC00217602,2015-09,551,7,103,",7",9,",7",5,",7",0,",7",0,",7",0,",7",0,",7",0,",7",23,",7",0,",7",38,",7,30,",0,",,7,30,+",0,",,7,30,+",0.6,",,7,08,",89,",7,05,",154,7,79,",7",1.83,",,,7",0,",,,7",65.8,",7",77.3,",,,7",54.3,",,,7"
USC00217602,2015-10,555,7,4,",7",4,",7",3,",7",0,",7",0,",7",0,",7",5,",7",0,",7",7,",7",0,",7",29,",7,17,",0,",,7,31,+",0,",,7,31,+",1.12,",,7,24,",87,",7,12,",598,7,444,",7",2.4,",,,7",0,",,,7",50.8,",7",63.3,",,,7",38.3,",,,7"
USC00217602,2015-11,555,7,0,",7",6,",7",5,",7",2,"2,7",2,",7",0,",7",17,",7",7,",7",0,",7",0,",7",8,",7,22,+",5,"2,,7,30,",5,",,7,30,",1.69,",,7,12,",69,",7,03,",1411,7,813,",7",3.99,",,,7",9,",,,7",37.9,",7",47.6,",,,7",28.2,",,,7"
USC00217602,2015-12,555,7,0,",7",8,",7",6,",7",8,",7",4,",7",2,",7",29,",7",11,",7",0,",7",0,",7",-1,",7,31,",10,",,7,31,+",7,",,7,29,",0.53,",,7,29,",48,",7,11,",2594,7,1183,",7",2.07,",,,7",13,",,,7",26.8,",7",33,",,,7",20.6,",,,7"
USC00217602,2016-01,0,7,0,",7",2,",7",1,",7",31,",7",2,",7",10,",7",31,",7",22,",7",0,",7",0,",7",-17,",7,17,",10,",,7,04,+",1,",,7,22,+",0.11,",,7,08,",38,",7,31,",4151,7,1556,",7",0.17,",,,7",2,",,,7",14.8,",7",23.1,",,,7",6.5,",,,7"
USC00217602,2016-02,0,7,0,",7",3,",7",2,",7",29,",7",3,",7",5,",7",28,",7",15,",7",0,",7",0,",7",-8,",7,12,+",10,",,7,15,+",7,",,7,03,",0.36,",,7,14,",54,",7,28,",5383,7,1232,",7",0.64,",,,7",12,",,,7",22.5,",7",29.7,",,,7",15.3,",,,7"
USC00217602,2016-03,0,7,0,",7",7,",7",5,",7",8,",7",1,",7",2,",7",19,",7",4,",7",0,",7",0,",7",-1,",7,03,+",4,",,7,04,+",3,",,7,24,",0.53,",,7,30,",68,",7,12,",6236,7,853,",7",1.65,",,,7",3.5,",,,7",37.5,",7",47.3,",,,7",27.6,",,,7"
USC00217602,2016-04,2,7,2,",7",9,",7",7,",7",0,",7",0,",7",0,",7",12,",7",0,",7",9,",7",0,",7",17,",7,09,",0,",,7,30,+",0,",,7,30,+",1.56,",,7,25,",79,",7,18,",6763,7,526,",7",4.12,",,,7",0,",,,7",47.5,",7",58.5,",,,7",36.5,",,,7"
USC00217602,2016-05,52,7,49,",7",13,",7",10,",7",0,",7",0,",7",0,",7",0,",7",0,",7",16,",7",0,",7",33,",7,14,",0,",,7,31,+",0,",,7,31,+",1.84,",,7,10,",89,",7,07,",6988,7,226,",7",6.35,",,,7",0,",,,7",59.3,",7",69.8,",,,7",48.8,",,,7"
USC00217602,2016-06,241,7,189,",7",7,",7",5,",7",0,",7",0,",7",0,",7",0,",7",0,",7",29,",7",5,",7",48,",7,02,",0,",,7,30,+",0,",,7,30,+",1.93,",,7,15,",97,",7,11,",7004,7,16,",7",4.64,",,,7",0,",,,7",70.8,",7",82.4,",,,7",59.1,",,,7"
USC00217602,2016-07,429,7,188,",7",10,",7",7,",7",0,",7",0,",7",0,",7",0,",7",0,",7",31,",7",1,",7",41,",7,02,",0,",,7,31,+",0,",,7,31,+",4.18,",,7,17,",91,",7,22,",17,7,17,",7",7.86,",,,7",0,",,,7",70.5,",7",81.4,",,,7",59.6,",,,7"
USC00217602,2016-08,601,7,173,",7",8,",7",7,",7",0,",7",0,",7",0,",7",0,",7",0,",7",30,",7",0,",7",51,",7,26,",0,",,7,31,+",0,",,7,31,+",0.5,",,7,11,",89,",7,11,",22,7,4,",7",2.84,",,,7",0,",,,7",70.4,",7",80.7,",,,7",60.2,",,,7"
USC00217602,2016-09,670,7,68,",7",12,",7",9,",7",0,",7",0,",7",0,",7",0,",7",0,",7",24,",7",1,",7",41,",7,27,",0,",,7,30,+",0,",,7,30,+",1.42,",,7,16,",90,",7,22,",103,7,81,",7",4.77,",,,7",0,",,,7",64.6,",7",75.1,",,,7",54,",,,7"
USC00217602,2016-10,670,7,0,",7",3,",7",3,",7",0,",7",0,",7",0,",7",7,",7",0,",7",10,",7",0,",7",28,",7,22,+",0,",,7,31,+",0,",,7,31,+",2.28,",,7,26,",77,",7,03,",537,7,434,",7",5.04,",,,7",0,",,,7",51,",7",62.7,",,,7",39.4,",,,7"
USC00217602,2016-11,670,7,0,",7",7,",7",4,",7",0,",7",1,",7",0,",7",18,",7",1,",7",2,",7",0,",7",15,",7,21,+",0,",,7,30,+",2,",,7,30,",0.41,",,7,23,",74,",7,06,+",1217,7,680,",7",1.26,",,,7",2,",,,7",42.3,",7",52.6,",,,7",32.1,",,,7"
USC00217602,2016-12,670,7,0,",7",5,",7",4,",7",22,",7",4,",7",8,",7",31,",7",16,",7",0,",7",0,",7",-29,",7,18,",11,",,7,19,+",7,",,7,17,",0.75,",,7,26,",44,",7,06,+",2677,7,1460,",7",1.48,",,,7",14,",,,7",17.9,",7",27,",,,7",8.8,",,,7"
US1MNMT0006,2016-08,,,,,12,",N",6,",N",,,,,,,,,,,,,,,,,,,,,1.23,",,N,11,",,,,,,,3.31,",,,N",,,,,,,,
US1MNMT0006,2016-09,,,,,12,",N",7,",N",,,,,,,,,,,,,,,,,,,,,2.26,",,N,16,",,,,,,,5.61,",,,N",,,,,,,,
US1MNMT0006,2016-10,,,,,7,",N",4,",N",0,",N",0,",N",,,,,,,,,,,,,0,",,N,31,+",0,",,N,31,+",2.48,",,N,26,",,,,,,,4.85,",,,N",0,",,,N",,,,,,
US1MNMT0006,2016-11,,,,,6,",N",3,",N",0,",N",0,",N",,,,,,,,,,,,,0,",T,N,30,+",0.5,",,N,30,",0.29,",,N,23,",,,,,,,0.81,",,,N",0.7,",,,N",,,,,,
US1MNMT0006,2016-12,,,,,8,",N",4,",N",21,",N",4,",N",,,,,,,,,,,,,11,",,N,18,+",6.8,",,N,17,",0.5,",,N,26,",,,,,,,1.43,",,,N",12.7,",,,N",,,,,,
USC00212698,1990-01,0,0,0,",0",2,",0",0,",0",0,",0",0,",0",0,",0",30,",0",5,",0",0,",0",0,",0",5,",0,30,",0,",T,0,22,+",0.3,",,0,21,",0.03,",,0,21,+",50,",0,07,",4489,0,1146,",0",0.06,",,,0",0.3,",,,0",28,",0",37.8,",,,0",18.3,",,,0"
USC00212698,1990-02,0,0,0,",0",3,",0",1,",0",4,",0",1,"1,0",4,",0",28,",0",12,",0",0,",0",0,",0",-10,",0,17,",3,",,0,18,+",2.5,"1,,0,16,",0.25,",,0,16,",57,",0,12,",5622,0,1132,",0",0.32,",,,0",3,"1,,,0",24.5,",0",34.8,",,,0",14.3,",,,0"
USC00212698,1990-03,0,0,0,",0",9,",0",7,",0",0,",0",0,"1,0",0,",0",23,",0",3,",0",0,",0",0,",0",12,",0,23,+",0,",T,0,18,+",0,"1,T,0,18,",0.87,",,0,14,",66,",0,12,",6516,0,894,",0",2.86,",,,0",0,"1,T,,0",36.2,",0",45.1,",,,0",27.2,",,,0"
USC00212698,1990-04,22,0,22,",0",12,",0",5,",0",0,",0",0,"1,0",0,",0",15,",0",0,",0",7,",0",0,",0",15,",0,06,",0,",T,0,05,",0,"1,,0,30,+",0.66,",,0,24,",83,",0,22,",7093,0,577,",0",1.95,",,,0",0,"1,,,0",46.5,",0",57.7,",,,0",35.3,",,,0"
USC00212698,1990-05,30,0,9,",0",11,",0",8,",0",0,",0",0,",0",0,",0",2,",0",0,",0",12,",0",0,",0",32,",0,02,+",0,",,0,31,+",0,",,0,31,+",1.24,",,0,20,",87,",0,07,",7363,0,270,",0",5.83,",,,0",0,",,,0",56.6,",0",66.7,",,,0",46.5,",,,0"
USC00212698,1990-06,242,0,212,",0",14,",0",12,",0",0,",0",0,",0",0,",0",0,",0",0,",0",28,",0",3,",0",41,",0,03,",0,",,0,30,+",0,",,0,30,+",1.39,",,0,17,",94,",0,27,",7396,0,33,",0",5.28,",,,0",0,",,,0",70.9,",0",80.8,",,,0",61.1,",,,0"
USC00212698,1990-07,436,0,194,"1,0",11,",0",7,",0",0,",0",0,",0",0,",0",0,",0",0,"1,0",30,"1,0",1,"1,0",53,",0,13,",0,",,0,31,+",0,",,0,31,+",3.13,",,0,19,",99,"1,0,03,",6,0,6,"1,0",8.22,",,,0",0,",,,0",71.3,"1,0",80,"1,,,0",62.6,",,,0"
USC00212698,1990-08,640,0,203,",0",9,",0",6,",0",0,",0",0,",0",0,",0",0,",0",0,",0",29,",0",2,",0",54,",0,05,",0,",,0,31,+",0,",,0,31,+",1.71,",,0,20,",92,",0,27,",10,0,4,",0",3.74,",,,0",0,",,,0",71.4,",0",80,",,,0",62.8,",,,0"
USC00212698,1990-09,771,0,131,",0",6,",0",3,",0",0,",0",0,",0",0,",0",0,",0",0,",0",19,",0",1,",0",35,",0,23,",0,",,0,30,+",0,",,0,30,+",0.47,",,0,19,",92,",0,05,",127,0,117,",0",0.86,",,,0",0,",,,0",65.5,",0",75.1,",,,0",55.8,",,,0"
USC00212698,1990-10,774,0,4,",0",7,",0",5,",0",0,",0",0,",0",0,",0",5,",0",0,",0",5,",0",0,",0",27,",0,25,",0,",,0,31,+",0,",T,0,17,",0.4,",,0,21,",81,",0,05,",616,0,488,",0",1.38,",,,0",0,",T,,0",49.4,",0",60.6,",,,0",38.1,",,,0"
USC00212698,1990-11,774,0,0,",0",4,",0",1,",0",4,",0",2,"2,0",0,",0",21,",0",6,",0",1,",0",0,",0",13,",0,28,",1,",,0,28,+",2,"2,,0,04,",0.18,",,0,04,",70,",0,01,",1445,0,829,",0",0.3,",,,0",3,"2,,,0",37.4,",0",46.6,",,,0",28.1,",,,0"
USC00212698,1990-12,774,0,0,",0",9,",0",4,",0",23,",0",6,",0",12,",0",31,",0",21,",0",0,",0",0,",0",-20,",0,23,+",8,",,0,30,+",7,",,0,15,",0.45,",,0,15,",52,",0,09,",2977,0,1532,",0",1.39,",,,0",17,",,,0",15.6,",0",24.6,",,,0",6.5,",,,0"
USC00212698,1991-01,0,0,0,"1,0",6,",0",2,",0",31,",0",4,",0",15,"1,0",30,"1,0",28,",0",0,",0",0,",0",-15,"1,0,24,",11,",,0,11,",2,",,0,11,+",0.14,",,0,11,",36,",0,19,",4607,0,1630,",0",0.43,",,,0",6.6,",,,0",10.8,"1,0",19.8,",,,0",1.8,"1,,,0"
USC00212698,1991-02,0,0,0,",0",1,",0",1,",0",10,",0",1,",0",2,",0",27,",0",13,",0",0,",0",0,",0",-8,",0,15,",8,",,0,20,+",8,",,0,19,",0.75,",,0,19,",49,",0,08,",5696,0,1089,",0",0.75,",,,0",8,",,,0",26.1,",0",34.6,",,,0",17.6,",,,0"
USC00212698,1991-03,0,0,0,",0",9,",0",4,",0",12,",0",3,"1,0",0,",0",26,",0",6,",0",1,",0",0,",0",6,",0,03,",7,",,0,14,+",10,"1,,0,13,",1.44,",,0,13,",73,",0,26,",6671,0,976,",0",3.69,",,,0",13.8,"1,,,0",33.5,",0",42.3,",,,0",24.8,",,,0"
USC00212698,1991-04,12,0,12,",0",11,",0",10,",0",0,",0",0,",0",0,",0",3,",0",0,",0",6,",0",0,",0",29,",0,01,",0,",,0,30,+",0,",,0,30,+",1.11,",,0,13,",84,",0,06,",7139,0,468,",0",5.42,",,,0",0,",,,0",49.8,",0",59.3,",,,0",40.3,",,,0"
USC00212698,1991-05,130,0,117,",0",14,",0",10,",0",0,",0",0,"1,0",0,",0",0,",0",0,",0",20,",0",0,",0",33,",0,05,",0,",,0,31,+",0,"1,,0,31,+",1.13,",,0,04,",89,",0,28,",7343,0,204,",0",4.99,",,,0",0,"1,,,0",62.2,",0",70,",,,0",54.4,",,,0"
USC00212698,1991-06,375,0,245,",0",13,",0",10,",0",0,",0",0,",0",0,",0",0,",0",0,",0",28,",0",6,",0",55,",0,04,",0,",,0,30,+",0,",,0,30,+",1.82,",,0,01,",94,",0,30,",7352,0,8,",0",7.05,",,,0",0,",,,0",72.9,",0",81.8,",,,0",64,",,,0"
USC00212698,1991-07,621,0,247,",0",11,",0",7,",0",0,",0",0,",0",0,",0",0,",0",0,",0",30,",0",6,",0",55,",0,25,",0,",,0,31,+",0,",,0,31,+",2.11,",,0,20,",95,",0,17,",4,0,4,",0",7.76,",,,0",0,",,,0",72.8,",0",81.3,",,,0",64.3,",,,0"
USC00212698,1991-08,825,0,203,",0",10,",0",9,",0",0,",0",0,",0",0,",0",0,",0",0,",0",28,",0",0,",0",53,",0,20,+",0,",,0,31,+",0,",,0,31,+",0.93,",,0,08,",89,",0,27,+",14,0,9,",0",2.99,",,,0",0,",,,0",71.2,",0",79.6,",,,0",62.9,",,,0"
USC00212698,1991-09,891,0,66,",0",13,",0",8,",0",0,",0",0,",0",0,",0",1,",0",0,",0",16,",0",0,",0",32,",0,20,",0,",,0,30,+",0,",,0,30,+",1.38,",,0,14,",84,",0,06,",207,0,193,",0",3.49,",,,0",0,",,,0",60.8,",0",70.1,",,,0",51.4,",,,0"
USC00212698,1991-10,891,0,0,",0",5,",0",3,",0",0,",0",1,",0",0,",0",10,",0",2,",0",7,",0",0,",0",18,",0,30,",0,",T,0,31,+",2,",,0,19,",0.94,",,0,29,",80,",0,16,",751,0,544,",0",1.22,",,,0",2,",,,0",47.4,",0",57.3,",,,0",37.5,",,,0"
USC00212698,1991-11,891,0,0,"1,0",14,",0",7,",0",23,",0",6,",0",2,"1,0",25,"1,0",15,",0",0,",0",0,",0",-1,"1,0,07,",14,",,0,01,",14,",,0,01,",1.87,",,0,30,",51,",0,13,",1934,0,1183,",0",5.26,",,,0",27.6,",,,0",24.2,"1,0",30.7,",,,0",17.8,"1,,,0"
USC00212698,1991-12,891,0,0,",0",5,"1,0",2,"1,0",31,",0",0,"1,0",3,",0",31,",0",15,",0",0,",0",0,",0",-9,",0,04,",7,",,0,05,+",0.5,"1,,0,04,+",0.33,"1,,0,12,",43,",0,07,",3214,0,1280,",0",0.67,"1,,,0",1,"1,,,0",23.7,",0",30.5,",,,0",16.9,",,,0"
USC00212698,1992-01,0,0,0,",0",6,",0",4,",0",31,",0",2,",0",2,",0",31,",0",13,",0",0,",0",0,",0",-14,",0,15,",7,",,0,25,",6,",,0,25,",0.39,",,0,25,",42,",0,30,+",4505,0,1291,",0",1.04,",,,0",8.5,",,,0",23.3,",0",30.6,",,,0",16.1,",,,0"
USC00212698,1992-02,0,0,0,",0",7,",0",5,",0",14,",0",4,",0",0,",0",28,",0",14,",0",0,",0",0,",0",7,",0,08,",5,",,0,25,+",4,",,0,18,",0.43,",,0,18,",49,",0,29,",5594,0,1088,",0",1.25,",,,0",7,",,,0",27.5,",0",32.9,",,,0",22,",,,0"
USC00212698,1992-03,0,0,0,",0",10,",0",7,",0",11,",0",2,"3,0",0,",0",21,",0",4,",0",0,",0",0,",0",10,",0,10,",4,",,0,14,+",4,"3,,0,09,",1.25,",,0,09,",63,",0,24,",6550,0,956,",0",3.16,",,,0",5,"3,,,0",34.2,",0",41.4,",,,0",26.9,",,,0"
USC00212698,1992-04,4,0,4,",0",10,",0",5,",0",,,,,0,",0",8,",0",1,",0",2,",0",0,",0",21,",0,12,",,,,,0.73,",,0,21,",88,",0,30,",7200,0,650,",0",2.34,",,,0",,,43.5,",0",51.7,",,,0",35.2,",,,0"
USC00212698,1992-05,43,0,39,",0",8,",0",6,",0",0,",0",0,"1,0",0,",0",0,",0",0,",0",18,",0",0,",0",34,",0,25,",0,",,0,31,+",0,"1,,0,31,+",0.52,",,0,26,",88,",0,01,",7389,0,189,",0",1.69,",,,0",0,"1,,,0",60.1,",0",71.4,",,,0",48.9,",,,0"
USC00212698,1992-06,162,0,118,",0",9,",0",5,",0",0,",0",0,",0",0,",0",0,",0",0,",0",26,",0",2,",0",43,",0,21,",0,",,0,30,+",0,",,0,30,+",1.03,",,0,16,",90,",0,13,+",7431,0,42,",0",2.44,",,,0",0,",,,0",67.5,",0",78,",,,0",57.1,",,,0"
USC00212698,1992-07,233,0,71,",0",14,",0",9,",0",0,",0",0,",0",0,",0",0,",0",0,",0",23,",0",0,",0",51,",0,21,",0,",,0,31,+",0,",,0,31,+",2.4,",,0,02,",87,",0,01,",41,0,41,",0",7.18,",,,0",0,",,,0",66,",0",73.6,",,,0",58.4,",,,0"
USC00212698,1992-08,315,0,82,",0",8,",0",6,",0",0,",0",0,",0",0,",0",0,",0",0,",0",24,",0",0,",0",49,",0,14,",0,",,0,31,+",0,",,0,31,+",1.71,",,0,07,",89,",0,09,",94,0,53,",0",4.93,",,,0",0,",,,0",65.9,",0",74.9,",,,0",56.9,",,,0"
USC00212698,1992-09,340,0,26,",0",8,",0",4,",0",0,",0",0,",0",0,",0",0,",0",0,",0",19,",0",0,",0",33,",0,29,",0,",,0,30,+",0,",,0,30,+",0.82,",,0,14,",83,",0,16,",259,0,166,",0",1.96,",,,0",0,",,,0",60.3,",0",71.1,",,,0",49.6,",,,0"
USC00212698,1992-10,355,0,14,",0",6,",0",3,",0",0,",0",0,",0",0,",0",9,",0",0,",0",8,",0",0,",0",23,",0,18,",0,",,0,31,+",0,",,0,31,+",2.21,",,0,07,",88,",0,02,",787,0,528,",0",3.81,",,,0",0,",,,0",48.4,",0",58.1,",,,0",38.7,",,,0"
USC00212698,1992-11,355,0,0,"1,0",7,",0",4,",0",8,",0",2,",0",0,"1,0",26,"1,0",13,",0",0,",0",0,",0",17,"1,0,27,",3,",,0,07,+",2,",,0,03,+",1.24,",,0,02,",53,",0,09,",1785,0,997,",0",2.69,",,,0",4.5,",,,0",30.6,"1,0",35,",,,0",26.1,"1,,,0"
USC00212698,1992-12,355,0,0,",0",12,",0",4,",0",24,",0",6,",0",5,",0",31,",0",21,",0",0,",0",0,",0",-12,",0,31,",5,",,0,31,+",4,",,0,04,",0.87,",,0,29,",40,",0,01,",3207,0,1423,",0",2.05,",,,0",14,",,,0",19.1,",0",26.5,",,,0",11.7,",,,0"
USC00212698,1993-01,0,0,0,",0",5,",0",3,",0",31,",0",3,",0",11,",0",31,",0",27,",0",0,",0",0,",0",-13,",0,01,",12,",,0,24,+",5,",,0,12,",0.38,",,0,12,",41,",0,31,",4810,0,1603,",0",0.91,",,,0",9,",,,0",13.3,",0",21.8,",,,0",4.9,",,,0"
USC00212698,1993-02,0,0,0,"1,0",8,",0",3,",0",28,",0",5,"1,0",9,"1,0",27,"1,0",24,",0",0,",0",0,",0",-18,"1,0,17,",16,",,0,27,+",6,"1,,0,22,",0.36,",,0,11,",39,",0,01,",6161,0,1351,",0",1.09,",,,0",14,"1,,,0",15,"1,0",21.5,",,,0",8.4,"1,,,0"
USC00212698,1993-03,0,0,0,",0",5,",0",4,",0",27,",0",3,"1,0",4,",0",30,",0",8,",0",0,",0",0,",0",-9,",0,14,",15,",,0,03,+",6,"1,,0,22,",0.87,",,0,31,",53,",0,29,",7359,0,1198,",0",1.65,",,,0",9,"1,,,0",26.4,",0",34.3,",,,0",18.4,",,,0"
USC00212698,1993-04,0,0,0,",0",13,",0",10,",0",3,",0",3,",0",0,",0",10,",0",0,",0",1,",0",0,",0",11,",0,01,",2,",,0,20,",3,",,0,01,",2.12,",,0,20,",71,",0,28,",8029,0,670,",0",5.7,",,,0",6,",,,0",42.7,",0",51.7,",,,0",33.7,",,,0"
USC00212698,1993-05,7,0,7,",0",16,",0",12,",0",0,",0",0,",0",0,",0",0,",0",0,",0",11,",0",0,",0",39,",0,20,",0,",,0,31,+",0,",,0,31,+",1.94,",,0,30,",82,",0,27,",8281,0,252,",0",7,",,,0",0,",,,0",57.1,",0",65.2,",,,0",49,",,,0"
USC00212698,1993-06,90,0,83,",0",17,",0",13,",0",0,",0",0,",0",0,",0",0,",0",0,",0",23,",0",0,",0",43,",0,01,",0,",,0,30,+",0,",,0,30,+",4.68,",,0,24,",87,",0,22,",8344,0,63,",0",14.52,",,,0",0,",,,0",65.7,",0",74.4,",,,0",57,",,,0"
USC00212698,1993-07,286,0,196,",0",18,",0",13,",0",0,",0",0,",0",0,",0",0,",0",0,",0",30,",0",0,",0",56,",0,12,",0,",,0,31,+",0,",,0,31,+",1.51,",,0,27,",88,",0,03,",3,0,3,",0",7.38,",,,0",0,",,,0",71.2,",0",79,",,,0",63.4,",,,0"
USC00212698,1993-08,476,0,190,",0",13,",0",9,",0",0,",0",0,",0",0,",0",0,",0",0,",0",29,",0",2,",0",52,",0,31,",0,",,0,31,+",0,",,0,31,+",2.38,",,0,15,",90,",0,26,+",17,0,14,",0",6.74,",,,0",0,",,,0",70.7,",0",79,",,,0",62.3,",,,0"
USC00212698,1993-09,487,0,10,"1,0",10,",0",4,",0",0,",0",0,",0",0,",0",0,",0",0,"1,0",10,"1,0",0,"1,0",36,",0,27,",0,",,0,30,+",0,",,0,30,+",1.48,",,0,13,",86,"1,0,12,",269,0,252,"1,0",3.82,",,,0",0,",,,0",56.6,"1,0",65.9,"1,,,0",47.4,",,,0"
USC00212698,1993-10,496,0,9,",0",4,",0",2,",0",0,",0",0,",0",0,",0",9,",0",2,",0",6,",0",0,",0",17,",0,31,",0,",,0,31,+",0,",T,0,30,+",0.25,",,0,09,",84,",0,07,",823,0,553,",0",0.52,",,,0",0,",T,,0",47.4,",0",57,",,,0",37.9,",,,0"
USC00212698,1993-11,496,0,0,",0",6,",0",3,",0",7,",0",3,"1,0",2,",0",27,",0",10,",0",0,",0",0,",0",-2,",0,26,",6,",,0,27,",5,"1,,0,25,",0.74,",,0,13,",57,",0,03,",1849,0,1026,",0",1.55,",,,0",9,"1,,,0",30.8,",0",39.1,",,,0",22.5,",,,0"
USC00212698,1993-12,496,0,0,",0",10,",0",2,",0",29,",0",8,"1,0",7,",0",31,",0",17,",0",0,",0",0,",0",-21,",0,28,",5,",,0,31,+",5,"1,,0,14,",0.92,",,0,14,",42,",0,12,",3214,0,1365,",0",1.51,",,,0",12.9,"1,,,0",21,",0",28.1,",,,0",13.9,",,,0"
USC00212698,1994-01,0,0,0,",0",11,",0",5,",0",31,",0",10,"2,0",19,",0",31,",0",29,",0",0,",0",0,",0",-25,",0,18,+",8,",,0,31,+",4,"2,,0,27,",0.3,",,0,27,",39,",0,23,",5122,0,1908,",0",1.37,",,,0",18.9,"2,,,0",3.4,",0",11.6,",,,0",-4.7,",,,0"
USC00212698,1994-02,0,0,0,",0",6,"1,0",3,"1,0",27,",0",6,"1,0",12,",0",28,",0",23,",0",0,",0",0,",0",-22,",0,09,",11,",,0,12,+",5,"1,,0,23,",0.61,"1,,0,23,",45,",0,19,",6628,0,1506,",0",1.11,"1,,,0",16,"1,,,0",11.2,",0",20.5,",,,0",2,",,,0"
USC00212698,1994-03,0,0,0,",0",4,",0",1,",0",6,",0",1,"2,0",0,",0",27,",0",4,",0",0,",0",0,",0",6,",0,01,",8,",,0,02,+",1,"2,,0,30,",0.1,",,0,21,",64,",0,22,",7564,0,936,",0",0.23,",,,0",1.1,"2,,,0",34.8,",0",43.1,",,,0",26.6,",,,0"
USC00212698,1994-04,10,0,10,",0",10,",0",6,",0",2,",0",2,",0",0,",0",11,",0",1,",0",5,",0",0,",0",17,",0,05,",3,",,0,05,",3,",,0,05,",1.53,",,0,25,",85,",0,18,",8136,0,572,",0",5.06,",,,0",4,",,,0",46.3,",0",57.2,",,,0",35.3,",,,0"
USC00212698,1994-05,88,0,78,",0",6,",0",4,",0",0,",0",0,",0",0,",0",0,",0",0,",0",20,",0",1,",0",35,",0,06,+",0,",,0,31,+",0,",,0,31,+",0.36,",,0,24,",92,",0,30,",8296,0,160,",0",1.26,",,,0",0,",,,0",62.3,",0",73.6,",,,0",51.1,",,,0"
USC00212698,1994-06,270,0,182,",0",12,",0",9,",0",0,",0",0,",0",0,",0",0,",0",0,",0",30,",0",2,",0",50,",0,03,",0,",,0,30,+",0,",,0,30,+",1.59,",,0,18,",91,",0,14,",8303,0,6,",0",7.62,",,,0",0,",,,0",70.8,",0",80,",,,0",61.7,",,,0"
USC00212698,1994-07,412,0,142,",0",17,",0",7,",0",0,",0",0,",0",0,",0",0,",0",0,",0",29,",0",0,",0",53,",0,02,",0,",,0,31,+",0,",,0,31,+",1.48,",,0,14,",86,",0,31,",9,0,9,",0",5.81,",,,0",0,",,,0",69.3,",0",77.9,",,,0",60.7,",,,0"
USC00212698,1994-08,514,0,101,",0",9,",0",3,",0",0,",0",0,",0",0,",0",0,",0",0,",0",25,",0",1,",0",44,",0,20,",0,",,0,31,+",0,",,0,31,+",2.27,",,0,10,",90,",0,24,",61,0,52,",0",2.92,",,,0",0,",,,0",66.6,",0",76.1,",,,0",57,",,,0"
USC00212698,1994-09,606,0,92,"2,0",9,",0",8,",0",0,",0",0,",0",0,"2,0",0,"2,0",0,",0",21,",0",1,",0",42,"2,0,26,",0,",,0,30,+",0,",,0,30,+",0.86,",,0,22,",90,",0,14,",155,0,94,",0",3.41,",,,0",0,",,,0",64.6,"2,0",74.2,",,,0",55.1,"2,,,0"
USC00212698,1994-10,606,0,0,",0",7,",0",5,",0",0,",0",0,",0",0,",0",2,",0",0,",0",2,",0",0,",0",28,",0,26,",0,",,0,31,+",0,",,0,31,+",0.97,",,0,07,",73,",0,06,",538,0,383,",0",2.86,",,,0",0,",,,0",52.6,",0",61,",,,0",44.3,",,,0"
USC00212698,1994-11,606,0,0,"2,0",6,",0",3,",0",3,",0",1,"1,0",0,"1,0",20,"1,0",4,"1,0",0,"1,0",0,"1,0",9,"1,0,30,",9,",,0,28,",9,"1,,0,28,",0.89,",,0,28,",63,"1,0,07,",1322,0,783,"1,0",1.87,",,,0",9,"1,,,0",37.1,"2,0",44.6,"1,,,0",29.5,"1,,,0"
USC00212698,1994-12,606,0,0,",0",6,",0",2,",0",31,",0",4,"2,0",1,",0",31,",0",16,",0",0,",0",0,",0",-4,",0,11,",7,",,0,20,+",2.5,"2,,0,15,",0.25,",,0,15,",41,",0,01,",2638,0,1316,",0",0.59,",,,0",5.5,"2,,,0",22.5,",0",28.8,",,,0",16.2,",,,0"
USC00212698,1995-01,0,0,0,"2,0",2,",0",0,",0",30,",0",1,"1,0",4,"2,0",29,"2,0",27,",0",0,",0",0,",0",-9,"2,0,04,",2,",,0,12,+",1,"1,,0,28,",0.04,",,0,28,",34,",0,17,+",4062,0,1424,",0",0.05,",,,0",1,"1,,,0",16.2,"2,0",23.6,",,,0",8.7,"2,,,0"
USC00212698,1995-02,0,0,0,",0",4,",0",0,",0",18,",0",1,"3,0",4,",0",28,",0",16,",0",0,",0",0,",0",-10,",0,11,",1,",,0,28,+",1,"3,,0,28,",0.06,",,0,15,",48,",0,22,",5283,0,1221,",0",0.13,",,,0",1,"3,,,0",21.4,",0",30,",,,0",12.7,",,,0"
USC00212698,1995-03,0,0,0,",0",13,",0",8,",0",7,",0",2,",0",5,",0",22,",0",8,",0",0,",0",0,",0",-8,",0,08,",9,",,0,10,+",5.5,",,0,07,",1.06,",,0,26,",68,",0,16,",6278,0,995,",0",3.24,",,,0",9.5,",,,0",32.9,",0",41.1,",,,0",24.7,",,,0"
USC00212698,1995-04,0,0,0,",0",14,",0",11,",0",,,1,"5,0",0,",0",12,",0",2,",0",1,",0",0,",0",10,",0,04,",,,3.5,"5,,0,10,",1.13,",,0,12,",71,",0,02,",6989,0,711,",0",4.13,",,,0",3.5,"5,,,0",41.3,",0",49.7,",,,0",32.9,",,,0"
USC00212698,1995-05,0,0,0,",0",12,",0",8,",0",0,",0",0,",0",0,",0",0,",0",0,",0",7,",0",0,",0",37,",0,02,",0,",,0,31,+",0,",,0,31,+",1.52,",,0,28,",78,",0,16,",7278,0,289,",0",5.13,",,,0",0,",,,0",55.7,",0",65.2,",,,0",46.1,",,,0"
USC00212698,1995-06,181,0,181,"2,0",10,",0",9,",0",0,",0",0,",0",0,"2,0",0,"2,0",0,",0",25,",0",5,",0",42,"2,0,08,",0,",,0,30,+",0,",,0,30,+",1.25,",,0,06,",94,",0,17,",7328,0,49,",0",4.02,",,,0",0,",,,0",69.6,"2,0",78.8,",,,0",60.5,"2,,,0"
USC00212698,1995-07,443,0,261,",0",14,",0",7,",0",0,",0",0,",0",0,",0",0,",0",0,",0",31,",0",7,",0",51,",0,01,",0,",,0,31,+",0,",,0,31,+",1.32,",,0,15,",100,",0,13,+",3,0,3,",0",4.34,",,,0",0,",,,0",73.3,",0",82.9,",,,0",63.7,",,,0"
USC00212698,1995-08,761,0,318,",0",7,",0",5,",0",0,",0",0,",0",0,",0",0,",0",0,",0",31,",0",4,",0",55,",0,01,",0,",,0,31,+",0,",,0,31,+",2.4,",,0,06,",92,",0,18,",4,0,0,",0",3.41,",,,0",0,",,,0",75.3,",0",83.9,",,,0",66.6,",,,0"
USC00212698,1995-09,809,0,48,",0",8,",0",8,",0",0,",0",0,",0",0,",0",1,",0",0,",0",17,",0",0,",0",30,",0,22,",0,",,0,30,+",0,",,0,30,+",1.36,",,0,19,",85,",0,04,",202,0,198,",0",2.7,",,,0",0,",,,0",60,",0",70.1,",,,0",49.9,",,,0"
USC00212698,1995-10,820,0,10,"4,0",12,",0",7,",0",0,",0",0,"1,0",0,"4,0",2,"4,0",0,"3,0",5,"3,0",0,"3,0",28,"4,0,30,+",0,",T,0,31,",0,"1,T,0,31,",0.8,",,0,24,",85,"3,0,12,",630,0,427,"3,0",2.89,",,,0",0,"1,T,,0",49.8,"4,0",59.1,"3,,,0",40.4,"4,,,0"
USC00212698,1995-11,820,0,0,"4,0",6,",0",4,",0",5,",0",4,"2,0",0,"4,0",26,"4,0",10,"4,0",0,"4,0",0,"4,0",5,"4,0,28,",3,",,0,29,+",2,"2,,0,27,+",0.49,",,0,01,",51,"4,0,30,",1614,0,985,"4,0",1.17,",,,0",6,"2,,,0",27.1,"4,0",35.2,"4,,,0",19,"4,,,0"
USC00212698,1995-12,820,0,0,"1,0",4,",0",3,",0",10,"2,0",3,"2,0",5,"1,0",30,"1,0",22,"1,0",0,"1,0",0,"1,0",-8,"1,0,10,+",5,"2,,0,12,+",2,"2,,0,31,+",0.18,",,0,31,",42,"1,0,02,+",2958,0,1344,"1,0",0.46,",,,0",6,"2,,,0",20.2,"1,0",27.4,"1,,,0",13,"1,,,0"
USC00212698,1996-01,0,0,0,"3,0",9,",0",4,",0",28,"1,0",7,"1,0",18,"2,0",29,"2,0",23,"2,0",0,"2,0",0,"2,0",-18,"2,0,07,+",11,"1,,0,30,+",5,"1,,0,26,",1.25,",,0,18,",47,"2,0,13,",4489,0,1530,"2,0",2.02,",,,0",17,"1,,,0",10.5,"3,0",19.2,"2,,,0",1.8,"2,,,0"
USC00212698,1996-02,0,0,0,",0",4,",0",0,",0",11,",0",2,"2,0",9,",0",26,",0",15,",0",0,",0",0,",0",-28,",0,02,",9,",,0,04,+",1,"2,,0,16,+",0.03,",,0,16,+",54,",0,24,",5794,0,1305,",0",0.09,",,,0",2,"2,,,0",20,",0",28.1,",,,0",11.9,",,,0"
USC00212698,1996-03,0,0,0,"3,0",5,",0",3,",0",8,",0",2,"2,0",4,"2,0",25,"2,0",10,"1,0",0,"1,0",0,"1,0",-8,"2,0,07,",4,",,0,26,+",4,"2,,0,25,",0.64,",,0,24,",65,"1,0,13,",6867,0,1073,"1,0",1.55,",,,0",6,"2,,,0",26.8,"3,0",36.2,"1,,,0",17.5,"2,,,0"
USC00212698,1996-04,0,0,0,"1,0",5,",0",2,",0",1,"3,0",1,",0",0,"1,0",14,"1,0",1,",0",3,",0",0,",0",23,"1,0,05,",3,"3,,0,15,",3,",,0,15,",0.11,",,0,20,+",78,",0,17,",7522,0,654,",0",0.32,",,,0",3,",,,0",42.2,"1,0",52.1,",,,0",32.4,"1,,,0"
USC00212698,1996-05,20,0,20,",0",17,",0",13,",0",0,",0",0,",0",0,",0",1,",0",0,",0",8,",0",1,",0",31,",0,03,",0,",,0,31,+",0,",,0,31,+",0.96,",,0,19,",90,",0,17,",7876,0,355,",0",4.49,",,,0",0,",,,0",54.2,",0",61.8,",,,0",46.7,",,,0"
USC00212698,1996-06,213,0,192,"1,0",13,",0",7,",0",0,",0",0,"2,0",0,"1,0",0,"1,0",0,",0",26,",0",7,",0",44,"1,0,04,",0,",,0,30,+",0,"2,,0,30,+",0.98,",,0,06,",93,",0,29,+",7913,0,36,",0",3.47,",,,0",0,"2,,,0",70.1,"1,0",80,",,,0",60.3,"1,,,0"
USC00212698,1996-07,362,0,149,",0",5,",0",3,",0",0,",0",0,",0",0,",0",0,",0",0,",0",30,",0",0,",0",54,",0,30,+",0,",,0,31,+",0,",,0,31,+",0.68,",,0,28,",89,",0,18,",4,0,4,",0",1.31,",,,0",0,",,,0",69.7,",0",78.5,",,,0",60.9,",,,0"
USC00212698,1996-08,496,0,134,",0",10,",0",6,",0",0,",0",0,",0",0,",0",0,",0",0,",0",31,",0",0,",0",41,",0,25,+",0,",,0,31,+",0,",,0,31,+",2.21,",,0,26,",89,",0,06,",12,0,8,",0",7.74,",,,0",0,",,,0",69,",0",79.2,",,,0",58.9,",,,0"
USC00212698,1996-09,549,0,52,",0",8,",0",3,",0",0,",0",0,",0",0,",0",0,",0",0,",0",15,",0",0,",0",40,",0,15,+",0,",,0,30,+",0,",,0,30,+",1.02,",,0,08,",84,",0,04,",187,0,175,",0",1.7,",,,0",0,",,,0",60.9,",0",70.5,",,,0",51.3,",,,0"
USC00212698,1996-10,558,0,9,",0",6,"1,0",2,"1,0",0,",0",0,",0",0,",0",5,",0",0,",0",9,",0",1,",0",18,",0,31,",0,",,0,31,+",0,",,0,31,+",0.89,"1,,0,23,",93,",0,15,",633,0,446,",0",1.45,"1,,,0",0,",,,0",50.9,",0",62.3,",,,0",39.5,",,,0"
USC00212698,1996-11,558,0,0,"3,0",12,",0",5,",0",12,",0",7,"5,0",3,"2,0",25,"2,0",16,"1,0",0,"1,0",0,"1,0",-9,"2,0,26,",9,",,0,28,+",3,"5,,0,24,",1.14,",,0,17,",60,"1,0,03,",1740,0,1107,"1,0",3.94,",,,0",10.9,"5,,,0",24.8,"3,0",32.5,"1,,,0",17.1,"2,,,0"
USC00212698,1996-12,558,0,0,"1,0",8,",0",2,",0",31,",0",7,",0",11,",0",31,",0",27,"1,0",0,"1,0",0,"1,0",-13,",0,25,+",14,",,0,31,+",6,",,0,15,",0.61,",,0,15,",37,"1,0,12,",3287,0,1547,"1,0",1.02,",,,0",15.9,",,,0",13.3,"1,0",19.8,"1,,,0",6.8,",,,0"
USC00212698,1997-01,0,0,0,",0",7,",0",4,",0",31,",0",6,",0",19,",0",30,",0",21,",0",0,",0",0,",0",-15,",0,11,",13,",,0,30,+",4,",,0,24,+",0.34,",,0,05,",43,",0,02,",4979,0,1692,",0",1.37,",,,0",17,",,,0",10.4,",0",18.3,",,,0",2.5,",,,0"
USC00212698,1997-02,0,0,0,"2,0",4,",0",4,",0",26,",0",5,"1,0",4,"2,0",26,"2,0",20,"1,0",0,"1,0",0,"1,0",-7,"2,0,12,",10,",,0,17,+",3,"1,,0,16,+",0.24,",,0,05,",43,"1,0,18,",6163,0,1184,"1,0",0.74,",,,0",13,"1,,,0",19.7,"2,0",27.5,"1,,,0",11.9,"2,,,0"
USC00212698,1997-03,0,0,0,"2,0",6,",0",3,",0",2,",0",3,"1,0",0,"1,0",25,"1,0",6,"1,0",1,"1,0",0,"1,0",1,"1,0,16,+",1,",,0,18,+",1,"1,,0,19,+",0.36,",,0,25,",70,"1,0,27,",7133,0,969,"1,0",0.65,",,,0",3,"1,,,0",31.7,"2,0",40.9,"1,,,0",22.4,"1,,,0"
USC00212698,1997-04,0,0,0,"2,0",6,",0",3,",0",0,",0",0,"2,0",0,"1,0",12,"1,0",3,"1,0",1,"1,0",0,"1,0",9,"1,0,08,",0,",T,0,11,+",0,"2,T,0,11,",0.3,",,0,30,",72,"1,0,28,",7749,0,616,"1,0",0.8,",,,0",0,"2,T,,0",42.8,"2,0",52.3,"1,,,0",33.2,"1,,,0"
USC00212698,1997-05,6,0,6,",0",9,",0",8,",0",0,",0",0,",0",0,",0",3,",0",0,",0",11,",0",0,",0",30,",0,13,",0,",,0,31,+",0,",,0,31,+",1.77,",,0,24,",83,",0,17,",8115,0,366,",0",4.69,",,,0",0,",,,0",53.4,",0",64,",,,0",42.8,",,,0"
USC00212698,1997-06,188,0,181,"1,0",10,",0",7,",0",0,",0",0,",0",0,"1,0",0,"1,0",0,",0",30,",0",2,",0",52,"1,0,09,",0,",,0,30,+",0,",,0,30,+",1.88,",,0,23,",91,",0,19,",8115,0,0,",0",4.51,",,,0",0,",,,0",71.3,"1,0",82.3,",,,0",60.3,"1,,,0"
USC00212698,1997-07,435,0,248,"2,0",12,",0",9,",0",0,",0",0,",0",0,"2,0",0,"2,0",0,",0",30,",0",3,",0",50,"2,0,04,",0,",,0,31,+",0,",,0,31,+",1.21,",,0,25,",93,",0,16,",15,0,15,",0",3.92,",,,0",0,",,,0",72.8,"2,0",81.1,",,,0",64.5,"2,,,0"
USC00212698,1997-08,610,0,174,",0",8,",0",5,",0",0,",0",0,",0",0,",0",0,",0",0,",0",29,",0",0,",0",54,",0,13,",0,",,0,31,+",0,",,0,31,+",1.11,",,0,20,",89,",0,03,",21,0,6,",0",2.28,",,,0",0,",,,0",70.4,",0",80.1,",,,0",60.8,",,,0"
USC00212698,1997-09,655,0,45,"3,0",9,",0",6,",0",0,",0",0,",0",0,"3,0",0,"3,0",0,",0",24,",0",0,",0",40,"3,0,21,+",0,",,0,30,+",0,",,0,30,+",1.5,",,0,20,",85,",0,06,+",107,0,86,",0",3.67,",,,0",0,",,,0",63.6,"3,0",74.1,",,,0",53.1,"3,,,0"
USC00212698,1997-10,694,0,39,"3,0",3,",0",1,",0",0,",0",0,",0",0,"2,0",8,"2,0",0,"1,0",9,"1,0",1,"1,0",19,"2,0,27,",0,",,0,31,+",0,",,0,31,+",1.58,",,0,13,",91,"1,0,02,",519,0,412,"1,0",1.67,",,,0",0,",,,0",51.8,"3,0",62.4,"1,,,0",41.2,"2,,,0"
USC00212698,1997-11,694,0,0,"3,0",7,"3,0",4,"3,0",,,5,"4,0",0,",0",27,",0",15,"3,0",0,"3,0",0,"3,0",5,",0,16,",,,2,"4,,0,06,+",0.31,"3,,0,15,",47,"3,0,27,",1522,0,1002,"3,0",0.84,"3,,,0",8,"4,,,0",27.8,"3,0",33.3,"3,,,0",22.2,",,,0"
USC00212698,1997-12,694,0,0,"4,0",4,"2,0",2,"2,0",10,"4,0",,,1,"2,0",29,"2,0",18,"2,0",0,"2,0",0,"2,0",-2,"2,0,31,",4,"4,,0,12,+",,,0.21,"2,,0,10,",45,"2,0,15,",2564,0,1043,"2,0",0.47,"2,,,0",,,26.1,"4,0",31,"2,,,0",21.2,"2,,,0"
USC00212698,1998-01,0,0,0,"1,0",9,"1,0",2,"1,0",24,"3,0",,,5,",0",31,",0",23,"1,0",0,"1,0",0,"1,0",-10,",0,13,",6,"3,,0,24,+",,,0.48,"1,,0,05,",44,"1,0,01,",3942,0,1378,"1,0",1.04,"1,,,0",,,18.8,"1,0",25.8,"1,,,0",11.8,",,,0"
USC00212698,1998-02,0,0,0,"2,0",5,"2,0",2,"2,0",18,",0",,,0,"1,0",21,"1,0",7,"1,0",0,"1,0",0,"1,0",6,"1,0,02,",4,",,0,06,+",,,0.21,"2,,0,18,",56,"1,0,24,",4817,0,875,"1,0",0.54,"2,,,0",,,31,"2,0",36.9,"1,,,0",25.2,"1,,,0"
USC00212698,1998-03,0,0,0,"4,0",10,"1,0",6,"1,0",16,",0",2,"5,0",3,"4,0",20,"4,0",15,",0",1,",0",0,",0",-5,"4,0,11,",4,",,0,19,+",2.5,"5,,0,18,",0.99,"1,,0,28,",71,",0,29,",5770,0,953,",0",2.15,"1,,,0",4.5,"5,,,0",29.4,"4,0",35.8,",,,0",22.9,"4,,,0"
USC00212698,1998-04,1,0,1,"1,0",10,",0",7,",0",0,"4,0",0,"1,0",0,"1,0",1,"1,0",0,",0",5,",0",0,",0",32,"1,0,01,",0,"4,,0,30,+",0,"1,,0,30,+",1.1,",,0,16,",79,",0,24,",6196,0,425,",0",3.16,",,,0",0,"1,,,0",50.4,"1,0",59.2,",,,0",41.6,"1,,,0"
USC00212698,1998-05,82,0,81,"1,0",10,",0",10,",0",0,",0",0,",0",0,"1,0",0,"1,0",0,",0",23,",0",2,",0",42,"1,0,02,",0,",,0,31,+",0,",,0,31,+",1.73,",,0,16,",91,",0,18,",6278,0,83,",0",4.22,",,,0",0,",,,0",64.8,"1,0",75.1,",,,0",54.5,"1,,,0"
USC00212698,1998-06,207,0,125,"2,0",13,",0",10,",0",0,",0",0,",0",0,",0",0,",0",0,"2,0",19,"2,0",1,"2,0",43,",0,03,",0,",,0,30,+",0,",,0,30,+",1.36,",,0,28,",92,"2,0,27,",6357,0,79,"2,0",4.2,",,,0",0,",,,0",66.6,"2,0",75.8,"2,,,0",57.4,",,,0"
USC00212698,1998-07,461,0,253,",0",9,",0",7,",0",0,",0",0,",0",0,",0",0,",0",0,",0",30,",0",1,",0",57,",0,31,",0,",,0,31,+",0,",,0,31,+",2.38,",,0,04,",91,",0,13,",2,0,2,",0",4.59,",,,0",0,",,,0",73.1,",0",81.6,",,,0",64.6,",,,0"
USC00212698,1998-08,697,0,236,",0",14,",0",8,",0",0,",0",0,",0",0,",0",0,",0",0,",0",29,",0",1,",0",58,",0,31,+",0,",,0,31,+",0,",,0,31,+",2.41,",,0,28,",90,",0,23,",3,0,1,",0",5.75,",,,0",0,",,,0",72.6,",0",81.1,",,,0",64,",,,0"
USC00212698,1998-09,831,0,134,"3,0",5,",0",4,",0",0,",0",0,",0",0,",0",0,",0",0,"3,0",24,"3,0",2,"3,0",42,",0,22,",0,",,0,30,+",0,",,0,30,+",0.49,",,0,20,",90,"3,0,19,+",47,0,43,"3,0",1.07,",,,0",0,",,,0",68.3,"3,0",80.1,"3,,,0",56.5,",,,0"
USC00212698,1998-10,831,0,0,"1,0",12,",0",10,",0",,,0,",0",0,",0",2,",0",0,"1,0",4,"1,0",0,"1,0",28,",0,19,",,,0,",,0,31,+",2.79,",,0,15,",74,"1,0,11,+",437,0,391,"1,0",7.96,",,,0",0,",,,0",52.1,"1,0",60.8,"1,,,0",43.4,",,,0"
USC00212698,1998-11,831,0,0,"2,0",3,",0",3,",0",0,",0",1,",0",0,"2,0",16,"2,0",0,",0",1,",0",0,",0",19,"2,0,20,",0,",T,0,07,",1.5,",,0,10,",0.76,",,0,10,",71,",0,27,",1179,0,742,",0",1.08,",,,0",1.5,",,,0",38.4,"2,0",45.6,",,,0",31.2,"2,,,0"
USC00212698,1998-12,,,,,4,",0",1,",0",10,",0",3,",0",7,"3,0",23,"3,0",11,"4,0",0,"4,0",0,"4,0",-7,"3,0,22,",2,",,0,31,+",2,",,0,31,",0.11,",,0,31,",65,"4,0,01,",,,,,0.23,",,,0",4,",,,0",25.7,"7,0",33.7,"4,,,0",17.7,"3,,,0"
USC00212698,1999-01,0,0,0,"4,0",15,"1,0",3,"1,0",31,",0",8,"3,0",12,"4,0",27,"4,0",25,"1,0",0,"1,0",0,"1,0",-17,"4,0,04,",18,",,0,20,+",8,"3,,0,02,",0.36,"1,,0,02,",36,"1,0,17,+",,,1375,"1,0",1.19,"1,,,0",21.7,"3,,,0",13.5,"4,0",21.1,"1,,,0",5.8,"4,,,0"
USC00212698,1999-02,0,0,0,"4,0",5,",0",2,",0",14,",0",1,"2,0",0,"3,0",23,"3,0",9,"1,0",0,"1,0",0,"1,0",5,"3,0,04,",8,",,0,01,",3,"2,,0,22,",0.16,",,0,11,",51,"1,0,10,+",,,851,"1,0",0.47,",,,0",3,"2,,,0",29.4,"4,0",36.5,"1,,,0",22.2,"3,,,0"
USC00212698,1999-03,0,0,0,",0",5,",0",2,",0",10,",0",2,",0",0,",0",26,",0",8,",0",1,",0",0,",0",7,",0,12,",8,",,0,09,",6,",,0,09,",0.58,",,0,09,",71,",0,30,",,,939,",0",0.79,",,,0",8.5,",,,0",34.7,",0",44.6,",,,0",24.8,",,,0"
USC00212698,1999-04,0,0,0,"2,0",13,",0",7,",0",1,",0",1,",0",0,"2,0",2,"2,0",0,",0",2,",0",0,",0",29,"2,0,16,",2,",,0,16,",2,",,0,16,",1.85,",,0,09,",73,",0,30,",,,469,",0",6.1,",,,0",2,",,,0",47.7,"2,0",56,",,,0",39.5,"2,,,0"
USC00212698,1999-05,29,0,29,"2,0",13,",0",9,",0",0,",0",0,",0",0,"1,0",0,"1,0",0,"1,0",16,"1,0",0,"1,0",37,"1,0,09,",0,",,0,31,+",0,",,0,31,+",1.32,",,0,17,",87,"1,0,28,",,,153,"1,0",4.5,",,,0",0,",,,0",60.4,"2,0",69.8,"1,,,0",51,"1,,,0"
USC00212698,1999-06,181,0,152,"1,0",12,",0",7,",0",0,",0",0,",0",0,"1,0",0,"1,0",0,",0",23,",0",0,",0",46,"1,0,17,+",0,",,0,30,+",0,",,0,30,+",1.69,",,0,06,",89,",0,27,+",,,57,",0",5.63,",,,0",0,",,,0",68.3,"1,0",77.3,",,,0",59.3,"1,,,0"
USC00212698,1999-07,509,0,327,"1,0",8,",0",7,",0",0,",0",0,",0",0,"1,0",0,"1,0",0,",0",31,",0",10,",0",56,"1,0,10,",0,",,0,31,+",0,",,0,31,+",1.12,",,0,19,",94,",0,30,+",0,0,0,",0",3.59,",,,0",0,",,,0",75.8,"1,0",85.5,",,,0",66.2,"1,,,0"
USC00212698,1999-08,695,0,186,",0",6,",0",3,",0",0,",0",0,",0",0,",0",0,",0",0,",0",31,",0",1,",0",52,",0,14,",0,",,0,31,+",0,",,0,31,+",0.23,",,0,21,",93,",0,27,",2,0,2,",0",0.72,",,,0",0,",,,0",70.9,",0",80.4,",,,0",61.5,",,,0"
USC00212698,1999-09,753,0,58,"2,0",2,"1,0",1,"1,0",0,",0",0,",0",0,"2,0",0,"2,0",0,",0",19,",0",1,",0",37,"2,0,29,",0,",,0,30,+",0,",,0,30,+",0.95,"1,,0,12,",92,",0,02,",145,0,143,",0",0.97,"1,,,0",0,",,,0",62.1,"2,0",73.9,",,,0",50.4,"2,,,0"
USC00212698,1999-10,754,0,1,"2,0",3,",0",2,",0",0,"3,0",0,"1,0",0,"2,0",5,"2,0",0,"2,0",7,"2,0",0,"2,0",26,"2,0,24,+",0,"3,,0,31,+",0.5,"1,,0,02,",0.55,",,0,02,",79,"2,0,07,",575,0,430,"2,0",0.91,",,,0",0.5,"1,,,0",50.2,"2,0",61.5,"2,,,0",38.9,"2,,,0"
USC00212698,1999-11,754,0,0,"3,0",3,",0",2,",0",0,"4,0",0,"1,0",0,"3,0",13,"3,0",0,",0",4,",0",0,",0",23,"3,0,29,",0,"4,,0,30,+",0,"1,,0,30,+",0.45,",,0,23,",79,",0,13,",1167,0,592,",0",0.61,",,,0",0,"1,,,0",43.1,"3,0",52.8,",,,0",33.4,"3,,,0"
USC00212698,1999-12,754,0,0,"5,0",3,"1,0",0,"1,0",9,"2,0",1,"1,0",5,"4,0",24,"4,0",12,"1,0",0,"1,0",0,"1,0",-10,"4,0,21,",2,"2,,0,24,+",1,"1,,0,19,",0.05,"1,,0,19,+",53,"1,0,29,",2205,0,1037,"1,0",0.13,"1,,,0",1.5,"1,,,0",25.2,"5,0",34.6,"1,,,0",15.8,"4,,,0"
USC00212698,2000-01,0,,0,"3,0",8,"1,0",4,"1,0",29,",0",4,"1,0",9,"1,0",30,"1,0",20,"2,0",0,"2,0",0,"2,0",-13,"1,0,21,",9,",,0,28,+",7.5,"1,,0,20,",0.4,"1,,0,20,",41,"2,0,16,",3549,,1344,"2,0",0.81,"1,,,0",13.5,"1,,,0",17,"3,0",27.2,"2,,,0",6.8,"1,,,0"
USC00212698,2000-02,0,,0,"4,0",7,",0",4,",0",21,",0",2,",0",0,"3,0",22,"3,0",10,"3,0",0,"3,0",0,"3,0",3,"3,0,11,",6,",,0,01,",3,",,0,18,",0.37,",,0,26,",61,"3,0,22,",4458,,909,"3,0",1.11,",,,0",5.7,",,,0",28.5,"4,0",37.6,"3,,,0",19.3,"3,,,0"
USC00212698,2000-03,0,,0,"1,0",6,",0",4,",0",3,"4,0",2,",0",0,"1,0",19,"1,0",1,",0",3,",0",0,",0",15,"1,0,16,+",3,"4,,0,13,+",3,",,0,12,",0.53,",,0,09,",78,",0,07,",5183,,725,",0",1.27,",,,0",4.5,",,,0",41.1,"1,0",52.2,",,,0",30,"1,,,0"
USC00212698,2000-04,0,,0,"2,0",7,",0",7,",0",2,",0",2,"1,0",0,"2,0",8,"2,0",0,",0",9,",0",0,",0",25,"2,0,04,",4,",,0,08,",2,"1,,0,08,+",0.63,",,0,20,",78,",0,23,+",5663,,479,",0",1.61,",,,0",4,"1,,,0",48,"2,0",58.4,",,,0",37.7,"2,,,0"
USC00212698,2000-05,38,,38,"2,0",12,",0",9,",0",0,",0",0,",0",0,"2,0",0,"2,0",0,",0",18,",0",0,",0",37,"2,0,19,",0,",,0,31,+",0,",,0,31,+",3.73,",,0,18,",87,",0,05,",5805,,142,",0",7.7,",,,0",0,",,,0",61.3,"2,0",71.8,",,,0",50.9,"2,,,0"
USC00212698,2000-06,148,,110,"1,0",11,",0",8,",0",0,",0",0,",0",0,",0",0,",0",0,"1,0",23,"1,0",1,"1,0",41,",0,07,",0,",,0,30,+",0,",,0,30,+",1.72,",,0,25,",95,"1,0,08,",5855,,50,"1,0",4.92,",,,0",0,",,,0",67.2,"1,0",77.4,"1,,,0",56.9,",,,0"
USC00212698,2000-07,373,,225,"1,0",7,",0",6,",0",0,",0",0,",0",0,"1,0",0,"1,0",0,",0",30,",0",2,",0",52,"1,0,18,",0,",,0,31,+",0,",,0,31,+",1.93,",,0,10,",92,",0,09,",13,,13,",0",4.35,",,,0",0,",,,0",72.1,"1,0",81,",,,0",63.2,"1,,,0"
USC00212698,2000-08,576,,202,",0",5,",0",3,",0",0,",0",0,",0",0,",0",0,",0",0,",0",29,",0",1,",0",55,",0,20,+",0,",,0,31,+",0,",,0,31,+",1.3,",,0,04,",91,",0,14,",21,,7,",0",2.49,",,,0",0,",,,0",71.3,",0",80.5,",,,0",62.1,",,,0"
USC00212698,2000-09,645,,69,"1,0",6,",0",2,",0",0,",0",0,",0",0,"1,0",0,"1,0",0,",0",21,",0",0,",0",36,"1,0,24,",0,",,0,30,+",0,",,0,30,+",0.36,",,0,04,",89,",0,13,",151,,130,",0",0.85,",,,0",0,",,,0",62.9,"1,0",74.8,",,,0",51,"1,,,0"
USC00212698,2000-10,649,,4,",0",11,",0",5,",0",0,",0",0,",0",0,",0",6,",0",0,",0",10,",0",0,",0",24,",0,08,",0,",,0,31,+",0,",,0,31,+",0.95,",,0,17,",83,",0,01,",535,,383,",0",2.09,",,,0",0,",,,0",52.8,",0",62.9,",,,0",42.6,",,,0"
USC00212698,2000-11,649,,0,",0",5,",0",4,",0",18,",0",1,"3,0",0,",0",24,",0",14,",0",0,",0",0,",0",4,",0,21,",3,",,0,21,+",4,"3,,0,13,",1.01,",,0,07,",67,",0,01,",1607,,1073,",0",2.06,",,,0",4.5,"3,,,0",29.2,",0",35.5,",,,0",22.9,",,,0"
USC00212698,2000-12,,,,,13,",0",9,",0",29,"2,0",12,"1,0",,,,,,,,,,,,,24,"2,,0,31,",4,"1,,0,29,",0.25,",,0,29,",,,,,,,1.62,",,,0",21.4,"1,,,0",,,,,,
USC00212698,2001-01,0,0,0,"3,0",5,",0",3,",0",31,",0",5,"1,0",5,"2,0",29,"2,0",23,"1,0",0,"1,0",0,"1,0",-7,"2,0,20,+",25,",,0,03,",3,"1,,0,14,",0.8,",,0,30,",40,"1,0,06,",,,1273,"1,0",1.28,",,,0",8.5,"1,,,0",19.5,"3,0",27.3,"1,,,0",11.8,"2,,,0"
USC00212698,2001-02,0,0,0,",0",,,,,28,",0",,,13,",0",28,",0",22,",0",0,",0",0,",0",-15,",0,02,",15,",,0,28,+",,,,,35,",0,05,",,,1508,",0",,,,,11.1,",0",20.8,",,,0",1.5,",,,0"
USC00212698,2001-03,0,0,0,"2,0",4,",0",3,",0",31,",0",3,"2,0",1,"1,0",30,"1,0",11,"1,0",0,"1,0",0,"1,0",-4,"1,0,06,",16,",,0,12,",4,"2,,0,12,",0.45,",,0,12,",45,"1,0,14,",,,1126,"1,0",1.01,",,,0",7,"2,,,0",26.1,"2,0",33.3,"1,,,0",18.8,"1,,,0"
USC00212698,2001-04,2,0,2,"1,0",10,",0",8,",0",2,",0",0,",0",0,"1,0",10,"1,0",0,",0",7,",0",0,",0",22,"1,0,24,",3,",,0,01,",0,",T,0,19,+",1.8,",,0,11,",82,",0,29,",,,490,",0",5.79,",,,0",0,",T,,0",48.1,"1,0",58.4,",,,0",37.8,"1,,,0"
USC00212698,2001-05,50,0,48,"3,0",10,",0",8,",0",0,",0",0,",0",0,"1,0",0,"1,0",0,"2,0",12,"2,0",2,"2,0",39,"1,0,23,",0,",,0,31,+",0,",,0,31,+",1.68,",,0,21,",91,"2,0,15,",,,168,"2,0",4.86,",,,0",0,",,,0",60.3,"3,0",69.1,"2,,,0",51.5,"1,,,0"
USC00212698,2001-06,230,0,180,"1,0",10,",0",5,",0",0,",0",0,",0",0,"1,0",0,"1,0",0,",0",25,",0",5,",0",46,"1,0,03,",0,",,0,30,+",0,",,0,30,+",3.15,",,0,13,",94,",0,11,",,,51,",0",4.84,",,,0",0,",,,0",69.6,"1,0",79.2,",,,0",60,"1,,,0"
USC00212698,2001-07,552,0,322,",0",4,",0",4,",0",0,",0",0,",0",0,",0",0,",0",0,",0",31,",0",6,",0",54,",0,02,",0,",,0,31,+",0,",,0,31,+",0.83,",,0,25,+",95,",0,09,",0,0,0,",0",1.89,",,,0",0,",,,0",75.4,",0",85,",,,0",65.7,",,,0"
USC00212698,2001-08,777,0,225,"2,0",9,",0",5,",0",0,",0",0,",0",0,",0",0,",0",0,"2,0",28,"2,0",4,"2,0",50,",0,16,",0,",,0,31,+",0,",,0,31,+",0.29,",,0,30,",96,"2,0,06,",9,0,9,"2,0",1.17,",,,0",0,",,,0",72.3,"2,0",81.5,"2,,,0",63,",,,0"
USC00212698,2001-09,806,0,29,",0",7,",0",6,",0",0,",0",0,",0",0,",0",0,",0",0,",0",16,",0",0,",0",36,",0,24,",0,",,0,30,+",0,",,0,30,+",0.54,",,0,21,",85,",0,05,",180,0,171,",0",2.01,",,,0",0,",,,0",60.2,",0",70.9,",,,0",49.6,",,,0"
USC00212698,2001-10,811,0,4,"1,0",5,",0",3,",0",0,",0",0,",0",0,",0",7,",0",0,"1,0",2,"1,0",0,"1,0",21,",0,27,",0,",,0,31,+",0,",,0,31,+",0.6,",,0,10,",86,"1,0,02,",640,0,460,"1,0",1.31,",,,0",0,",,,0",49.7,"1,0",59.4,"1,,,0",40,",,,0"
USC00212698,2001-11,811,0,0,",0",5,"1,0",4,"1,0",1,"1,0",1,"2,0",0,",0",9,",0",2,",0",5,",0",0,",0",20,",0,19,",2,"1,,0,27,",2,"2,,0,27,",1.25,"1,,0,26,",74,",0,07,",1189,0,549,",0",3.39,"1,,,0",2,"2,,,0",46.7,",0",56.8,",,,0",36.6,",,,0"
USC00212698,2001-12,811,0,0,"2,0",1,"2,0",1,"2,0",8,"1,0",1,"2,0",2,"1,0",28,"1,0",9,"1,0",0,"1,0",0,"1,0",-3,"1,0,25,",3,"1,,0,23,",3,"2,,0,23,",0.13,"2,,0,23,",61,"1,0,05,",2265,0,1076,"1,0",0.13,"2,,,0",3,"2,,,0",27.6,"2,0",36.1,"1,,,0",19.1,"1,,,0"
USC00212698,2002-01,0,0,0,",0",3,",0",1,",0",15,",0",2,"3,0",2,",0",30,",0",14,",0",0,",0",0,",0",-4,",0,18,",4,",,0,18,+",2.5,"3,,0,14,",0.11,",,0,14,",59,",0,27,",3507,0,1242,",0",0.17,",,,0",4,"3,,,0",24.9,",0",34.2,",,,0",15.7,",,,0"
USC00212698,2002-02,0,0,0,"3,0",5,",0",2,",0",13,",0",2,"2,0",2,"1,0",23,"1,0",9,"2,0",0,"2,0",0,"2,0",-9,"1,0,04,+",8,",,0,02,+",8,"2,,0,01,",0.3,",,0,01,",61,"2,0,24,+",4461,0,954,"2,0",0.66,",,,0",10.5,"2,,,0",27.2,"3,0",36.5,"2,,,0",18,"1,,,0"
USC00212698,2002-03,0,0,0,"2,0",5,"1,0",4,"1,0",9,"2,0",2,"5,0",3,"1,0",28,"1,0",16,"1,0",0,"1,0",0,"1,0",-3,"1,0,03,",2,"2,,0,11,+",2,"5,,0,02,",0.82,"1,,0,09,",60,"1,0,27,",5627,0,1166,"1,0",1.86,"1,,,0",3,"5,,,0",24.9,"2,0",33,"1,,,0",16.7,"1,,,0"
USC00212698,2002-04,15,0,15,",0",8,",0",7,",0",1,"2,0",1,",0",0,",0",11,",0",2,",0",7,",0",1,",0",19,",0,04,+",2,"2,,0,21,",2,",,0,21,",0.9,",,0,12,",90,",0,15,",6180,0,553,",0",3.38,",,,0",2,",,,0",47.1,",0",57.7,",,,0",36.5,",,,0"
USC00212698,2002-05,59,0,44,",0",9,",0",3,",0",0,",0",0,",0",0,",0",2,",0",0,",0",11,",0",1,",0",31,",0,02,",0,",,0,31,+",0,",,0,31,+",0.71,",,0,12,",90,",0,30,",6498,0,319,",0",1.32,",,,0",0,",,,0",56.1,",0",66.8,",,,0",45.4,",,,0"
USC00212698,2002-06,306,0,246,",0",11,",0",7,",0",0,",0",0,",0",0,",0",0,",0",0,",0",27,",0",5,",0",50,",0,05,+",0,",,0,30,+",0,",,0,30,+",2.05,",,0,11,",96,",0,29,",6521,0,22,",0",3.54,",,,0",0,",,,0",72.5,",0",81.8,",,,0",63.2,",,,0"
USC00212698,2002-07,652,0,346,"1,0",6,",0",5,",0",0,",0",0,",0",0,",0",0,",0",0,"1,0",30,"1,0",11,"1,0",56,",0,23,+",0,",,0,31,+",0,",,0,31,+",0.81,",,0,29,",96,"1,0,21,",0,0,0,"1,0",2.31,",,,0",0,",,,0",76.5,"1,0",86.4,"1,,,0",66.6,",,,0"
USC00212698,2002-08,805,0,153,"1,0",7,",0",5,",0",0,",0",0,",0",0,"1,0",0,"1,0",0,",0",30,",0",0,",0",50,"1,0,18,",0,",,0,31,+",0,",,0,31,+",2.28,",,0,22,",87,",0,03,",7,0,7,",0",5.11,",,,0",0,",,,0",70,"1,0",78.9,",,,0",61,"1,,,0"
USC00212698,2002-09,912,0,107,"4,0",11,",0",7,",0",0,",0",0,",0",0,"3,0",0,"3,0",0,"1,0",18,"1,0",2,"1,0",36,"3,0,24,",0,",,0,30,+",0,",,0,30,+",1.13,",,0,14,",92,"1,0,08,+",125,0,118,"1,0",3.06,",,,0",0,",,,0",64.7,"4,0",74.2,"1,,,0",55.1,"3,,,0"
USC00212698,2002-10,912,0,0,",0",10,"2,0",5,"2,0",2,"5,0",2,"2,0",0,",0",13,",0",1,",0",3,",0",0,",0",19,",0,31,",2,"5,,0,24,",2,"2,,0,24,",1.47,"2,,0,04,",76,",0,01,",815,0,690,",0",2.67,"2,,,0",3,"2,,,0",42.7,",0",50.7,",,,0",34.8,",,,0"
USC00212698,2002-11,912,0,0,"4,0",3,",0",1,",0",0,"1,0",1,",0",0,"1,0",26,"1,0",4,"3,0",0,"3,0",0,"3,0",13,"1,0,30,+",0,"1,,0,30,+",1,",,0,05,",0.1,",,0,05,",65,"3,0,07,",1607,0,792,"3,0",0.2,",,,0",1,",,,0",34.1,"4,0",43.8,"3,,,0",24.4,"1,,,0"
USC00212698,2002-12,912,0,0,"2,0",2,",0",1,",0",0,",0",0,"3,0",1,"1,0",29,"1,0",12,"1,0",0,"1,0",0,"1,0",-1,"1,0,05,",0,",T,0,27,+",0,"3,T,0,04,+",0.12,",,0,18,",55,"1,0,14,",2696,0,1089,"1,0",0.15,",,,0",0,"3,T,,0",27.4,"2,0",35.7,"1,,,0",19,"1,,,0"
USC00212698,2003-01,0,0,0,"2,0",4,",0",2,",0",8,",0",2,",0",6,"1,0",29,"1,0",22,"1,0",0,"1,0",0,"1,0",-9,"1,0,26,",3,",,0,31,+",1.5,",,0,29,+",0.11,",,0,27,",60,"1,0,07,",4056,0,1360,"1,0",0.27,",,,0",3.5,",,,0",17.7,"2,0",26,"1,,,0",9.4,"1,,,0"
USC00212698,2003-02,0,0,0,"2,0",6,"1,0",1,"1,0",10,"3,0",2,"3,0",8,",0",28,",0",16,"2,0",0,"2,0",0,"2,0",-11,",0,07,",4,"3,,0,17,+",3,"3,,0,15,",0.22,"1,,0,15,",49,"2,0,20,",5305,0,1249,"2,0",0.36,"1,,,0",4,"3,,,0",17.5,"2,0",27.7,"2,,,0",7.4,",,,0"
USC00212698,2003-03,0,0,0,"1,0",7,",0",4,",0",7,",0",1,"4,0",4,",0",19,",0",7,"1,0",3,"1,0",0,"1,0",-8,",0,02,",2,",,0,10,+",2,"4,,0,04,",0.94,",,0,28,",72,"1,0,16,",6245,0,939,"1,0",2.23,",,,0",2,"4,,,0",33.2,"1,0",44.3,"1,,,0",22.2,",,,0"
USC00212698,2003-05,,,11,"3,0",10,",0",6,",0",0,"1,0",0,",0",0,"3,0",0,"3,0",0,",0",11,",0",0,",0",38,"3,0,25,",0,"1,,0,31,+",0,",,0,31,+",0.9,",,0,12,",81,",0,27,",,,224,",0",3.14,",,,0",0,",,,0",57.3,"3,0",67.5,",,,0",47.2,"3,,,0"
USC00212698,2003-06,,,117,"1,0",13,",0",9,",0",0,",0",0,",0",0,"1,0",0,"1,0",0,",0",26,",0",1,",0",47,"1,0,03,",0,",,0,30,+",0,",,0,30,+",0.6,",,0,28,",90,",0,16,",,,28,",0",4.08,",,,0",0,",,,0",67.8,"1,0",77.6,",,,0",58,"1,,,0"
USC00212698,2003-07,,,247,"1,0",7,",0",6,",0",0,",0",0,",0",0,",0",0,",0",0,"1,0",30,"1,0",2,"1,0",55,",0,24,",0,",,0,31,+",0,",,0,31,+",0.49,",,0,08,",94,"1,0,26,",0,0,0,"1,0",1.84,",,,0",0,",,,0",73.3,"1,0",82.5,"1,,,0",64,",,,0"
USC00212698,2003-08,,,268,"1,0",6,",0",4,",0",0,",0",0,",0",0,"1,0",0,"1,0",0,"1,0",29,"1,0",6,"1,0",52,"1,0,30,",0,",,0,31,+",0,",,0,31,+",0.66,",,0,19,",98,"1,0,16,",2,0,2,"1,0",1.48,",,,0",0,",,,0",73.8,"1,0",83.9,"1,,,0",63.8,"1,,,0"
USC00212698,2003-09,,,71,"1,0",5,",0",3,",0",0,",0",0,",0",0,",0",0,",0",0,"1,0",18,"1,0",2,"1,0",34,",0,30,",0,",,0,30,+",0,",,0,30,+",2.25,",,0,12,",90,"1,0,07,+",171,0,169,"1,0",2.7,",,,0",0,",,,0",61.7,"1,0",73.2,"1,,,0",50.1,",,,0"
USC00212698,2003-10,,,11,"2,0",4,",0",2,",0",0,",0",0,",0",0,"1,0",7,"1,0",0,"1,0",12,"1,0",0,"1,0",24,"1,0,27,+",0,",T,0,30,+",0,",T,0,30,+",0.13,",,0,12,",85,"1,0,19,",569,0,398,"1,0",0.34,",,,0",0,",T,,0",51.7,"2,0",62.9,"1,,,0",40.5,"1,,,0"
USC00212698,2003-11,,,0,",0",3,",0",3,",0",5,",0",2,"1,0",0,",0",26,",0",8,",0",0,",0",0,",0",7,",0,24,",3,",,0,25,+",3,"1,,0,23,",0.25,",,0,04,+",61,",0,11,",1556,0,987,",0",0.72,",,,0",5,"1,,,0",32.1,",0",40,",,,0",24.1,",,,0"
USC00212698,2003-12,,,0,"5,0",5,",0",3,",0",29,",0",4,"1,0",2,"4,0",27,"4,0",17,"1,0",0,"1,0",0,"1,0",-3,"4,0,11,",10,",,0,17,",3,"1,,0,10,",0.31,",,0,10,",47,"1,0,28,+",2604,0,1048,"1,0",0.7,",,,0",8.5,"1,,,0",24.7,"5,0",32.3,"1,,,0",17,"4,,,0"
USC00212698,2004-01,0,0,0,"1,0",5,",0",2,",0",7,"2,0",2,"3,0",11,",0",31,",0",19,"1,0",0,"1,0",0,"1,0",-19,",0,30,",7,"2,,0,31,+",4,"3,,0,26,",0.23,",,0,26,",45,"1,0,11,",4120,0,1516,"1,0",0.49,",,,0",7.5,"3,,,0",14.3,"1,0",23.1,"1,,,0",5.4,",,,0"
USC00212698,2004-02,0,0,0,"2,0",4,"4,0",2,"4,0",28,",0",6,"1,0",8,"2,0",26,"2,0",19,",0",0,",0",0,",0",-10,"2,0,15,",19,",,0,14,+",6,"1,,0,02,",0.61,"4,,0,02,",49,",0,29,",5333,0,1213,",0",1.12,"1,a,,0",18,"1,,,0",20.2,"2,0",26.9,",,,0",13.4,"2,,,0"
USC00212698,2004-03,0,0,0,"1,0",8,",0",2,",0",5,",0",2,",0",0,",0",25,",0",2,"1,0",1,"1,0",0,"1,0",5,",0,11,",6,",,0,05,",6,",,0,05,",1.32,",,0,29,",71,"1,0,24,",6154,0,821,"1,0",2.43,",,,0",7,",,,0",37.8,"1,0",46.9,"1,,,0",28.7,",,,0"
USC00212698,2004-04,9,0,9,"1,0",3,",0",3,",0",0,",0",0,",0",0,"1,0",8,"1,0",0,",0",10,",0",0,",0",23,"1,0,11,+",0,",,0,30,+",0,",,0,30,+",0.52,",,0,25,",87,",0,28,",6593,0,439,",0",1.27,",,,0",0,",,,0",50,"1,0",62.4,",,,0",37.6,"1,,,0"
USC00212698,2004-05,22,0,13,",0",13,",0",10,",0",0,",0",0,",0",0,",0",0,",0",0,",0",16,",0",0,",0",33,",0,14,",0,",,0,31,+",0,",,0,31,+",2.24,",,0,29,",86,",0,09,",6824,0,231,",0",7.31,",,,0",0,",,,0",57.9,",0",67.6,",,,0",48.3,",,,0"
USC00212698,2004-06,109,0,87,",0",11,",0",5,",0",0,",0",0,",0",0,",0",0,",0",0,",0",25,",0",1,",0",46,",0,03,",0,",,0,30,+",0,",,0,30,+",1.13,",,0,09,",92,",0,07,",6877,0,52,",0",2.27,",,,0",0,",,,0",66.1,",0",75.7,",,,0",56.6,",,,0"
USC00212698,2004-07,289,0,180,"1,0",11,",0",6,",0",0,",0",0,",0",0,",0",0,",0",0,"1,0",28,"1,0",1,"1,0",47,",0,28,",0,",,0,31,+",0,",,0,31,+",2.27,",,0,06,",90,"1,0,21,",18,0,18,"1,0",5.43,",,,0",0,",,,0",70.4,"1,0",79.6,"1,,,0",61.3,",,,0"
USC00212698,2004-08,383,0,93,",0",11,",0",5,",0",0,",0",0,",0",0,",0",0,",0",0,",0",25,",0",0,",0",39,",0,18,",0,",,0,31,+",0,",,0,31,+",1.56,",,0,04,",87,",0,02,",84,0,67,",0",3.35,",,,0",0,",,,0",65.9,",0",75.6,",,,0",56.1,",,,0"
USC00212698,2004-09,491,0,108,"1,0",10,",0",6,",0",0,",0",0,",0",0,",0",0,",0",0,"1,0",25,"1,0",0,"1,0",41,",0,29,",0,",,0,30,+",0,",,0,30,+",6.2,",,0,15,",88,"1,0,13,+",138,0,54,"1,0",8.96,",,,0",0,",,,0",67,"1,0",77.3,"1,,,0",56.7,",,,0"
USC00212698,2004-10,491,0,0,",0",12,",0",4,",0",0,",0",0,",0",0,",0",2,",0",0,",0",8,",0",0,",0",28,",0,17,+",0,",,0,31,+",0,",,0,31,+",1.37,",,0,08,",76,",0,29,",581,0,442,",0",2.22,",,,0",0,",,,0",50.7,",0",59.9,",,,0",41.5,",,,0"
USC00212698,2004-11,491,0,0,"3,0",7,",0",6,",0",0,",0",0,",0",0,"2,0",18,"2,0",2,"1,0",0,"1,0",0,"1,0",20,"2,0,30,",0,",T,0,27,",0,",T,0,27,",0.59,",,0,20,",69,"1,0,07,+",1300,0,719,"1,0",1.57,",,,0",0,",T,,0",38.7,"3,0",47,"1,,,0",30.5,"2,,,0"
USC00212698,2004-12,491,0,0,"4,0",2,",0",0,",0",0,",0",0,",0",5,"3,0",27,"3,0",9,"1,0",0,"1,0",0,"1,0",-9,"3,0,23,",0,",T,0,27,+",0,",T,0,27,+",0.06,",,0,21,",54,"1,0,30,",2366,0,1066,"1,0",0.09,",,,0",0,",T,,0",25.1,"4,0",34,"1,,,0",16.2,"3,,,0"
USC00212698,2005-01,,,,,7,"2,H",4,"2,H",,,,,6,"5,H",26,"5,H",20,"5,H",0,"5,H",0,"5,H",-16,"5,H,15,",,,,,0.24,"2,,H,03,",49,"5,H,26,",,,,,0.81,"2,,,H",,,16.1,"8,H",24.6,"5,,,H",7.7,"5,,,H"
USC00212698,2005-02,,,0,"2,0",6,",0",3,",0",4,",0",1,"1,0",0,"2,0",25,"2,0",11,"2,0",0,"2,0",0,"2,0",1,"2,0,10,",2,",,0,10,+",2,"1,,0,07,",0.92,",,0,14,",54,"2,0,04,",,,993,"2,0",1.54,",,,0",2,"1,,,0",26.8,"2,0",34.9,"2,,,0",18.7,"2,,,0"
USC00212698,2005-03,,,0,",0",4,",0",2,",0",11,"2,0",2,"1,0",0,",0",26,",0",9,",0",2,",0",0,",0",8,",0,01,",15,"2,,0,18,",11,"1,,0,18,",0.56,",,0,18,",71,",0,28,",,,1045,",0",1.07,",,,0",15,"1,,,0",31.3,",0",40.2,",,,0",22.3,",,,0"
USC00212698,2005-04,,,3,",0",13,",0",7,",0",0,",0",0,",0",0,",0",7,",0",0,",0",9,",0",0,",0",28,",0,15,",0,",,0,30,+",0,",,0,30,+",1.2,",,0,12,",79,",0,18,+",,,423,",0",3.35,",,,0",0,",,,0",51,",0",61.2,",,,0",40.8,",,,0"
USC00212698,2005-05,,,2,"3,0",17,",0",11,",0",0,",0",0,",0",0,"2,0",3,"2,0",0,"1,0",10,"1,0",0,"1,0",29,"2,0,04,+",0,",T,0,02,",0,",T,0,02,",1.95,",,0,13,",78,"1,0,24,",,,259,"1,0",6.83,",,,0",0,",T,,0",55.9,"3,0",64,"1,,,0",47.7,"2,,,0"
USC00212698,2005-06,,,227,",0",15,",0",10,",0",0,",0",0,",0",0,",0",0,",0",0,",0",30,",0",4,",0",54,",0,02,",0,",,0,30,+",0,",,0,30,+",1.2,",,0,21,",93,",0,23,+",,,0,",0",5.04,",,,0",0,",,,0",72.6,",0",81.7,",,,0",63.4,",,,0"
USC00212698,2005-07,,,285,"1,0",7,",0",6,",0",0,",0",0,",0",0,"1,0",0,"1,0",0,",0",30,",0",6,",0",53,"1,0,27,",0,",,0,31,+",0,",,0,31,+",1.4,",,0,25,",94,",0,24,+",4,0,4,",0",3.24,",,,0",0,",,,0",74.4,"1,0",84,",,,0",64.8,"1,,,0"
USC00212698,2005-08,,,174,"1,0",7,",0",6,",0",0,",0",0,",0",0,",0",0,",0",0,"1,0",30,"1,0",1,"1,0",46,",0,30,",0,",,0,31,+",0,",,0,31,+",2.24,",,0,18,",93,"1,0,09,",18,0,14,"1,0",4.38,",,,0",0,",,,0",70.3,"1,0",80.2,"1,,,0",60.5,",,,0"
USC00212698,2005-09,,,105,"2,0",8,",0",7,",0",0,",0",0,",0",0,"2,0",0,"2,0",0,",0",24,",0",1,",0",38,"2,0,29,",0,",,0,30,+",0,",,0,30,+",6.04,",,0,25,",91,",0,21,",75,0,57,",0",10.17,",,,0",0,",,,0",67,"2,0",77.6,",,,0",56.3,"2,,,0"
USC00212698,2005-10,,,34,",0",6,",0",3,",0",0,",0",0,"2,0",0,",0",6,",0",0,",0",9,",0",0,",0",29,",0,22,",0,",,0,31,+",0,"2,,0,31,+",0.86,",,0,05,",87,",0,03,",492,0,417,",0",1.36,",,,0",0,"2,,,0",52.6,",0",63.1,",,,0",42.2,",,,0"
USC00212698,2005-11,,,0,",0",5,",0",5,",0",4,"2,0",2,",0",0,",0",17,",0",6,",0",1,",0",0,",0",8,",0,17,",1,"2,,0,30,+",1,",,0,29,+",0.63,",,0,28,",73,",0,02,",1347,0,855,",0",1.41,",,,0",2,",,,0",36.5,",0",45,",,,0",27.9,",,,0"
USC00212698,2005-12,,,0,"1,0",12,"1,0",4,"1,0",31,",0",7,"1,0",11,",0",31,",0",24,"1,0",0,"1,0",0,"1,0",-13,",0,08,+",7,",,0,14,",3,"1,,0,14,",0.44,"1,,0,14,",40,"1,0,23,",2806,0,1459,"1,0",1.39,"1,,,0",9.9,"1,,,0",16.2,"1,0",22.5,"1,,,0",9.9,",,,0"
USC00212698,2006-01,0,0,0,",0",8,",0",2,",0",28,",0",1,"2,0",0,",0",31,",0",18,",0",0,",0",0,",0",9,",0,23,+",3,",,0,23,+",1,"2,,0,30,",0.5,",,0,29,",44,",0,27,+",3965,0,1159,",0",0.92,",,,0",1.3,"2,,,0",27.6,",0",33.2,",,,0",22,",,,0"
USC00212698,2006-02,0,0,0,",0",9,",0",2,",0",22,",0",5,"1,0",3,",0",28,",0",17,",0",0,",0",0,",0",-16,",0,18,",5,",,0,20,+",3,"1,,0,16,",0.18,",,0,16,",47,",0,24,",5241,0,1277,",0",0.59,",,,0",10.5,"1,,,0",19.4,",0",28.7,",,,0",10.1,",,,0"
USC00212698,2006-03,0,0,0,"2,0",9,",0",7,",0",20,",0",3,",0",0,"1,0",28,"1,0",8,"1,0",0,"1,0",0,"1,0",9,"1,0,17,",8,",,0,18,+",5,",,0,13,",0.87,",,0,13,",59,"1,0,30,+",6199,0,958,"1,0",2.67,",,,0",8,",,,0",31.7,"2,0",39.2,"1,,,0",24.3,"1,,,0"
USC00212698,2006-04,4,0,4,"1,0",12,",0",9,",0",0,",0",0,",0",0,"1,0",3,"1,0",0,",0",8,",0",0,",0",28,"1,0,08,",0,",,0,30,+",0,",,0,30,+",3.35,",,0,07,",83,",0,13,",6569,0,370,",0",8.15,",,,0",0,",,,0",52.3,"1,0",61.6,",,,0",43.1,"1,,,0"
USC00212698,2006-05,84,0,80,"2,0",9,",0",4,",0",0,",0",0,",0",0,"1,0",0,"1,0",0,"1,0",18,"1,0",1,"1,0",38,"1,0,13,",0,",,0,31,+",0,",,0,31,+",0.5,",,0,09,",93,"1,0,28,",6767,0,198,"1,0",1.31,",,,0",0,",,,0",60.8,"2,0",70.6,"1,,,0",51,"1,,,0"
USC00212698,2006-06,273,0,188,",0",11,",0",8,",0",0,",0",0,",0",0,",0",0,",0",0,",0",29,",0",0,",0",47,",0,12,",0,",,0,30,+",0,",,0,30,+",0.7,",,0,15,",89,",0,30,+",6783,0,15,",0",2.49,",,,0",0,",,,0",70.8,",0",80.9,",,,0",60.6,",,,0"
USC00212698,2006-07,632,0,360,",0",5,",0",3,",0",0,",0",0,",0",0,",0",0,",0",0,",0",31,",0",9,",0",57,",0,05,",0,",,0,31,+",0,",,0,31,+",2.83,",,0,20,",97,",0,16,",0,0,0,",0",3.24,",,,0",0,",,,0",76.6,",0",86.7,",,,0",66.5,",,,0"
USC00212698,2006-08,834,0,201,",0",12,",0",8,",0",0,",0",0,",0",0,",0",0,",0",0,",0",30,",0",0,",0",42,",0,31,",0,",,0,31,+",0,",,0,31,+",5.03,",,0,02,",89,",0,24,",7,0,7,",0",7.4,",,,0",0,",,,0",71.3,",0",80.4,",,,0",62.1,",,,0"
USC00212698,2006-09,860,0,26,",0",12,",0",8,",0",0,",0",0,",0",0,",0",0,",0",0,",0",15,",0",0,",0",37,",0,20,",0,",,0,30,+",0,",,0,30,+",2.34,",,0,17,",83,",0,16,+",216,0,210,",0",4.65,",,,0",0,",,,0",58.9,",0",68.8,",,,0",48.9,",,,0"
USC00212698,2006-10,878,0,18,",0",6,"3,0",2,"3,0",,,0,"2,0",0,",0",14,",0",0,",0",4,",0",0,",0",23,",0,31,",,,0,"2,T,0,18,+",0.22,"3,,0,09,",88,",0,03,",816,0,600,",0",0.43,"3,,,0",0,"2,T,,0",46.2,",0",55.9,",,,0",36.6,",,,0"
USC00212698,2006-11,878,0,0,"1,0",6,",0",5,",0",4,",0",2,",0",0,",0",20,",0",3,"1,0",1,"1,0",0,"1,0",6,",0,30,",4,",,0,10,",4,",,0,10,",0.45,",,0,10,",78,"1,0,08,",1646,0,830,"1,0",1.57,",,,0",6,",,,0",36.3,"1,0",46.4,"1,,,0",26.2,",,,0"
USC00212698,2006-12,878,0,0,",0",5,",0",5,",0",0,",0",0,",0",1,",0",28,",0",7,",0",0,",0",0,",0",-2,",0,07,",0,",T,0,23,+",0,",T,0,23,+",0.95,",,0,31,",53,",0,09,",2758,0,1111,",0",2.42,",,,0",0,",T,,0",29.2,",0",36.8,",,,0",21.5,",,,0"
USC00212698,2007-01,0,0,0,",0",8,",0",3,",0",31,",0",3,"1,0",10,",0",30,",0",20,",0",0,",0",0,",0",-16,",0,16,",11,",,0,24,+",6,"1,,0,15,",0.32,",,0,15,",41,",0,10,+",4227,0,1470,",0",0.7,",,,0",9,"1,,,0",17.6,",0",25.1,",,,0",10.1,",,,0"
USC00212698,2007-02,0,0,0,"1,0",7,"4,0",4,"4,0",28,",0",,,14,"1,0",27,"1,0",23,",0",0,",0",0,",0",-16,"1,0,05,",14,",,0,27,+",,,1.25,"4,,0,25,",44,",0,21,",5669,0,1441,",0",2,"4,,,0",,,11.9,"1,0",19.3,",,,0",4.4,"1,,,0"
USC00212698,2007-03,0,0,0,",0",9,",0",8,",0",18,",0",2,",0",1,",0",21,",0",8,",0",1,",0",0,",0",0,",0,04,",28,",,0,04,+",13,",,0,02,",1.31,",,0,31,",79,",0,27,",6567,0,898,",0",4.34,",,,0",15,",,,0",36,",0",44.5,",,,0",27.5,",,,0"
USC00212698,2007-04,7,0,7,",0",7,"1,0",4,"1,0",,,2,"4,0",0,",0",12,",0",5,",0",6,",0",0,",0",14,",0,07,",,,5,"4,,0,12,",0.84,"1,,0,11,",89,",0,30,",7201,0,634,",0",2.28,"1,,,0",6,"4,,,0",44.1,",0",54.4,",,,0",33.7,",,,0"
USC00212698,2007-05,78,0,71,"2,0",10,",0",6,",0",0,",0",0,",0",0,"2,0",0,"2,0",0,",0",26,",0",1,",0",42,"2,0,17,",0,",,0,31,+",0,",,0,31,+",0.89,",,0,06,",93,",0,22,",7270,0,69,",0",2.04,",,,0",0,",,,0",64.7,"2,0",77.7,",,,0",51.6,"2,,,0"
USC00212698,2007-06,262,0,183,",0",8,",0",5,",0",0,",0",0,",0",0,",0",0,",0",0,",0",30,",0",3,",0",51,",0,07,",0,",,0,30,+",0,",,0,30,+",1.29,",,0,17,",91,",0,27,",7272,0,2,",0",2.49,",,,0",0,",,,0",71,",0",82,",,,0",60,",,,0"
USC00212698,2007-07,557,0,296,"1,0",6,"1,0",3,"1,0",0,",0",0,",0",0,"1,0",0,"1,0",0,",0",31,",0",8,",0",55,"1,0,21,+",0,",,0,31,+",0,",,0,31,+",0.64,"1,,0,27,",95,",0,08,",0,0,0,",0",1.06,"1,,,0",0,",,,0",74.9,"1,0",86.4,",,,0",63.3,"1,,,0"
USC00212698,2007-08,776,0,219,",0",14,"2,0",9,"2,0",0,",0",0,",0",0,",0",0,",0",0,",0",30,",0",3,",0",54,",0,30,",0,",,0,31,+",0,",,0,31,+",2.02,"2,,0,20,",90,",0,28,+",2,0,2,",0",7.31,"2,,,0",0,",,,0",72,",0",81.2,",,,0",62.7,",,,0"
USC00212698,2007-09,874,0,98,"2,0",10,",0",5,",0",0,",0",0,",0",0,"2,0",0,"2,0",0,",0",23,",0",2,",0",38,"2,0,16,+",0,",,0,30,+",0,",,0,30,+",1.2,",,0,30,",90,",0,18,+",106,0,104,",0",3.03,",,,0",0,",,,0",64.8,"2,0",76.7,",,,0",53,"2,,,0"
USC00212698,2007-10,894,0,20,"1,0",12,",0",9,",0",0,",0",0,",0",0,"1,0",2,"1,0",0,",0",9,",0",0,",0",28,"1,0,29,",0,",,0,31,+",0,",,0,31,+",0.7,",,0,15,",87,",0,07,",418,0,311,",0",3.95,",,,0",0,",,,0",55.3,"1,0",65.2,",,,0",45.3,"1,,,0"
USC00212698,2007-11,894,0,0,",0",2,",0",1,",0",1,",0",1,",0",0,",0",20,",0",5,",0",0,",0",0,",0",6,",0,28,+",1,",,0,30,",1,",,0,30,",0.1,",,0,30,",66,",0,12,",1309,0,891,",0",0.17,",,,0",1,",,,0",35.3,",0",44.5,",,,0",26.1,",,,0"
USC00212698,2007-12,894,0,0,",0",10,",0",5,",0",31,",0",6,",0",0,",0",31,",0",29,",0",0,",0",0,",0",1,",0,15,",7,",,0,26,",3,",,0,09,+",0.84,",,0,02,",34,",0,22,+",2818,0,1509,",0",1.97,",,,0",11.1,",,,0",16.3,",0",23.6,",,,0",9,",,,0"
USC00212698,2008-01,0,0,0,",0",6,",0",2,",0",31,",0",3,",0",14,",0",31,",0",24,",0",0,",0",0,",0",-14,",0,24,",8,",,0,25,+",3,",,0,22,",0.22,",,0,22,",43,",0,07,",4460,0,1642,",0",0.51,",,,0",6,",,,0",12,",0",20.3,",,,0",3.8,",,,0"
USC00212698,2008-02,0,0,0,",0",11,",0",4,",0",29,",0",4,"2,0",14,",0",29,",0",26,",0",0,",0",0,",0",-18,",0,21,+",11,",,0,16,+",3,"2,,0,05,",0.28,",,0,05,",34,",0,26,+",5977,0,1517,",0",1.02,",,,0",10,"2,,,0",12.7,",0",21.8,",,,0",3.5,",,,0"
USC00212698,2008-03,0,0,0,",0",12,",0",4,",0",15,",0",4,"4,0",2,",0",29,",0",9,",0",0,",0",0,",0",-9,",0,07,",8,",,0,01,",3,"4,,0,17,",0.18,",,0,17,",52,",0,12,",7130,0,1153,",0",0.72,",,,0",5.9,"4,,,0",27.8,",0",36.5,",,,0",19.1,",,,0"
USC00212698,2008-04,0,0,0,"1,0",11,",0",7,",0",3,"2,0",1,",0",0,"1,0",15,"1,0",0,",0",4,",0",0,",0",20,"1,0,02,",4,"2,,0,01,",4,",,0,01,",1.75,",,0,11,",76,",0,24,",7762,0,632,",0",4.24,",,,0",4,",,,0",43.5,"1,0",53.2,",,,0",33.8,"1,,,0"
USC00212698,2008-05,10,0,10,",0",11,",0",6,",0",0,",0",0,",0",0,",0",0,",0",0,",0",11,",0",0,",0",36,",0,11,",0,",,0,31,+",0,",,0,31,+",1.72,",,0,03,",85,",0,26,",8039,0,277,",0",5.34,",,,0",0,",,,0",56.4,",0",67.1,",,,0",45.7,",,,0"
USC00212698,2008-06,127,0,117,",0",10,",0",7,",0",0,",0",0,",0",0,",0",0,",0",0,",0",28,",0",0,",0",53,",0,16,",0,",,0,30,+",0,",,0,30,+",1.52,",,0,27,",88,",0,26,",8046,0,7,",0",4.62,",,,0",0,",,,0",68.7,",0",78.6,",,,0",58.7,",,,0"
USC00212698,2008-07,387,0,259,"1,0",8,",0",7,",0",0,",0",0,",0",0,"1,0",0,"1,0",0,",0",31,",0",4,",0",55,"1,0,03,",0,",,0,31,+",0,",,0,31,+",0.63,",,0,27,",91,",0,30,+",0,0,0,",0",2.29,",,,0",0,",,,0",73.7,"1,0",84,",,,0",63.4,"1,,,0"
USC00212698,2008-08,555,0,168,",0",7,",0",4,",0",0,",0",0,",0",0,",0",0,",0",0,",0",31,",0",1,",0",48,",0,25,+",0,",,0,31,+",0,",,0,31,+",0.49,",,0,28,",91,",0,04,",7,0,7,",0",1.39,",,,0",0,",,,0",70.2,",0",82.4,",,,0",58,",,,0"
USC00212698,2008-09,618,0,63,",0",12,",0",6,",0",0,",0",0,",0",0,",0",0,",0",0,",0",22,",0",0,",0",41,",0,30,",0,",,0,30,+",0,",,0,30,+",0.37,",,0,29,",87,",0,02,",106,0,99,",0",1.59,",,,0",0,",,,0",63.8,",0",74.7,",,,0",52.9,",,,0"
USC00212698,2008-10,622,0,4,",0",11,",0",4,",0",0,",0",0,",0",0,",0",6,",0",0,",0",9,",0",0,",0",25,",0,28,+",0,",,0,31,+",0,",,0,31,+",1.06,",,0,23,",78,",0,07,",591,0,485,",0",3.05,",,,0",0,",,,0",49.5,",0",60.4,",,,0",38.5,",,,0"
USC00212698,2008-11,622,0,0,",0",9,",0",5,",0",7,"3,0",3,",0",0,",0",22,",0",6,",0",3,",0",0,",0",7,",0,22,+",1,"3,,0,30,+",1,",,0,23,+",0.48,",,0,12,",76,",0,04,",1500,0,909,",0",1.52,",,,0",4.1,",,,0",34.7,",0",42.7,",,,0",26.7,",,,0"
USC00212698,2008-12,622,0,0,"2,0",15,"1,0",8,"1,0",29,"2,0",9,"1,0",10,"2,0",29,"2,0",22,"1,0",0,"1,0",0,"1,0",-14,"2,0,23,+",24,"2,,0,23,+",8,"1,,0,19,",0.59,"1,,0,19,",42,"1,0,03,",2996,0,1496,"1,0",2.31,"1,,,0",31.1,"1,,,0",13.5,"2,0",23,"1,,,0",4,"2,,,0"
USC00212698,2009-01,0,0,0,",0",12,",0",6,",0",31,",0",8,"3,0",18,",0",31,",0",29,",0",0,",0",0,",0",-22,",0,16,+",19,",,0,13,",4,"3,,0,09,",0.31,",,0,09,",33,",0,23,+",4729,0,1733,",0",1.33,",,,0",15,"3,,,0",9.1,",0",19.6,",,,0",-1.4,",,,0"
USC00212698,2009-02,0,0,0,",0",5,",0",3,",0",28,",0",2,",0",7,",0",27,",0",13,",0",0,",0",0,",0",-9,",0,05,+",10,",,0,06,+",4,",,0,27,",0.59,",,0,27,",51,",0,25,",5953,0,1224,",0",1.31,",,,0",8,",,,0",21.3,",0",31.2,",,,0",11.4,",,,0"
USC00212698,2009-03,0,0,0,",0",7,",0",4,",0",15,",0",2,",0",5,",0",24,",0",9,",0",0,",0",0,",0",-4,",0,02,+",6,",,0,04,+",2,",,0,11,+",0.63,",,0,23,",66,",0,17,",6995,0,1042,",0",1.54,",,,0",4,",,,0",31.4,",0",40.5,",,,0",22.3,",,,0"
USC00212698,2009-04,2,0,2,",0",11,",0",5,",0",1,",0",1,",0",0,",0",14,",0",0,",0",3,",0",0,",0",25,",0,08,+",3,",,0,05,",3,",,0,05,",0.97,",,0,27,",86,",0,24,",7598,0,603,",0",2.31,",,,0",3,",,,0",45,",0",55.9,",,,0",34.1,",,,0"
USC00212698,2009-05,32,0,29,",0",10,",0",4,",0",0,",0",0,",0",0,",0",0,",0",0,",0",14,",0",1,",0",37,",0,16,",0,",,0,31,+",0,",,0,31,+",0.59,",,0,09,",92,",0,20,",7825,0,227,",0",1.69,",,,0",0,",,,0",58.6,",0",69.7,",,,0",47.6,",,,0"
USC00212698,2009-06,178,0,146,",0",14,",0",7,",0",0,",0",0,",0",0,",0",0,",0",0,",0",23,",0",2,",0",47,",0,09,+",0,",,0,30,+",0,",,0,30,+",0.66,",,0,13,",96,",0,23,",7902,0,77,",0",2.58,",,,0",0,",,,0",67.3,",0",76.8,",,,0",57.8,",,,0"
USC00212698,2009-07,309,0,131,",0",12,",0",9,",0",0,",0",0,",0",0,",0",0,",0",0,",0",30,",0",0,",0",52,",0,21,+",0,",,0,31,+",0,",,0,31,+",2.57,",,0,10,",88,",0,07,",15,0,15,",0",5,",,,0",0,",,,0",68.8,",0",78.5,",,,0",59.1,",,,0"
USC00212698,2009-08,456,0,147,",0",13,",0",8,",0",0,",0",0,",0",0,",0",0,",0",0,",0",28,",0",0,",0",47,",0,31,+",0,",,0,31,+",0,",,0,31,+",0.71,",,0,20,",89,",0,13,+",33,0,18,",0",2.81,",,,0",0,",,,0",69.2,",0",78.8,",,,0",59.5,",,,0"
USC00212698,2009-09,511,0,55,",0",4,",0",3,",0",0,",0",0,",0",0,",0",0,",0",0,",0",26,",0",0,",0",36,",0,30,",0,",,0,30,+",0,",,0,30,+",2.71,",,0,25,",86,",0,19,",113,0,80,",0",3.31,",,,0",0,",,,0",64.2,",0",76.6,",,,0",51.8,",,,0"
USC00212698,2009-10,511,0,0,",0",21,",0",12,",0",0,"4,0",1,"1,0",0,",0",9,",0",0,",0",0,",0",0,",0",25,",0,11,",0,"4,T,0,13,+",2,"1,,0,13,",1.6,",,0,02,",65,",0,08,+",796,0,683,",0",6.48,",,,0",2,"1,,,0",43,",0",49.9,",,,0",36,",,,0"
USC00212698,2009-11,511,0,0,",0",5,",0",2,",0",0,",0",0,",0",0,",0",15,",0",0,",0",0,",0",0,",0",25,",0,27,",0,",,0,30,+",0,",,0,30,+",0.5,",,0,24,",68,",0,09,",1473,0,677,",0",0.93,",,,0",0,",,,0",42.4,",0",51.6,",,,0",33.3,",,,0"
USC00212698,2009-12,511,0,0,",0",16,",0",10,",0",28,",0",11,",0",9,",0",31,",0",28,",0",0,",0",0,",0",-16,",0,14,",25,",,0,27,+",10,",,0,09,",0.81,",,0,24,",50,",0,02,",3027,0,1553,",0",3.91,",,,0",38.3,",,,0",14.9,",0",22.5,",,,0",7.3,",,,0"
USC00212698,2010-01,0,0,0,",0",8,",0",4,",0",31,",0",3,"1,0",15,",0",31,",0",27,",0",0,",0",0,",0",-27,",0,03,",31,",,0,14,+",5,"1,,0,07,",0.5,",,0,24,",34,",0,25,+",4769,0,1742,",0",1.56,",,,0",9,"1,,,0",8.8,",0",16.2,",,,0",1.4,",,,0"
USC00212698,2010-02,0,0,0,",0",11,",0",4,",0",27,"1,0",7,",0",9,",0",28,",0",27,",0",0,",0",0,",0",-12,",0,26,",36,"1,,0,20,+",6,",,0,09,",0.29,",,0,02,",33,",0,06,",6212,0,1444,",0",1.22,",,,0",17,",,,0",13.4,",0",21.6,",,,0",5.2,",,,0"
USC00212698,2010-03,0,0,0,",0",8,",0",5,",0",18,",0",0,",0",0,",0",19,",0",2,",0",1,",0",0,",0",7,",0,04,",16,",,0,02,+",0,",T,0,20,",0.65,",,0,10,",75,",0,31,",7144,0,932,",0",2.02,",,,0",0,",T,,0",35,",0",42.8,",,,0",27.1,",,,0"
USC00212698,2010-04,2,0,2,",0",11,",0",6,",0",0,",0",0,",0",0,",0",2,",0",0,",0",12,",0",0,",0",31,",0,09,+",0,",,0,30,+",0,",,0,30,+",1.04,",,0,24,",84,",0,02,",7485,0,341,",0",2.7,",,,0",0,",,,0",53.7,",0",65.5,",,,0",42,",,,0"
USC00212698,2010-05,75,0,73,",0",8,",0",4,",0",0,",0",0,",0",0,",0",0,",0",0,",0",17,",0",2,",0",33,",0,09,",0,",,0,31,+",0,",,0,31,+",0.92,",,0,11,",93,",0,25,",7734,0,249,",0",1.81,",,,0",0,",,,0",59.3,",0",70.5,",,,0",48.1,",,,0"
USC00212698,2010-06,188,0,113,",0",18,",0",12,",0",0,",0",0,",0",0,",0",0,",0",0,",0",25,",0",1,",0",52,",0,29,+",0,",,0,30,+",0,",,0,30,+",1.53,",,0,11,",91,",0,23,",7756,0,22,",0",6.79,",,,0",0,",,,0",68,",0",76.9,",,,0",59.1,",,,0"
USC00212698,2010-07,475,0,287,",0",12,",0",8,",0",0,",0",0,",0",0,",0",0,",0",0,",0",31,",0",3,",0",57,",0,02,",0,",,0,31,+",0,",,0,31,+",2.95,",,0,22,",93,",0,18,",0,0,0,",0",9.24,",,,0",0,",,,0",74.3,",0",84.2,",,,0",64.3,",,,0"
USC00212698,2010-08,775,0,300,",0",9,",0",8,",0",0,",0",0,",0",0,",0",0,",0",0,",0",31,",0",5,",0",54,",0,26,",0,",,0,31,+",0,",,0,31,+",1.23,",,0,24,",93,",0,12,",1,0,1,",0",3.84,",,,0",0,",,,0",74.6,",0",85.5,",,,0",63.8,",,,0"
USC00212698,2010-09,799,0,24,"1,0",16,"1,0",9,"1,0",0,",0",0,",0",0,"1,0",0,"1,0",0,"1,0",20,"1,0",0,"1,0",37,"1,0,30,",0,",,0,30,+",0,",,0,30,+",4.3,"1,,0,23,",88,"1,0,21,",146,0,145,"1,0",9.51,"1,,,0",0,",,,0",60.8,"1,0",72.2,"1,,,0",49.5,"1,,,0"
USC00212698,2010-10,814,0,15,",0",4,",0",3,",0",0,",0",0,",0",0,",0",4,",0",0,",0",11,",0",0,",0",28,",0,29,",0,",,0,31,+",0,",,0,31,+",0.37,",,0,24,",89,",0,09,",511,0,365,",0",0.72,",,,0",0,",,,0",53.7,",0",66,",,,0",41.4,",,,0"
USC00212698,2010-11,814,0,0,",0",7,",0",4,",0",15,"3,0",2,"1,0",0,",0",24,",0",5,",0",1,",0",0,",0",7,",0,26,",9,"3,,0,16,+",5,"1,,0,13,",0.36,",,0,14,",70,",0,09,",1423,0,912,",0",1.11,",,,0",9,"1,,,0",34.6,",0",43.4,",,,0",25.8,",,,0"
USC00212698,2010-12,814,0,0,",0",9,",0",7,",0",28,"3,0",7,",0",6,",0",31,",0",26,",0",0,",0",0,",0",-8,",0,14,+",26,"3,,0,25,",8,",,0,12,",1.07,",,0,12,",40,",0,31,",2978,0,1555,",0",2.52,",,,0",25,",,,0",14.8,",0",21.8,",,,0",7.9,",,,0"
USC00212698,2011-01,0,7,0,",7",13,",7",5,",7",31,",7",11,",7",15,",7",31,",7",29,",7",0,",7",0,",7",-20,",7,24,+",21,",,7,20,+",7,",,7,11,",0.43,",,7,11,",34,",7,28,",4705,7,1727,",7",1.46,",,,7",23.9,",,,7",9.3,",7",18.3,",,,7",0.2,",,,7"
USC00212698,2011-02,0,7,0,",7",9,",7",4,",7",,,6,"5,7",9,",7",26,",7",17,",7",0,",7",0,",7",-15,",7,09,",,,6,"5,,7,01,",0.97,",,7,21,",50,",7,18,",6041,7,1335,",7",2.07,",,,7",13.7,"5,,,7",17.3,",7",26.5,",,,7",8.1,",,,7"
USC00212698,2011-03,0,7,0,",7",8,",7",4,",7",20,"2,7",,,2,",7",29,",7",10,",7",0,",7",0,",7",-3,",7,03,+",11,"2,,7,11,+",,,1,",,7,23,",51,",7,21,",7209,7,1168,",7",1.72,",,,7",,,27.3,",7",35.3,",,,7",19.3,",,,7"
USC00212698,2011-04,0,7,0,"3,7",16,",7",9,",7",,,,,0,",7",9,",7",0,"3,7",2,"3,7",0,"3,7",21,",7,01,",,,,,0.77,",,7,26,",72,"3,7,10,",7765,7,556,"3,7",3.35,",,,7",,,44.3,"3,7",54.2,"3,,,7",34.3,",,,7"
USC00212698,2011-05,30,7,30,"1,7",15,"1,7",12,"1,7",,,,,0,"1,7",2,"1,7",0,"1,7",13,"1,7",1,"1,7",31,"1,7,03,",,,,,1.2,"1,,7,21,",93,"1,7,11,",8011,7,246,"1,7",5.99,"1,,,7",,,57.8,"1,7",66.9,"1,,,7",48.6,"1,,,7"
USC00212698,2011-06,171,7,141,",7",13,",7",9,",7",,,,,0,",7",0,",7",0,",7",27,",7",3,",7",53,",7,12,+",,,,,2.4,",,7,15,",100,",7,07,",8036,7,24,",7",6.01,",,,7",,,68.9,",7",78.4,",,,7",59.4,",,,7"
USC00212698,2011-07,561,7,390,",7",11,",7",7,",7",0,",7",0,",7",0,",7",0,",7",0,",7",31,",7",12,",7",59,",7,21,+",0,",,7,31,+",0,",,7,31,+",1.92,",,7,11,",99,",7,19,",0,7,0,",7",4.21,",,,7",0,",,,7",77.6,",7",87.6,",,,7",67.6,",,,7"
USC00212698,2011-08,797,7,235,",7",7,",7",0,",7",0,",7",0,",7",0,",7",0,",7",0,",7",30,",7",4,",7",55,",7,30,+",0,",,7,31,+",0,",,7,31,+",0.08,",,7,30,+",92,",7,02,+",1,7,1,",7",0.35,",,,7",0,",,,7",72.6,",7",83.2,",,,7",61.9,",,,7"
USC00212698,2011-09,869,7,72,",7",7,",7",4,",7",,,,,0,",7",0,",7",0,",7",18,",7",1,",7",37,",7,16,+",,,,,0.23,",,7,20,",92,",7,02,",173,7,172,",7",0.73,",,,7",,,61.7,",7",72.8,",,,7",50.5,",,,7"
USC00212698,2011-10,893,7,24,",7",8,",7",1,",7",,,,,0,",7",7,",7",0,",7",10,",7",0,",7",28,",7,27,",,,,,0.33,",,7,13,",86,",7,06,+",551,7,378,",7",0.59,",,,7",,,53.6,",7",65.7,",,,7",41.5,",,,7"
USC00212698,2011-11,893,7,0,",7",2,",7",0,",7",,,,,0,",7",22,",7",2,",7",0,",7",0,",7",10,",7,21,+",,,,,0.04,",,7,20,",60,",7,13,",1390,7,839,",7",0.05,",,,7",,,37,",7",46.8,",,,7",27.3,",,,7"
USC00212698,2011-12,893,7,0,",7",5,",7",3,",7",,,,,2,",7",31,",7",12,",7",0,",7",0,",7",0,",7,10,+",,,,,0.48,",,7,15,",50,",7,19,",2585,7,1196,",7",1.18,",,,7",,,26.4,",7",34.3,",,,7",18.6,",,,7"
USC00212698,2012-01,0,7,0,",7",8,",7",4,",7",,,,,5,",7",30,",7",17,",7",0,",7",0,",7",-13,",7,21,",,,,,0.28,",,7,01,",54,",7,11,",3877,7,1291,",7",1.02,",,,7",,,23.3,",7",31.8,",,,7",14.9,",,,7"
USC00212698,2012-02,0,7,0,",7",4,",7",3,",7",,,,,2,",7",29,",7",11,",7",0,",7",0,",7",-1,",7,12,+",,,,,1.73,",,7,29,",48,",7,07,+",4992,7,1115,",7",2.54,",,,7",,,26.5,",7",35.3,",,,7",17.8,",,,7"
USC00212698,2012-03,11,7,11,",7",10,",7",5,",7",,,,,0,",7",10,",7",2,",7",9,",7",0,",7",6,",7,05,",,,,,0.55,",,7,20,",81,",7,19,",5548,7,556,",7",1.51,",,,7",,,47.4,",7",58.2,",,,7",36.6,",,,7"
USC00212698,2012-04,11,7,0,",7",13,",7",7,",7",,,,,0,",7",4,",7",0,",7",5,",7",0,",7",27,",7,12,+",,,,,0.81,",,7,15,",82,",7,26,",6002,7,454,",7",3.47,",,,7",,,49.9,",7",61.3,",,,7",38.4,",,,7"
USC00212698,2012-05,85,7,74,",7",13,",7",10,",7",,,,,0,",7",0,",7",0,",7",20,",7",2,",7",46,",7,31,+",,,,,1.55,",,7,05,",91,",7,19,",6109,7,107,",7",6.91,",,,7",,,63.9,",7",74.8,",,,7",53.1,",,,7"
USC00212698,2012-06,305,7,220,",7",8,",7",4,",7",,,,,0,",7",0,",7",0,",7",29,",7",3,",7",46,",7,02,",,,,,1.02,",,7,21,",97,",7,28,",6138,7,29,",7",2.35,",,,7",,,71.4,",7",81.8,",,,7",61,",,,7"
USC00212698,2012-07,737,7,432,",7",6,",7",1,",7",,,,,0,",7",0,",7",0,",7",31,",7",16,",7",63,",7,27,",,,,,0.48,",,7,29,",97,",7,07,",0,7,0,",7",0.72,",,,7",,,78.9,",7",89.3,",,,7",68.6,",,,7"
USC00212698,2012-08,954,7,216,",7",9,",7",4,",7",,,,,0,",7",0,",7",0,",7",30,",7",7,",7",50,",7,18,+",,,,,0.79,",,7,04,",97,",7,31,",16,7,16,",7",1.95,",,,7",,,71.5,",7",82.6,",,,7",60.4,",,,7"
USC00212698,2012-09,1035,7,81,",7",4,",7",3,",7",,,,,0,",7",0,",7",0,",7",23,",7",3,",7",36,",7,24,+",,,,,0.29,",,7,05,",93,",7,12,+",152,7,136,",7",0.69,",,,7",,,63.2,",7",76.9,",,,7",49.4,",,,7"
USC00212698,2012-10,1035,7,0,"1,7",4,"1,7",2,"1,7",0,"1,7",0,"1,7",0,"1,7",10,"1,7",0,"1,7",6,"1,7",0,"1,7",26,"1,7,07,",0,"1,,7,31,+",0,"1,T,7,26,",0.18,"1,,7,19,",81,"1,7,01,",670,7,518,"1,7",0.33,"1,,,7",0,"1,T,,7",47.7,"1,7",57.9,"1,,,7",37.6,"1,,,7"
USC00212698,2012-11,1035,7,0,",7",7,",7",3,",7",0,",7",0,",7",0,",7",19,",7",4,",7",1,",7",0,",7",12,",7,27,+",0,",,7,30,+",0,",T,7,12,",0.28,",,7,11,",74,",7,11,",1499,7,828,",7",0.73,",,,7",0,",T,,7",37.4,",7",47.6,",,,7",27.2,",,,7"
USC00212698,2012-12,1035,7,0,",7",10,",7",6,",7",,,3,"5,7",4,",7",31,",7",18,",7",0,",7",0,",7",-6,",7,26,+",,,4,"5,,7,19,",0.43,",,7,19,",58,",7,03,",2816,7,1317,",7",1.86,",,,7",10.1,"5,,,7",22.5,",7",31.2,",,,7",13.8,",,,7"
USC00212698,2013-01,0,,0,"1,7",4,"1,7",2,"1,7",,,,,7,"1,7",30,"1,7",22,"1,7",0,"1,7",0,"1,7",-9,"1,7,22,+",,,,,0.21,"1,,7,28,",44,"1,7,19,",4251,,1435,"1,7",0.39,"1,,,7",,,17.1,"1,7",26.3,"1,,,7",8,"1,,,7"
USC00212698,2013-02,0,,0,",7",6,",7",2,",7",,,1,"3,7",8,",7",28,",7",20,",7",0,",7",0,",7",-8,",7,03,+",,,7.5,"3,,7,22,",0.67,",,7,11,",42,",7,14,",5561,,1310,",7",1.25,",,,7",8.1,"3,,,7",18.2,",7",26.8,",,,7",9.6,",,,7"
USC00212698,2013-03,0,,0,",7",7,",7",5,",7",27,"4,7",3,",7",0,",7",31,",7",20,",7",0,",7",0,",7",6,",7,08,+",11,"4,,7,05,",4,",,7,04,",0.73,",,7,09,",56,",7,30,",6792,,1231,",7",2.15,",,,7",7.1,",,,7",25.3,",7",33,",,,7",17.6,",,,7"
USC00212698,2013-04,0,,0,",7",11,",7",9,",7",6,"4,7",3,"1,7",0,",7",21,",7",0,",7",4,",7",0,",7",13,",7,01,",6,"4,,7,23,",6,"1,,7,23,",1.97,",,7,10,",81,",7,29,",7578,,786,",7",5.97,",,,7",16,"1,,,7",38.8,",7",48.3,",,,7",29.3,",,,7"
USC00212698,2013-05,31,,31,",7",19,",7",12,",7",0,",7",0,",7",0,",7",3,",7",0,",7",14,",7",1,",7",31,",7,04,+",0,",T,7,02,",0,",T,7,02,",1.1,",,7,17,",97,",7,15,",7888,,310,",7",6.02,",,,7",0,",T,,7",56,",7",65.2,",,,7",46.8,",,,7"
USC00212698,2013-06,194,,163,",7",16,",7",7,",7",,,,,0,",7",0,",7",0,",7",24,",7",0,",7",47,",7,04,+",,,,,1.14,",,7,22,",89,",7,22,+",7932,,44,",7",3.86,",,,7",,,69,",7",78.3,",,,7",59.7,",,,7"
USC00212698,2013-07,480,,286,",7",8,",7",2,",7",,,,,0,",7",0,",7",0,",7",30,",7",7,",7",50,",7,29,+",,,,,0.21,",,7,13,",94,",7,18,",13,,13,",7",0.57,",,,7",,,73.8,",7",84.1,",,,7",63.5,",,,7"
USC00212698,2013-08,686,,206,",7",5,"2,7",5,"2,7",,,,,0,",7",0,",7",0,",7",31,",7",5,",7",54,",7,17,+",,,,,0.85,"2,,7,05,",93,",7,28,+",13,,0,",7",2.2,"2,,,7",,,71.6,",7",81.9,",,,7",61.3,",,,7"
US1MNMT0001,2011-04,,,,,15,",N",9,",N",0,",N",0,",N",,,,,,,,,,,,,0,",T,N,20,+",0.8,",,N,20,",0.78,",,N,26,",,,,,,,3.07,",,,N",1.3,",,,N",,,,,,
US1MNMT0001,2011-05,,,,,15,",N",10,",N",0,",N",0,",N",,,,,,,,,,,,,0,",,N,31,+",0,",,N,31,+",1.34,",,N,21,",,,,,,,5.07,",,,N",0,",,,N",,,,,,
US1MNMT0001,2011-06,,,,,13,",N",8,",N",,,,,,,,,,,,,,,,,,,,,2.69,",,N,15,",,,,,,,5.95,",,,N",,,,,,,,
US1MNMT0001,2011-07,,,,,12,",N",7,",N",,,,,,,,,,,,,,,,,,,,,2.44,",,N,11,",,,,,,,4.9,",,,N",,,,,,,,
US1MNMT0001,2011-08,,,,,9,",N",0,",N",,,,,,,,,,,,,,,,,,,,,0.06,",,N,30,",,,,,,,0.23,",,,N",,,,,,,,
US1MNMT0001,2011-09,,,,,7,",N",3,",N",,,,,,,,,,,,,,,,,,,,,0.24,",,N,02,",,,,,,,0.62,",,,N",,,,,,,,
US1MNMT0001,2011-10,,,,,7,",N",1,",N",0,",N",0,",N",,,,,,,,,,,,,0,",,N,31,+",0,",T,N,20,",0.26,",,N,13,",,,,,,,0.5,",,,N",0,",T,,N",,,,,,
US1MNMT0001,2011-11,,,,,1,",N",0,",N",0,",N",0,",N",,,,,,,,,,,,,0,",T,N,21,+",0.2,",,N,20,",0.06,",,N,20,",,,,,,,0.06,",,,N",0.2,",,,N",,,,,,
US1MNMT0001,2011-12,,,,,6,",N",3,",N",8,",N",1,",N",,,,,,,,,,,,,4,",,N,04,",4.8,",,N,04,",0.51,",,N,15,",,,,,,,1.25,",,,N",5.2,",,,N",,,,,,
US1MNMT0001,2012-01,,,,,8,",N",4,",N",19,",N",4,",N",,,,,,,,,,,,,6,",,N,26,+",2.8,",,N,20,",0.36,",,N,01,",,,,,,,1.11,",,,N",10.6,",,,N",,,,,,
US1MNMT0001,2012-02,,,,,4,",N",3,",N",6,",N",2,",N",,,,,,,,,,,,,3,",,N,14,",2.4,",,N,14,",1.67,",,N,29,",,,,,,,2.46,",,,N",4.1,",,,N",,,,,,
US1MNMT0001,2012-03,,,,,12,",N",8,",N",1,",N",1,",N",,,,,,,,,,,,,2,",,N,05,",2.5,",,N,05,",0.61,",,N,20,",,,,,,,1.69,",,,N",3,",,,N",,,,,,
US1MNMT0001,2012-04,,,,,12,",N",8,",N",0,",N",0,",N",,,,,,,,,,,,,0,",,N,30,+",0,",,N,30,+",0.86,",,N,15,",,,,,,,3.5,",,,N",0,",,,N",,,,,,
US1MNMT0001,2012-05,,,,,13,",N",10,",N",0,",N",0,",N",,,,,,,,,,,,,0,",,N,31,+",0,",,N,31,+",1.32,",,N,05,",,,,,,,6.43,",,,N",0,",,,N",,,,,,
US1MNMT0001,2012-06,,,,,9,",N",4,",N",,,,,,,,,,,,,,,,,,,,,0.97,",,N,21,",,,,,,,2.48,",,,N",,,,,,,,
US1MNMT0001,2012-07,,,,,6,",N",2,",N",,,,,,,,,,,,,,,,,,,,,0.4,",,N,29,",,,,,,,0.69,",,,N",,,,,,,,
US1MNMT0001,2012-08,,,,,9,",N",4,",N",,,,,,,,,,,,,,,,,,,,,1.18,",,N,04,",,,,,,,2.26,",,,N",,,,,,,,
US1MNMT0001,2012-09,,,,,5,",N",3,",N",,,,,,,,,,,,,,,,,,,,,0.27,",,N,05,",,,,,,,0.71,",,,N",,,,,,,,
US1MNMT0001,2012-10,,,,,9,",N",2,",N",0,",N",0,",N",,,,,,,,,,,,,0,",,N,31,+",0,",T,N,26,",0.73,",,N,25,",,,,,,,1.07,",,,N",0,",T,,N",,,,,,
US1MNMT0001,2012-11,,,,,5,",N",3,",N",0,",N",0,",N",,,,,,,,,,,,,0,",,N,30,+",0,",T,N,24,+",0.29,",,N,11,",,,,,,,0.59,",,,N",0,",T,,N",,,,,,
US1MNMT0001,2012-12,,,,,12,",N",7,",N",21,",N",5,",N",,,,,,,,,,,,,9,",,N,31,+",3.5,",,N,20,",0.44,",,N,15,",,,,,,,1.67,",,,N",13.7,",,,N",,,,,,
US1MNMT0001,2013-01,,,,,4,",N",2,",N",19,",N",0,",N",,,,,,,,,,,,,9,",,N,02,+",0,",T,N,31,+",0.22,",,N,28,",,,,,,,0.4,",,,N",0,",T,,N",,,,,,
US1MNMT0001,2013-02,,,,,6,",N",3,",N",14,",N",2,",N",,,,,,,,,,,,,7,",,N,24,+",7.2,",,N,22,",0.69,",,N,11,",,,,,,,1.29,",,,N",9.7,",,,N",,,,,,
US1MNMT0001,2013-03,,,,,9,",N",6,",N",27,",N",4,",N",,,,,,,,,,,,,8,",,N,05,",3.5,",,N,04,",0.73,",,N,09,",,,,,,,2.25,",,,N",10,",,,N",,,,,,
US1MNMT0001,2013-04,,,,,15,",N",9,",N",7,",N",4,",N",,,,,,,,,,,,,7,",,N,23,+",7.1,",,N,11,",1.84,",,N,10,",,,,,,,5.69,",,,N",19.6,",,,N",,,,,,
US1MNMT0001,2013-05,,,,,20,",N",12,",N",0,",N",1,",N",,,,,,,,,,,,,0,",T,N,02,",2.5,",,N,02,",1.03,",,N,17,",,,,,,,5.71,",,,N",2.5,",,,N",,,,,,
US1MNMT0001,2013-06,,,,,15,",N",8,",N",,,,,,,,,,,,,,,,,,,,,1.77,",,N,22,",,,,,,,4.49,",,,N",,,,,,,,
US1MNMT0001,2013-07,,,,,7,",N",3,",N",,,,,,,,,,,,,,,,,,,,,0.17,",,N,13,",,,,,,,0.6,",,,N",,,,,,,,
US1MNMT0001,2013-08,,,,,7,",N",4,",N",,,,,,,,,,,,,,,,,,,,,0.73,",,N,05,",,,,,,,2.15,",,,N",,,,,,,,
US1MNMT0001,2013-09,,,,,5,",N",1,",N",,,,,,,,,,,,,,,,,,,,,0.35,",,N,15,",,,,,,,0.52,",,,N",,,,,,,,
US1MNMT0001,2013-10,,,,,13,",N",5,",N",0,",N",0,",N",,,,,,,,,,,,,0,",,N,31,+",0,",T,N,24,+",1,",,N,15,",,,,,,,2.34,",,,N",0,",T,,N",,,,,,
US1MNMT0001,2013-11,,,,,6,",N",1,",N",5,",N",1,",N",,,,,,,,,,,,,2,",,N,06,",2,",,N,06,",0.39,",,N,06,",,,,,,,0.5,",,,N",3.6,",,,N",,,,,,
US1MNMT0001,2013-12,,,,,9,",N",2,",N",24,",N",5,",N",,,,,,,,,,,,,4,",,N,31,+",3,",,N,25,",0.22,",,N,25,",,,,,,,0.74,",,,N",9.6,",,,N",,,,,,
US1MNMT0001,2014-01,,,,,12,",N",4,",N",31,",N",6,",N",,,,,,,,,,,,,7,",,N,31,",2.7,",,N,01,",0.16,",,N,26,",,,,,,,0.86,",,,N",10.7,",,,N",,,,,,
US1MNMT0001,2014-02,,,,,8,",N",2,",N",28,",N",4,",N",,,,,,,,,,,,,11,",,N,17,",4.2,",,N,17,",0.45,",,N,21,",,,,,,,1.03,",,,N",12.6,",,,N",,,,,,
US1MNMT0001,2014-03,,,,,11,",N",4,",N",15,",N",4,",N",,,,,,,,,,,,,15,",,N,07,+",5.7,",,N,05,",0.31,",,N,05,",,,,,,,1.1,",,,N",12.6,",,,N",,,,,,
US1MNMT0001,2014-04,,,,,13,",N",7,",N",3,",N",1,",N",,,,,,,,,,,,,4,",,N,04,",4,",,N,04,",1.64,",,N,07,",,,,,,,5.15,",,,N",4.5,",,,N",,,,,,
US1MNMT0001,2014-05,,,,,11,",N",4,",N",0,",N",0,",N",,,,,,,,,,,,,0,",,N,31,+",0,",,N,31,+",1.41,",,N,12,",,,,,,,2.41,",,,N",0,",,,N",,,,,,
US1MNMT0001,2014-10,,,,,,,,,0,",N",0,",N",,,,,,,,,,,,,0,",,N,31,+",0,",,N,31,+",,,,,,,,,,,0,",,,N",,,,,,
